aln_col,occupancy,n_obs,top_aa,top_aa_freq,top_class,top_class_freq,H_aa,H_class,C_id,C_chem,C_id_cluster_w,C_chem_cluster_w,chem_minus_id,n_aa_seen,n_aa_above_5pct,hydropathy_mean,hydropathy_rho,volume_mean,volume_rho,charge_mean,charge_rho,aromatic_mean,aromatic_rho,hbond_mean,hbond_rho,polarity_mean,polarity_rho,aa_composition,f_class_aliphatic,f_class_aromatic,f_class_polar,f_class_acidic,f_class_basic,f_class_glycine,f_class_proline,f_class_cysteine,f_aa_A,f_aa_C,f_aa_D,f_aa_E,f_aa_F,f_aa_G,f_aa_H,f_aa_I,f_aa_K,f_aa_L,f_aa_M,f_aa_N,f_aa_P,f_aa_Q,f_aa_R,f_aa_S,f_aa_T,f_aa_V,f_aa_W,f_aa_Y,ref_pos,ref_aa,rsa,chromo_dist,sse,pdb_resid,buried,in_pocket
166,0.54521625163827,416,M,0.8737428248866954,aliphatic,0.9031962466676731,0.7293407880998292,0.4587810622140117,0.8257803267156891,0.8320370651871989,0.8559461006141698,0.9117370438850793,0.00625673847150976,4,2,1.4471609339007023,0.6641884525607826,162.62794211763372,0.9936359149312375,0.03440878968821355,0.8888325894854163,0.06932773738234814,0.48746988600149155,0.27603555451458994,0.517890454733869,6.1429985313664455,0.7111559675563341,M:0.874;H:0.069;I:0.029;R:0.027,0.9031962466676731,0.0,0.0,0.0,0.09680375333232688,0.0,0.0,0.0,0.0,0.0,0.0,0.0,0.0,0.0,0.06932773738234814,0.029453421780977696,0.0,0.0,0.8737428248866954,0.0,0.0,0.0,0.027476015949978734,0.0,0.0,0.0,0.0,0.0,-1,,,,,-1,False,False
208,0.9554390563564875,729,M,0.5483041775056108,aliphatic,0.9297962611399633,1.8967991979944676,0.48767969779077547,0.546906272139949,0.8214570738943268,0.6089450790408916,0.8050586813543588,0.27455080175437774,12,3,2.3943782670992197,0.7400397695547498,148.88835488032083,0.6344148577097675,-0.004376430361765694,0.9820499785633755,0.016448593094061843,0.8714886719480188,0.13087800971330613,0.8459267867935434,6.1052764131203325,0.8075221601452864,M:0.548;V:0.275;A:0.066;L:0.035;S:0.025,0.9297962611399633,0.016448593094061843,0.0400016594152086,0.004376430361765694,0.0,0.0050227980760576794,0.0,0.004354257912942946,0.06581600962097377,0.004354257912942946,0.0,0.004376430361765694,0.004818230897244727,0.0050227980760576794,0.0,0.005146492635314999,0.0,0.035031810833705566,0.5483041775056108,0.014506847852780363,0.0,0.0,0.0,0.025494811562428235,0.0,0.27549777054435826,0.0,0.011630362196817115,1,M,1.125795467879421,22.729400634765625,c,1,False,False
209,0.9580602883355177,731,S,0.6319740789305678,polar,0.6981442902171286,2.0245113439402505,1.4649079952213402,0.5163993147557597,0.4636870037296005,0.48196955839817057,0.4329846069881269,-0.05271231102615925,12,3,-0.7825060870636598,0.7008322158582028,95.92302190906278,0.7810842658957163,-0.0872035990656708,0.6388142536391264,0.011876141319100553,0.9067814521983902,1.6750002929037406,0.5980483712565778,9.387473550443545,0.7361638083641245,S:0.632;A:0.112;E:0.061;N:0.050;G:0.040,0.13769775697406075,0.0,0.6981442902171286,0.09177646934687676,0.015261397468396474,0.039841617016375445,0.01272240869265047,0.004556060284511448,0.11241389058367827,0.004556060284511448,0.030612349944288235,0.06116411940258853,0.0,0.039841617016375445,0.011876141319100553,0.0,0.0,0.0,0.0,0.04992415010653775,0.01272240869265047,0.0,0.0033852561492959204,0.6319740789305678,0.016246061180023107,0.02528386639038248,0.0,0.0,2,S,0.25296972951581403,19.12232208251953,c,2,False,False
448,0.6657929226736566,508,K,0.37864246137615,basic,0.41354621470637576,3.0362912020185986,2.2234659373479095,0.2747126311283401,0.18597367011840704,0.23008184681164523,0.1976783713608271,-0.08873896100993306,16,5,-1.0811025065969793,-0.051018178777352485,144.57790312172872,0.17029114734613549,0.3647265429133715,-0.23012950349003436,0.07096020844350605,0.4763214460763461,1.8666416668377925,0.0914551432095988,8.996621280991057,0.06913172000201362,K:0.379;L:0.144;S:0.120;A:0.051;T:0.051,0.2319668464302817,0.05469952092474837,0.18937402739049206,0.03418505302612237,0.41354621470637576,0.030725688665667647,0.0,0.04550264885631198,0.05106122272348669,0.04550264885631198,0.0,0.03418505302612237,0.007601141638798367,0.030725688665667647,0.016260687518757675,0.0,0.37864246137615,0.14350190821307532,0.004001880981853388,0.0020748310506417044,0.0,0.01608517930240421,0.018643065811468053,0.12041758383797514,0.050796433199471,0.03340183451186628,0.0,0.04709837928595,3,K,0.6800807370977887,17.420175552368164,c,3,False,False
449,0.6854521625163827,523,G,0.6401801351075667,glycine,0.6401801351075667,1.696033958296332,1.4005558318100808,0.5948636262846181,0.48724677791894144,0.5030943010101423,0.4170897267084458,-0.10761684836567664,10,2,-0.351860696798884,0.8450252789151054,77.76048224432006,0.41108215810395554,0.005094754355777183,0.8623819847532732,0.0,1.0,0.5889094441651438,0.47513237952219234,8.882325647646766,0.8273225978062955,G:0.640;S:0.217;L:0.028;T:0.028;M:0.025,0.08149506447300536,0.0,0.24489276441823707,0.01416864082270687,0.019263395178484053,0.6401801351075667,0.0,0.0,0.020476790361243332,0.0,0.01416864082270687,0.0,0.0,0.6401801351075667,0.0,0.007945609585682948,0.012765171104582165,0.02764813924408665,0.025424525281992426,0.0,0.0,0.0,0.006498224073901888,0.21730282092314482,0.027589943495092254,0.0,0.0,0.0,4,G,0.0,14.981758117675781,c,4,True,False
450,0.6867627785058977,524,E,0.46518098125984286,acidic,0.46518098125984286,2.3388893847242866,1.9814873952082788,0.4413029531552348,0.2745636958342814,0.47042130127649706,0.3236890302436234,-0.1667392573209534,11,4,-2.678556932697808,0.528433344399716,136.82315748967295,0.5353952198323915,-0.19868352939042638,-1.8515660671672225,0.0,1.0,1.9919496772440861,0.20207633427897742,11.000255661634982,0.5851477926975749,E:0.465;K:0.223;A:0.123;P:0.054;R:0.044,0.13541059725320628,0.0,0.06569082622687819,0.46518098125984286,0.2664974518694165,0.01366703211212476,0.053553111278531317,0.0,0.12254377774091031,0.0,0.0,0.46518098125984286,0.0,0.01366703211212476,0.0,0.0,0.22282139768327783,0.0,0.0,0.026434243220195913,0.053553111278531317,0.016927355069921227,0.04367605418613867,0.009494009095891412,0.012835218840869637,0.012866819512295968,0.0,0.0,5,E,0.1849264136344328,16.177682876586914,c,5,True,False
451,0.7313237221494102,558,E,0.4829923918448081,acidic,0.5072170455664616,2.4723151214212398,1.7472759709418446,0.40943117437316034,0.36031012572533394,0.30565047089400443,0.3063430368091873,-0.049121048647826404,11,5,-2.0779996403769596,0.2028382370326598,136.46661664831058,0.6852662533683775,-0.44615676194473025,-0.5056980765898054,0.04134283306606375,0.6851677973471721,1.77769667785687,0.44767486971231074,10.60523923028056,0.15629718711657203,E:0.483;Q:0.121;A:0.109;L:0.102;K:0.057,0.21484508991482684,0.0,0.1796690311375228,0.5072170455664616,0.09826883338118875,0.0,0.0,0.0,0.10889358556156702,0.0,0.02422465372165353,0.4829923918448081,0.0,0.0,0.04134283306606375,0.0,0.056926000315125,0.10247219836673878,0.0,0.029310837647170976,0.0,0.12115001972422783,0.0,0.013886843655863939,0.01532133011026007,0.0034793059865210604,0.0,0.0,6,E,0.4679386840272912,17.662599563598633,c,6,False,False
488,0.9515072083879423,726,L,0.4812809927666879,aliphatic,0.7982909456510155,2.379759210799736,1.0923292389572377,0.4315402635288914,0.6000906753393715,0.3902376657152222,0.4804447170952618,0.16855041181048014,14,4,2.9274587507475203,0.5373100103666706,145.6836341416984,0.17543065512261746,-0.008238061108054744,0.9262760105185582,0.03924268590509099,0.7005060772173044,0.16529423359070547,0.8121375883016494,6.000821493852259,0.5902541411114928,L:0.481;V:0.219;G:0.109;I:0.052;A:0.028,0.7982909456510155,0.03924268590509099,0.03300603718329075,0.013101026784248996,0.004862965676194253,0.1094118619069173,0.0,0.002084476893242117,0.02802838480328123,0.002084476893242117,0.0,0.013101026784248996,0.016082677491113986,0.1094118619069173,0.0,0.052311374674609036,0.004862965676194253,0.4812809927666879,0.01744585025630027,0.0,0.0,0.0100867149058471,0.0,0.013544030256695544,0.009375292020748108,0.21922434315013703,0.0,0.023160008413977,7,L,0.2878184532051656,14.84228801727295,c,7,False,False
489,0.9659239842726082,737,I,0.4216679561053802,aliphatic,0.6459632907292885,2.0320137517187624,1.0427801306249391,0.5146071936330354,0.6182309482021778,0.5250345522724009,0.7238781510989629,0.10362375456914241,8,3,3.5721191181323038,0.8486761771126006,170.54029355791278,0.7505951835456921,0.0,1.0,0.3354409709835638,-0.7707826576137331,0.04431920301723773,0.9413349339801201,5.352914429824011,0.9075937797487396,I:0.422;F:0.335;L:0.124;V:0.048;M:0.037,0.6459632907292885,0.3354409709835638,0.018595738287147483,0.0,0.0,0.0,0.0,0.0,0.016214567399233396,0.0,0.0,0.0,0.3354409709835638,0.0,0.0,0.4216679561053802,0.0,0.12394539389625739,0.036542277032162396,0.007127726442942765,0.0,0.0,0.0,0.011468011844204718,0.0,0.04759309629625511,0.0,0.0,8,F,0.023267682393391928,10.060402870178223,c,8,True,False
490,0.9868938401048493,753,K,0.3938239882502635,basic,0.4112499399256828,2.812240861803511,1.9053381290252325,0.328232162338445,0.3024424713230117,0.35185443831745555,0.30067569231598235,-0.02578969101543327,14,6,-2.024892609478133,0.43426572066943925,141.93019754060012,0.47017080467397476,0.3693942380656223,-0.20591111514419658,0.012658568451947353,0.9007186791183986,2.1117510790418565,0.2843143448895753,9.69803543168604,0.4756062416232625,K:0.394;T:0.209;Q:0.083;M:0.063;P:0.060,0.1273628947329689,0.0,0.3598901904650157,0.030462990253307877,0.4112499399256828,0.011108115056127452,0.059925869566897244,0.0,0.026599099333063665,0.0,0.0,0.030462990253307877,0.0,0.011108115056127452,0.012658568451947353,0.0,0.3938239882502635,0.021149903937582277,0.06283078680855479,0.017625971994448802,0.059925869566897244,0.08279272783871536,0.004767383223472003,0.05093363920223017,0.20853785142962136,0.016783104653768182,0.0,0.0,9,T,0.5970298412234284,16.85606575012207,c,9,False,False
491,0.9882044560943644,754,E,0.2784748439233169,acidic,0.30545916776024223,3.105614448350438,2.542311808237642,0.25815319344982135,0.06924198121839531,0.2465902949097809,0.1214847019740154,-0.18891121223142604,13,6,-1.8759221547404565,0.5103737997396022,121.84806685755166,0.13052655064740804,-0.21099385647245733,-0.4641130877902835,0.02341758150818564,0.8183369788433312,1.4071014409151488,0.18197514092656486,9.90249476111098,0.28905477454821216,E:0.278;G:0.184;P:0.137;K:0.084;Q:0.067,0.0771560833360344,0.02341758150818564,0.17824454327873504,0.30545916776024223,0.09446531128778492,0.18398248452119598,0.13727482830782173,0.0,0.011361263856852903,0.0,0.02698432383692534,0.2784748439233169,0.0,0.18398248452119598,0.0,0.0,0.08434903349571365,0.06579481947918149,0.0,0.02176817663436368,0.13727482830782173,0.06746218973896201,0.010116277792071263,0.04509394643169017,0.04392023047371917,0.0,0.0,0.02341758150818564,10,G,0.3280492929311899,14.76552963256836,c,10,False,False
492,0.9882044560943644,754,V,0.17740681774745298,acidic,0.29910249865110505,3.4134589415818977,2.395486261431762,0.18461751862092624,0.12299583415207616,0.21645203703608096,0.21952097536083337,-0.06162168446885008,17,7,-0.7760718100197818,-0.22838494927675157,133.86835467686348,0.5245254760363766,-0.23145395618779768,-0.2895136065882118,0.09906898134393789,0.29100229761829843,1.3659797006547323,0.13536629445946624,9.370271302971622,-0.30324748008635827,V:0.177;D:0.176;E:0.123;N:0.111;P:0.096,0.24318807325980296,0.09732254112522949,0.1949778644829178,0.29910249865110505,0.06922033866014493,0.0,0.09618868382079994,0.0,0.02267508209810769,0.0,0.17595190590806983,0.1231505927430352,0.0868890019197014,0.0,0.0017464402187084053,0.03465115284477355,0.055639088847638615,0.004450951641427607,0.004004068928041124,0.11110578736153953,0.09618868382079994,0.016261913664768753,0.011834809593797905,0.024603259642382802,0.04300690381422669,0.17740681774745298,0.0,0.010433539205528091,11,V,0.4913196782956178,13.787184715270996,b,11,False,False
493,0.9921363040629095,757,M,0.611887198787148,aliphatic,0.9535563922223332,1.7279839913312451,0.3175366814437524,0.5872316325615361,0.8837476144533385,0.6644553445254933,0.925489366192141,0.2965159818918024,7,3,2.53613489802229,0.843681477514521,154.16368740226142,0.7594429177360158,0.0,1.0,0.023197301112714258,0.8200052237449116,0.046492613329905015,0.9506912387817834,5.870300613089299,0.9284740015369688,M:0.612;V:0.216;I:0.053;A:0.049;L:0.024,0.9535563922223332,0.023197301112714258,0.023246306664952508,0.0,0.0,0.0,0.0,0.0,0.0485920221667455,0.0,0.0,0.0,0.023197301112714258,0.0,0.0,0.05306889293727609,0.0,0.02360308808049082,0.611887198787148,0.0,0.0,0.0,0.0,0.0,0.023246306664952508,0.2164051902506728,0.0,0.0,12,V,0.04164235071204175,11.339564323425293,b,12,True,False
494,0.9973787680209698,761,P,0.30242903644548375,basic,0.4550267723505325,2.5175707933276694,1.7067744013449633,0.39862082549038125,0.3751380317883871,0.38373533814511773,0.383424717739802,-0.02348279370199413,12,4,-2.5536291285168944,0.7205146882936972,139.3844430818674,0.4966446980174586,0.3980890335307412,-0.10972676393504255,0.04450214532034989,0.662225970804222,2.1364480468205347,-0.6154597663531272,9.555791650153282,0.673326849966104,P:0.302;K:0.245;T:0.176;R:0.165;H:0.045,0.00624408675017247,0.0,0.21280345301645856,0.016885808031476362,0.4550267723505325,0.0,0.30242903644548375,0.006610843405876432,0.0,0.006610843405876432,0.0,0.016885808031476362,0.0,0.0,0.04450214532034989,0.0,0.24511033437640883,0.004072549984567307,0.002171536765605163,0.012429905649162163,0.30242903644548375,0.006622018630831006,0.16541429265377378,0.017617692740517655,0.17613383599594773,0.0,0.0,0.0,13,P,0.356493703974118,11.408169746398926,b,13,False,False
495,0.9973787680209698,761,I,0.3219183749186244,aliphatic,0.5889951318036287,2.796740481329806,1.5265337995210557,0.3319347815611364,0.44112536855567275,0.32178642300432714,0.4827344970934202,0.10919058699453632,10,6,2.3101132521724606,0.358890666263894,163.7291601173167,0.616476409462352,0.006471573662078041,0.9975065348304368,0.31755646132881277,-0.7214851098508916,0.44828906611283537,0.6223460403563925,6.068208444679436,0.6442231505948701,I:0.322;F:0.187;M:0.167;Y:0.066;H:0.065,0.5889951318036287,0.25284072470803237,0.09344840686755859,0.0,0.06471573662078041,0.0,0.0,0.0,0.008022201781761362,0.0,0.0,0.0,0.1868603351399537,0.0,0.06471573662078041,0.3219183749186244,0.0,0.04402283478943595,0.1673182579637152,0.0,0.0,0.0,0.0,0.03477592329400058,0.05867248357355802,0.047713462350091766,0.0,0.06598038956807868,14,I,0.014541118883239437,7.077704429626465,b,14,True,False
496,0.9973787680209698,761,K,0.520095238884215,basic,0.5535897989978855,2.4123950490770327,1.6322858274969003,0.4237444495900554,0.4024088162736117,0.41297945813983805,0.413142073864623,-0.021335633316443725,13,3,-1.8560967488441698,-0.23251574419511045,157.999496445724,0.7635543012929746,0.40840683696849794,-1.1704367432720861,0.0027058402757212836,0.9785641345097924,2.161578138669846,0.06586014041398658,9.865590083348234,-0.08681030774558773,K:0.520;L:0.142;E:0.099;I:0.045;T:0.045,0.2334040685335249,0.0,0.07025842668735116,0.14274770578123844,0.5535897989978855,0.0,0.0,0.0,0.0,0.0,0.04362019465904962,0.09912751112218882,0.0,0.0,0.0027058402757212836,0.04478891320280845,0.520095238884215,0.14249058648387852,0.009959931169851645,0.008431314547117165,0.0,0.007493562791715795,0.030788719837949192,0.0095954909587563,0.0447380583897619,0.03616463767698631,0.0,0.0,15,L,0.3460154746895406,8.359537124633789,b,15,False,False
497,0.9973787680209698,761,V,0.30642489393376626,aliphatic,0.706932980195253,2.7421729695912016,1.269127381148288,0.34496947566045544,0.5353636469643264,0.3652432147199638,0.5043187198764818,0.19039417130387093,12,5,2.853092962926814,0.5160739468935059,156.0288004938602,0.5678258125801664,-0.0009132997781652167,0.9962410520690024,0.18405158110631517,-0.1929379327796299,0.4272548831763741,0.6569393800913417,5.7705929652793015,0.8552770048774583,V:0.306;L:0.246;Y:0.126;I:0.112;F:0.058,0.706932980195253,0.18405158110631517,0.06712207865801623,0.0009132997781652167,0.0,0.0,0.0009132997781652167,0.040066760484085084,0.008022201781761362,0.040066760484085084,0.0,0.0009132997781652167,0.05849289819635211,0.0,0.0,0.11224846237332127,0.0,0.24603848164307496,0.03419894046332912,0.0,0.0009132997781652167,0.0,0.0,0.0245129705392267,0.042609108118789533,0.30642489393376626,0.0,0.12555868290996305,16,V,0.006940391556970005,6.147428035736084,b,16,True,False
498,0.9973787680209698,761,E,0.2549720789184436,basic,0.4385344196412484,2.88971251024223,1.9983526640314961,0.3097262930657899,0.2683892037262505,0.3077732418946991,0.30644616578918016,-0.04133708933953939,14,4,-2.6222154229252603,0.4786107124114909,155.19484179396176,0.6562790505574938,-0.051165364116685486,-0.8388475747374373,0.40816853788071317,-0.9189036330289837,2.411536454401191,0.034534321091613585,9.976796731024887,0.2606905804403561,E:0.255;H:0.254;R:0.172;Y:0.113;F:0.042,0.04131440028133363,0.154599580401046,0.09999921665428191,0.2614877220262334,0.4385344196412484,0.0,0.0,0.0040646609958566275,0.0,0.0040646609958566275,0.006515643107789815,0.2549720789184436,0.04182899052022427,0.0,0.2535689574796672,0.0,0.013438176827702757,0.006836355245814395,0.0,0.014513983884949355,0.0,0.039353880285876025,0.17152728533387843,0.019435851161829158,0.026695501321627374,0.03447804503551924,0.0,0.11277058988082171,17,E,0.3297125983131306,9.295679092407227,b,17,False,False
499,0.9973787680209698,761,M,0.5070916819229674,aliphatic,0.9948582070184733,1.5675121061549393,0.04649462399316169,0.6255640004516847,0.9829779950784756,0.679203370449814,0.9738219658233205,0.3574139946267909,5,3,2.9473517398510976,0.8634737593468811,164.51851437540557,0.9901602884826836,0.0,1.0,0.005141792981526859,0.9593658326698018,0.0,1.0,5.368517171118276,0.9804547327094315,M:0.507;L:0.316;I:0.158;V:0.014,0.9948582070184733,0.005141792981526859,0.0,0.0,0.0,0.0,0.0,0.0,0.0,0.0,0.0,0.0,0.005141792981526859,0.0,0.0,0.15766760933118093,0.0,0.3160979108782359,0.5070916819229674,0.0,0.0,0.0,0.0,0.0,0.0,0.01400100488608901,0.0,0.0,18,L,0.014288442051825832,9.058575630187988,b,18,True,False
500,0.9973787680209698,761,E,0.46990642547779654,acidic,0.7419530558142318,2.287937230823509,1.226754973257208,0.45347403661932095,0.5508764799267971,0.48000445026222893,0.5729763565042287,0.09740244330747616,12,3,-3.094990759925504,0.7764701887421166,132.07166457467582,0.6863228264465574,-0.6723557886700664,-0.4669872627473417,0.07794157711891034,0.4291221150786425,2.066807347986196,0.794302175398509,11.794101517348484,0.5716613151345298,E:0.470;D:0.272;K:0.051;S:0.045;N:0.043,0.003842938322200122,0.040338762240986495,0.11042544308828489,0.7419530558142318,0.10343980053429669,0.0,0.0,0.0,0.0,0.0,0.27204663033643517,0.46990642547779654,0.03435995913665886,0.0,0.03760281487792384,0.0,0.05128347634973291,0.0,0.0,0.04341223514807117,0.0,0.004856903486190504,0.01455350930663993,0.04454091485025959,0.017615389603763635,0.003842938322200122,0.0,0.005978803104327638,19,D,0.47283892063279226,12.238861083984375,b,19,False,False
501,0.9973787680209698,761,G,0.9825001797702028,glycine,0.9825001797702028,0.14454470510297993,0.14454470510297993,0.9654722021462327,0.9470811790626569,0.9658652137337758,0.9476835258997061,-0.018391023083575875,3,1,-0.35596665836620245,0.9872482792076503,60.756061117766436,0.9833684578573765,0.0,1.0,0.0,1.0,0.007905338754633869,0.9957420684729308,8.963696281031133,0.984897927872602,G:0.983,0.00959448147516335,0.0,0.0,0.0,0.0,0.9825001797702028,0.0,0.007905338754633869,0.00959448147516335,0.007905338754633869,0.0,0.0,0.0,0.9825001797702028,0.0,0.0,0.0,0.0,0.0,0.0,0.0,0.0,0.0,0.0,0.0,0.0,0.0,0.0,20,G,0.06844604015350342,13.987293243408203,b,20,True,False
502,0.9973787680209698,761,S,0.25836086828947796,polar,0.578960573008795,2.827137797645101,1.5725671308157327,0.32467368962225307,0.4242722460964524,0.2824467381251561,0.3595431790338294,0.09959855647419935,14,6,-1.3060402696198308,0.4744479515856135,110.30896647522701,0.7711872762021283,-0.2618569767095112,0.1399619078976876,0.001328608438523163,0.9894601311690359,1.8940184850629205,0.7118190796033741,9.88205003938447,0.2122581300143247,S:0.258;T:0.214;D:0.207;N:0.106;E:0.062,0.08430541883623627,0.001328608438523163,0.578960573008795,0.2695979822162486,0.007741005506737382,0.0,0.0,0.05806641199345967,0.03788288870461087,0.05806641199345967,0.2074701629722207,0.06212781924402786,0.0,0.0,0.0,0.019022341294087686,0.00384061738971059,0.010264125070524687,0.004083773285673217,0.10648256142658469,0.0,0.0,0.0039003881170267913,0.25836086828947796,0.2141171432927324,0.013052290481339811,0.001328608438523163,0.0,21,D,0.13609149913096058,15.801020622253418,c,21,True,False
503,0.9973787680209698,761,V,0.7880194941539185,aliphatic,0.9782944368764586,1.111643138043062,0.15091258553655873,0.7344586954704916,0.9447498537873734,0.7911553919538084,0.9269420768727847,0.21029115831688183,5,2,4.095404037733831,0.9702021406732569,146.011537967939,0.9061675506151187,0.0,1.0,0.02170556312354144,0.8313228587299266,0.0,1.0,5.759879673091362,0.9874007905926279,V:0.788;I:0.111;M:0.040;L:0.039;F:0.022,0.9782944368764586,0.02170556312354144,0.0,0.0,0.0,0.0,0.0,0.0,0.0,0.0,0.0,0.0,0.02170556312354144,0.0,0.0,0.11122443500652104,0.0,0.03907403334298758,0.03997647437303141,0.0,0.0,0.0,0.0,0.0,0.0,0.7880194941539185,0.0,0.0,22,V,0.013359062973110155,15.173519134521484,c,22,True,False
504,0.9973787680209698,761,N,0.8973131422210564,polar,0.8973131422210564,0.6639102148256337,0.5957296303817712,0.8414099106970463,0.7818992427651875,0.8258114081746828,0.7703377523330902,-0.059510667931858774,5,1,-3.453507825992136,0.9852430474889667,114.47933259948725,0.9491554173922055,-0.0715305221310272,0.7191057393759497,0.016106902411793248,0.8741145514227076,2.8704356562311686,0.8949965092564169,11.630316670485477,0.9679705836782875,N:0.897;D:0.048;E:0.025;H:0.016;G:0.013,0.0,0.0,0.8973131422210564,0.07314121237220653,0.016106902411793248,0.013438742994943909,0.0,0.0,0.0,0.0,0.0476954807227666,0.025445731649439928,0.0,0.013438742994943909,0.016106902411793248,0.0,0.0,0.0,0.0,0.8973131422210564,0.0,0.0,0.0,0.0,0.0,0.0,0.0,0.0,23,N,0.26151815561147834,19.82237434387207,c,23,False,False
505,0.9973787680209698,761,G,0.875248752478001,glycine,0.875248752478001,0.7523399190929039,0.6971530586373368,0.8202864599899904,0.7447674209189019,0.8124309529296461,0.7366455457956103,-0.07551903907108848,7,2,-0.7321689452908372,0.8850999892199701,67.06272053465729,0.7621411541163186,-0.03286320067267785,0.8690674737998619,0.003470003862624653,0.9725314379889048,0.3217332135977508,0.5833843150667078,9.300263423158748,0.8518968784668024,G:0.875;N:0.078;D:0.025,0.0,0.003470003862624653,0.08305114705229964,0.03286320067267785,0.0,0.875248752478001,0.0,0.00536689593439672,0.0,0.00536689593439672,0.02495786191804399,0.007905338754633865,0.0,0.875248752478001,0.0,0.0,0.0,0.0,0.0,0.07759761448814977,0.0,0.0,0.0,0.0054535325641498775,0.0,0.0,0.0,0.003470003862624653,24,G,0.4709283388577975,21.553390502929688,c,24,False,False
506,0.9973787680209698,761,H,0.686025516499536,basic,0.7629526122230684,1.8387953482577,1.190916797664224,0.5607618139048622,0.5639970850404539,0.6024869602908012,0.5853753947113174,0.003235271135591633,11,3,-2.527696289224095,0.46748429822344273,153.00207976301309,0.9262075084336375,0.0973109773379322,0.4952043697227083,0.6973616405170191,-0.6764770760482286,1.9357777837479355,0.6205845516929083,9.985148006458266,0.602623604870353,H:0.686;K:0.064;Q:0.063;E:0.048;V:0.045,0.11487546827483307,0.01133612401748305,0.0626171254490615,0.04821867003555385,0.7629526122230684,0.0,0.0,0.0,0.010553407596594677,0.0,0.0,0.04821867003555385,0.0,0.0,0.686025516499536,0.009594481475163341,0.06393484616102865,0.01698280785369788,0.03268494685693921,0.0,0.0,0.0626171254490615,0.012992249562503824,0.0,0.0,0.045059824492437964,0.0,0.01133612401748305,25,H,0.3537040097372873,18.409286499023438,c,25,False,False
507,0.9973787680209698,761,K,0.314526967317141,basic,0.40584779932183684,3.060125361545529,2.1483185973611647,0.26901929880202635,0.21348563346457738,0.2110665658012173,0.12605430224589675,-0.05553366533744897,16,5,-2.6969081980749974,0.5818921274558829,145.45695391990063,0.45980017090490644,0.0752160890658223,-1.4170717249983262,0.1465366151339642,0.006548568492983242,2.2348224823944554,0.5277832177804442,10.53550530192825,0.4495322213519316,K:0.315;E:0.236;H:0.076;S:0.068;Y:0.067,0.07386517310302755,0.07029848150751093,0.16389790516654545,0.26201738999220664,0.40584779932183684,0.0,0.022043458353775712,0.00202979255509695,0.0467986566149897,0.00202979255509695,0.0263045011870271,0.23571288880517952,0.0033509033278650785,0.0,0.07623813362645328,0.005877622501421525,0.314526967317141,0.0,0.0,0.036628054222404935,0.022043458353775712,0.038968227844614886,0.015082698378242566,0.06795730467795744,0.020344318421568197,0.021188893986616334,0.0,0.06694757817964585,26,K,0.6059786909717625,18.239343643188477,c,26,False,False
508,0.9973787680209698,761,F,1.0,aromatic,1.0,-0.0,-0.0,1.0,1.0,1.0,1.0,0.0,1,1,2.8,1.0,189.9,1.0,0.0,1.0,1.0,1.0,0.0,1.0,5.2,1.0,F:1.000,0.0,1.0,0.0,0.0,0.0,0.0,0.0,0.0,0.0,0.0,0.0,0.0,1.0,0.0,0.0,0.0,0.0,0.0,0.0,0.0,0.0,0.0,0.0,0.0,0.0,0.0,0.0,0.0,27,F,0.028391669193903606,12.632308959960938,c,27,True,False
509,0.9973787680209698,761,T,0.20181135352091728,polar,0.40457888730047736,2.741576254938741,1.9063382656477843,0.345112014557898,0.3020763143558368,0.33660889767653324,0.2876691918966331,-0.043035700202061156,11,6,-1.3005878566993663,0.21932042579691524,126.98053681426728,0.5280626993918349,-0.09559799145002534,-0.7514129280819777,0.0014937980553400652,0.9881516398440242,1.8509158060042832,0.5681164485160957,9.817881631855762,0.2847077382106784,T:0.202;E:0.200;S:0.199;K:0.169;V:0.118,0.15964167912172622,0.0014937980553400652,0.40457888730047736,0.26494181348624085,0.1693438220362155,0.0,0.0,0.0,0.023980787534474017,0.0,0.06471573662078042,0.20022607686546043,0.0014937980553400652,0.0,0.0,0.009411551384814854,0.1693438220362155,0.0,0.008234764259548487,0.0,0.0,0.0038429383222001222,0.0,0.19892459545735997,0.20181135352091728,0.11801457594288886,0.0,0.0,28,S,0.1591061499810988,13.606487274169922,c,28,True,False
510,0.9973787680209698,761,I,0.3925319709951102,aliphatic,0.8498022505521212,2.1098266578717633,0.6902610845082053,0.49601980717601624,0.747290620537902,0.5476456707037498,0.7523327840662324,0.2512708133618857,7,5,3.830712156039134,0.869832395233655,150.8535339242207,0.7125687417595301,0.0,1.0,0.01816924657335404,0.8582937059135487,0.16836699602123287,0.9042540640821902,5.479098039898779,0.9782585575794285,I:0.393;V:0.308;C:0.132;L:0.095;M:0.051,0.8498022505521212,0.01816924657335404,0.0,0.0,0.0,0.0,0.0,0.13202850287452478,0.002868301453386375,0.13202850287452478,0.0,0.0,0.0,0.0,0.0,0.3925319709951102,0.0,0.09483124217551384,0.05123987124388096,0.0,0.0,0.0,0.0,0.0,0.0,0.3083308646842297,0.0,0.01816924657335404,29,V,0.01026301822443118,9.646958351135254,c,29,True,False
511,0.9973787680209698,761,E,0.32747024535063335,acidic,0.3665082325576075,2.8431490518385036,1.9572999852943849,0.3208490365657386,0.2834188746750391,0.36571126857678726,0.30466237065655644,-0.037430161890699476,12,6,-1.353260720669919,-0.13905227727207414,136.8882275507265,0.6366714753418178,-0.18845458512501823,-1.0914216577939175,0.015163162253617224,0.881376793919302,1.963151092066324,-0.09209054950463491,9.85118767098696,0.08503461726494765,E:0.327;V:0.161;T:0.146;R:0.118;S:0.072,0.22384315002265615,0.0,0.2171860513436471,0.3665082325576075,0.19170049346084478,0.0,0.0,0.0007620726152444189,0.02303351615181379,0.0007620726152444189,0.03903798720697417,0.32747024535063335,0.0,0.0,0.015163162253617224,0.036398252421840145,0.05900626444740097,0.003588133083761347,0.0,0.0,0.0,0.0,0.1175310667598266,0.07165515164042538,0.14553089970322172,0.16082324836524084,0.0,0.0,30,S,0.2681052669402092,10.861416816711426,c,30,False,False
512,0.9973787680209698,761,G,0.8951055874918158,glycine,0.8951055874918158,0.6234527135029317,0.6146283700148729,0.8510741071568444,0.7749802828636604,0.8960625581141393,0.841097186302453,-0.07609382429318401,5,2,-0.310673990646027,0.9638819353897929,63.51879311684776,0.9208117246701545,0.0005798115748871518,0.9997625286380996,0.005798115748871518,0.9542093241600031,0.09820331645013812,0.8986052856111459,8.965736045578224,0.9916253506947513,G:0.895;A:0.056;S:0.042,0.05579275428311519,0.0,0.04330354247619755,0.0,0.005798115748871518,0.8951055874918158,0.0,0.0,0.05579275428311519,0.0,0.0,0.0,0.0,0.8951055874918158,0.005798115748871518,0.0,0.0,0.0,0.0,0.0,0.0,0.0,0.0,0.04192263229180921,0.0013809101843883344,0.0,0.0,0.0,31,G,0.043828597435584433,9.756080627441406,c,31,True,False
513,0.9973787680209698,761,E,0.6048315243459346,acidic,0.6910525487779718,2.1815388195282184,1.5415820299622187,0.4788897226145187,0.43561610682538365,0.441970779205733,0.399269100438696,-0.04327361578913502,13,5,-2.7227908732137336,0.5230133535450807,131.60841576226406,0.5736418298565555,-0.6002947542106035,-0.7336827573436344,0.01484221766721822,0.8838497418413491,1.872162128271992,0.5524050249607106,11.426613236657026,0.5074055570226982,E:0.605;D:0.086;K:0.074;G:0.072;V:0.054,0.06560098004446946,0.00802220178176137,0.06666967871624035,0.6910525487779718,0.09689580886427943,0.07175878181527784,0.0,0.0,0.011635425320948155,0.0,0.08622102443203726,0.6048315243459346,0.00802220178176137,0.07175878181527784,0.006820015885456849,0.0,0.07402068530995888,0.0,0.0,0.025083264612624313,0.0,0.015656782625834385,0.016055107668863693,0.01971084748908522,0.006218783988696431,0.0539655547235213,0.0,0.0,32,E,0.5479553975331943,10.318438529968262,c,32,False,False
514,0.9973787680209698,761,G,0.9966124792954068,glycine,0.9966124792954068,0.03267535811241763,0.03267535811241763,0.9921947458476515,0.9880373243434778,0.9982191052433956,0.9972705224024961,-0.004157421504173753,2,1,-0.3925474544498948,0.9981225477740676,60.19654434008091,0.9982378526447738,0.0,1.0,0.0,1.0,0.0,1.0,8.996951231365868,0.9996001888791056,G:0.997,0.0033875207045932746,0.0,0.0,0.0,0.0,0.9966124792954068,0.0,0.0,0.0033875207045932746,0.0,0.0,0.0,0.0,0.9966124792954068,0.0,0.0,0.0,0.0,0.0,0.0,0.0,0.0,0.0,0.0,0.0,0.0,0.0,0.0,33,G,0.22446478330172026,10.098416328430176,c,33,False,False
515,0.9973787680209698,761,E,0.4301132809413803,acidic,0.48363679574790036,2.853357163191095,2.0059354576733748,0.3184105964651489,0.2656130902833298,0.23139501622610725,0.2229164072673404,-0.05279750618181911,16,4,-2.122981871698409,0.38012788952397536,135.8758401699897,0.554757769439886,-0.36039127434789775,-0.9613928327757328,0.06302939019886432,0.5308792267759437,1.9046038136429635,0.6115517135280436,10.544101140587012,0.20155429301489802,E:0.430;T:0.151;K:0.117;D:0.054;S:0.049,0.07378242886884943,0.05322690578922748,0.23576596232412786,0.48363679574790036,0.13206775736867574,0.02152014990121912,0.0,0.0,0.012522601452727567,0.0,0.05352351480652008,0.4301132809413803,0.03647367734874949,0.02152014990121912,0.009802484409636837,0.017776664580586198,0.11737583889348319,0.012511830592596123,0.0,0.02522675913667815,0.0,0.010885425653770929,0.004889434065555739,0.048658849933360844,0.15099492760031794,0.030971332242939548,0.0,0.016753228440477986,34,E,0.46779598355827845,8.506309509277344,c,34,False,False
516,0.9895150720838795,755,G,0.9570550774008625,glycine,0.9570550774008625,0.29496365484560466,0.2949636548456046,0.9295412070510533,0.8920117563443212,0.9651070712447036,0.9465215633907121,-0.03752945070673208,4,1,-0.41004782336702705,0.9909287618534622,61.553437622874206,0.9587674330687341,0.002545918487992206,0.9895386631437927,0.0,1.0,0.08079679752517543,0.8950810032579789,9.004896736828826,0.9982131351889063,G:0.957;S:0.034,0.006365401568538134,0.0,0.0340336025426072,0.0,0.002545918487992206,0.9570550774008625,0.0,0.0,0.006365401568538134,0.0,0.0,0.0,0.0,0.9570550774008625,0.0,0.0,0.0,0.0,0.0,0.0,0.0,0.0,0.002545918487992206,0.0340336025426072,0.0,0.0,0.0,0.0,35,G,0.00774120596738962,8.958823204040527,c,35,True,False
517,0.9895150720838795,755,K,0.2776206827722367,basic,0.394110571585999,2.4972462610717097,1.7154534480273824,0.40347580333758915,0.37196057248978076,0.40361474432628897,0.407253510007211,-0.031515230847808384,11,4,-3.510118113186882,0.8987424178996074,137.841902416793,0.4670407899327692,0.10492767382685433,-1.7057609057831873,0.02907640396475844,0.7757454103038961,2.847389292486567,0.5630160277100895,11.481349037215878,0.7276088424027931,K:0.278;D:0.262;N:0.240;R:0.108;T:0.038,0.004293415657576145,0.02088919112586698,0.29889241542641554,0.28181440620414233,0.394110571585999,0.0,0.0,0.0,0.0,0.0,0.2622438195025866,0.019570586701555783,0.0,0.0,0.008187212838891459,0.004293415657576145,0.2776206827722367,0.0,0.0,0.23956495958569493,0.0,0.013882453519175325,0.1083026759748708,0.007728801926271602,0.03771620039527368,0.0,0.0,0.02088919112586698,36,D,0.17421625562282425,10.221006393432617,c,36,True,False
518,0.9895150720838795,755,P,0.6399701456666532,proline,0.6399701456666532,1.6029518659647615,1.4236453318768452,0.6170984059366326,0.4787935515022742,0.7263698300181665,0.6262130726163324,-0.13830485443435836,8,2,-0.4873567598275868,0.6761183224485712,108.98801858571612,0.7264788546005332,0.0,1.0,0.03403251476447821,0.7388607572906084,0.12486407662502219,0.8728854279476806,7.955262309622802,0.9312906684158876,P:0.640;A:0.227;S:0.038;F:0.034;T:0.025,0.24713943676264266,0.03403251476447821,0.062432038312511096,0.0,0.0,0.01642586449371474,0.6399701456666532,0.0,0.22740539827616393,0.0,0.0,0.0,0.03403251476447821,0.01642586449371474,0.0,0.01050578211168492,0.0,0.0,0.0,0.0,0.6399701456666532,0.0,0.0,0.03787208659048146,0.024559951722029637,0.0092282563747938,0.0,0.0,37,A,0.07727314705072447,11.674038887023926,c,37,True,False
519,0.9973787680209698,761,Y,0.3944604998224126,aromatic,0.5127063498022725,2.8494701195815484,1.8774278098119432,0.31933910544030353,0.31266063312769266,0.41453260168323136,0.4606015732912595,-0.0066784723126108725,13,5,-1.0828746427076281,0.5811639805035538,158.47068390333212,0.040748596805726844,-0.04172659020397211,0.540680618144765,0.5497072916944605,-0.9662647917613234,1.7671505567856047,0.5554359091631298,7.862234099600072,0.17612652365938453,Y:0.394;T:0.159;F:0.118;N:0.068;S:0.053,0.020200091602949888,0.5127063498022725,0.2799224768719421,0.07914762392788803,0.07072188142688518,0.00405188735932471,0.03324968900873763,0.0,0.0,0.0,0.036050031655809334,0.0430975922720787,0.11824584997985989,0.00405188735932471,0.037000941892188076,0.0,0.02514718392009936,0.020200091602949888,0.0,0.06777714192345612,0.03324968900873763,0.0,0.008573755614597747,0.05307117062875033,0.15907416431973567,0.0,0.0,0.3944604998224126,38,T,0.48527651054914606,13.813827514648438,c,38,False,False
520,0.9973787680209698,761,E,0.5103935387321898,acidic,0.5685836672976425,2.666496512484367,1.8182583542604194,0.3630465225603229,0.33432298195645394,0.46125806070120645,0.4473900812645968,-0.028723540603868947,15,4,-2.43794632397928,0.5833471159685324,139.7807438036101,0.5836749155513301,-0.5321752628551615,-0.31295725302632293,0.14408151446958617,0.02038311665031578,1.9148773530521617,0.7472608175066617,10.645971050892811,0.14152858010463898,E:0.510;Y:0.102;T:0.074;D:0.058;N:0.039,0.08405309360825203,0.10999477346740326,0.16937423520134598,0.5685836672976425,0.06708647134444579,0.0009077590809101936,0.0,0.0,0.032714214833131486,0.0,0.05819012856545275,0.5103935387321898,0.008022201781761365,0.0009077590809101936,0.03408674100218292,0.007379513398717887,0.03299973034226286,0.0,0.02832672392120302,0.03938026606052548,0.0,0.02846346559122075,0.0,0.027085403511138507,0.07444510003846125,0.01563264145519963,0.0,0.10197257168564189,39,Y,0.5451461733973978,12.575296401977539,c,39,False,False
521,0.9973787680209698,761,G,0.9854873132613557,glycine,0.9854873132613557,0.10940703671801151,0.10940703671801151,0.9738656352379848,0.9599453236198382,0.9822115019595198,0.9727365658668631,-0.013920311618146552,2,1,-0.3680720891749828,0.9920464782312354,60.51361157205135,0.9925349486096217,0.0,1.0,0.0,1.0,0.0,1.0,8.986938581935219,0.9983062650492311,G:0.985;A:0.015,0.014512686738644186,0.0,0.0,0.0,0.0,0.9854873132613557,0.0,0.0,0.014512686738644186,0.0,0.0,0.0,0.0,0.9854873132613557,0.0,0.0,0.0,0.0,0.0,0.0,0.0,0.0,0.0,0.0,0.0,0.0,0.0,0.0,40,G,0.010302490912950955,8.850200653076172,c,40,True,False
522,0.9973787680209698,761,K,0.3070645067528346,basic,0.45150579203056607,2.8578598608323262,1.7088002226129795,0.317335024490082,0.3743963645453232,0.3022839554155723,0.39737416836971695,0.057061340055241216,14,4,-2.0661000699587313,0.3984644246503908,144.34017135102715,0.4164961352895903,0.3685761548951224,-0.31256406885761834,0.09515780940543325,0.3160365901382187,2.4907272135067915,0.2823166794260845,9.681539381174872,0.47746053470812544,K:0.307;T:0.292;R:0.102;S:0.071;H:0.042,0.057275892016646214,0.05284630886114171,0.39352272044606496,0.04484928664558122,0.45150579203056607,0.0,0.0,0.0,0.0,0.0,0.03361823609916286,0.011231050546418363,0.01926330835696419,0.0,0.04231150054429155,0.016220729286383878,0.3070645067528346,0.01187563068218962,0.0,0.014994041937037406,0.0,0.015357711363820314,0.10212978473343992,0.07098419493304632,0.29218677221216094,0.029179532048072714,0.0,0.033583000504177514,41,K,0.26037904771707826,8.027145385742188,b,41,False,False
523,0.9973787680209698,761,Q,0.47810606068834643,polar,0.4963759808617817,2.463290708500333,1.76025899073509,0.4115868611197624,0.3555569519637959,0.48309684662816743,0.43993057108498435,-0.056029909155966506,13,5,-0.7288040408258499,-0.36939074769913116,153.97240185265088,0.844691429932471,-0.011869093752393887,0.8280683787198927,0.1391769603817277,0.04830712025486672,1.742379877148208,-0.09727911934575384,8.452918682375296,-0.06507687939676488,Q:0.478;L:0.198;F:0.065;H:0.065;I:0.059,0.3210078157344573,0.07445245173390545,0.4963759808617817,0.029785354644391825,0.07616831867503793,0.0,0.0,0.0022100783504257282,0.0,0.0022100783504257282,0.0,0.029785354644391825,0.06485696077514916,0.0,0.06472450864782221,0.05860553135331001,0.007193951212791041,0.1981762324684813,0.040928132517319735,0.018269920173435237,0.0,0.47810606068834643,0.004249858814424672,0.0,0.0,0.02329791939534627,0.0,0.009595490958756296,42,L,0.02603510007336365,3.4222264289855957,b,42,True,True
524,0.9973787680209698,761,T,0.49063098345222633,polar,0.6356534222694089,2.489246021716683,1.5232919260305509,0.4053868428809284,0.4423122409673832,0.35589950893769406,0.39216217701862954,0.036925398086454786,16,5,-1.4278726295635806,0.5833362117820701,124.41820584174279,0.7134368343821229,-0.1210330290697175,-0.09838925584191771,0.006095977649462335,0.9518713804946727,2.0075805949862953,0.7161145694563171,9.598961665483632,0.44747242144341937,T:0.491;E:0.170;S:0.081;K:0.071;N:0.064,0.07095025960592419,0.0027058402757212815,0.6356534222694089,0.20130779525923695,0.0833258898258864,0.0015635755184224781,0.0,0.004493217245399675,0.004631576360993985,0.004493217245399675,0.031104745431784486,0.17020304982745246,0.0027058402757212815,0.0015635755184224781,0.0033901373737410534,0.008118933423105733,0.0707571449166799,0.00802220178176136,0.0289661792185061,0.06422019550875495,0.0,0.0,0.009178607535465441,0.08080224330842764,0.49063098345222633,0.021211368821557015,0.0,0.0,43,T,0.2926360729128815,7.4938883781433105,b,43,False,False
526,0.9973787680209698,761,L,0.23508465229181708,aliphatic,0.793289295350877,3.013730328406357,1.010317244441851,0.2801018100881152,0.6301158364089667,0.3048321782937984,0.6559514129357908,0.35001402632085155,13,6,2.15980949287568,0.4447606555363558,139.30851512664526,0.1865516436980975,-0.010744387345509082,0.9562135274548277,0.00456134483737174,0.9639319221767517,0.3475821398189063,0.6001698461269085,6.6058103537693444,0.4369476038876483,L:0.235;M:0.216;A:0.137;I:0.134;V:0.071,0.793289295350877,0.00456134483737174,0.13436537405346596,0.010744387345509082,0.0,0.054545454824302335,0.0,0.002494143588473986,0.13674484658793848,0.002494143588473986,0.0,0.010744387345509082,0.00456134483737174,0.054545454824302335,0.0,0.13388001375924802,0.0,0.23508465229181708,0.21624752600569158,0.044974333735511,0.0,0.009894139696971206,0.0,0.04474848613354515,0.034748414487438616,0.07133225670618183,0.0,0.0,44,L,0.006008100153794929,4.30495023727417,b,44,True,True
527,0.9973787680209698,761,K,0.4543081320468365,basic,0.6286063584793525,2.654347380196667,1.4047764584536662,0.3659486197587607,0.48570157717681706,0.3040626096286758,0.3981666615118854,0.11975295741805636,12,7,-3.401019143694361,0.8249510108469374,150.4275898748885,0.5815704889153943,0.4368383392514407,-1.0215613498344287,0.08135656411509486,0.40631624465359495,2.8687015267404976,0.5770680678412867,10.985894622608736,0.7741164472530231,K:0.454;R:0.101;N:0.099;H:0.073;D:0.072,0.009978842821337361,0.007905338754633864,0.22784754354117942,0.1256619164034969,0.6286063584793525,0.0,0.0,0.0,0.0,0.0,0.07245059875863023,0.053211317644866654,0.0,0.0,0.07345122536046099,0.004101220319915836,0.4543081320468365,0.005877622501421526,0.0,0.09910706779612634,0.0,0.03270300932404431,0.10084700107205498,0.024973154704325224,0.07106431171668355,0.0,0.0,0.007905338754633864,45,K,0.21085755299713652,9.393682479858398,b,45,False,False
528,0.9973787680209698,761,L,0.3947880379327619,aliphatic,0.7298224613559946,2.412316030701466,0.8586678592531599,0.42376332493036173,0.6856357300940457,0.5003160589436713,0.7507933951854159,0.26187240516368393,8,6,3.0440331772531053,0.7512293088296995,166.00069709068703,0.5790362568321945,0.0,1.0,0.26818908261559815,-0.5590339384984764,0.14490235208948476,0.8551419169434902,5.437071528861583,0.8928012092983549,L:0.395;F:0.197;I:0.149;M:0.081;A:0.077,0.7298224613559946,0.26818908261559815,0.0,0.0,0.0,0.0,0.0,0.0019884560284071117,0.07710251456492843,0.0019884560284071117,0.0,0.0,0.19673213458505934,0.0,0.0,0.1493182628910229,0.0,0.3947880379327619,0.08086194506518667,0.0,0.0,0.0,0.0,0.0,0.0,0.027751700902094764,0.0,0.07145694803053883,46,F,0.0,5.331122398376465,b,46,True,False
529,0.9973787680209698,761,K,0.32980461195221533,basic,0.40209331172537266,2.9754280898563654,2.0124975717250115,0.2892511729032988,0.2632106547308023,0.21815079045387575,0.20419770404571735,-0.02604051817249653,17,6,-0.5320740034089204,-0.5797803190250128,153.41656897202066,0.6623335950611597,0.312598735570511,-0.4616091427370892,0.05010538655595115,0.6219272010284027,1.8107785266843446,-0.17148254690990972,8.785029320203433,-0.08664031462413235,K:0.330;I:0.170;V:0.158;T:0.095;E:0.056,0.334058740118503,0.02943254694721447,0.13553719031243644,0.07088902050699872,0.40209331172537266,0.0,0.0,0.027989190389474766,0.0024092268384797006,0.027989190389474766,0.015340866994239845,0.05554815351275888,0.0,0.0,0.02067283960873668,0.1700061029657613,0.32980461195221533,0.0012477705065441233,0.002210078350425729,0.00406466099585663,0.0,0.024567374664891912,0.051615860164420685,0.012086382910948344,0.09481877174073954,0.1581855614572922,0.006399030795400667,0.0230335161518138,47,I,0.1123850188279515,12.099815368652344,b,47,True,False
530,0.9973787680209698,761,V,0.483380724966035,aliphatic,0.5500264323191215,1.848466343725582,1.3923014060694778,0.5584516761774247,0.4902687805401814,0.6312029368841185,0.6060461103493886,-0.06818289563724333,7,3,2.9822750736393275,0.6715079759739119,125.30697755385832,0.7053494948887478,0.0,1.0,0.0,1.0,0.5874390979038515,0.7191623366152256,6.1715200475210885,0.788574312581787,V:0.483;C:0.313;S:0.114;I:0.045;T:0.023,0.5500264323191215,0.0,0.13746553022297314,0.0,0.0,0.0,0.0,0.31250803745790523,0.003086807370041421,0.31250803745790523,0.0,0.0,0.0,0.0,0.0,0.044854367382465336,0.0,0.018704532600579762,0.0,0.0,0.0,0.0,0.0,0.11446324076072989,0.023002289462243256,0.483380724966035,0.0,0.0,48,C,0.04277281846828803,14.118172645568848,c,48,True,False
531,0.9960681520314548,760,T,0.6389775952069591,polar,0.6511450795656546,1.7856094374517713,1.419960254183008,0.573466481126448,0.4801426840525218,0.5414796574446057,0.44639505867831386,-0.09332379707392624,9,4,-0.3437477838174622,0.28216774510246867,130.1448308288825,0.7139896937899067,0.0781776733197537,0.34042291795699364,0.0,1.0,1.805551009279841,0.47180435446509894,8.564315931053166,0.5322390867331033,T:0.639;K:0.104;V:0.097;I:0.084;E:0.044,0.18263416004037952,0.0,0.6511450795656546,0.04402154353710614,0.12219921685685985,0.0,0.0,0.0,0.0019227131087402249,0.0,0.0,0.04402154353710614,0.0,0.0,0.0,0.08420634646454794,0.10397290278433756,0.0,0.0,0.009807155658024676,0.0,0.002360328700670847,0.018226314072522284,0.0,0.6389775952069591,0.09650510046709133,0.0,0.0,49,T,0.5003525046415107,15.851462364196777,c,49,False,False
534,0.9973787680209698,761,K,0.31164733328279276,basic,0.3232827853387939,2.31797067556711,1.8489808662822924,0.44629986370015007,0.32307525682343996,0.49944348443244035,0.35744746707200037,-0.12322460687671011,10,4,-2.568740642968001,0.7125528386815505,135.54844440758504,0.4771026750825519,0.01547626701323701,-1.5988172575195567,0.0,1.0,2.249688942446581,0.6889570830725595,10.677048228910937,0.6364860300445123,K:0.312;E:0.280;T:0.257;S:0.050;G:0.033,0.019764043776394947,0.0,0.31628326776756743,0.3078065183255569,0.3232827853387939,0.03286338479168677,0.0,0.0,0.01814912340429768,0.0,0.027764454694410922,0.280042063631146,0.0,0.03286338479168677,0.0,0.0,0.31164733328279276,0.0,0.0,0.008390110131948042,0.0,0.0,0.01163545205600115,0.05048832740773182,0.25740483022788757,0.0016149203720972685,0.0,0.0,50,T,0.4697679475296375,17.616416931152344,c,50,False,False
535,0.5399737876802096,412,G,0.9669344143286663,glycine,0.9669344143286663,0.2425300976289393,0.2425300976289393,0.9420661574671971,0.911208045986891,0.9563804236826684,0.9331467196872566,-0.03085811148030615,3,1,-0.5181063979464385,0.9521845057960336,63.32944075870364,0.7993769599594728,0.01560308236530398,0.9367252517026733,0.0,1.0,0.13040292174460913,0.7121321299674951,9.049598378507001,0.9894823836021032,G:0.967;Q:0.017;R:0.016,0.0,0.0,0.01746250330602974,0.0,0.01560308236530398,0.9669344143286663,0.0,0.0,0.0,0.0,0.0,0.0,0.0,0.9669344143286663,0.0,0.0,0.0,0.0,0.0,0.0,0.0,0.01746250330602974,0.01560308236530398,0.0,0.0,0.0,0.0,0.0,-1,,,,,-1,False,False
536,0.9973787680209698,761,G,0.7861977052742142,glycine,0.7861977052742142,1.1433162374605832,1.0972336900373203,0.7268928536549002,0.5982951217193482,0.6630856679893662,0.5028747897527086,-0.12859773193555202,8,3,-0.4823765096182313,0.817362036217823,72.60472242194308,0.4487044371892015,0.0549239298984599,0.6875993146983246,0.0,1.0,0.2924201766535146,0.5968210729121217,9.131409671002908,0.9067681352298638,G:0.786;A:0.108;K:0.067;S:0.013;E:0.010,0.1081421481131917,0.0,0.026809816968101634,0.01196319987301632,0.06688712977147622,0.7861977052742142,0.0,0.0,0.1081421481131917,0.0,0.0014643757818198796,0.01049882409119644,0.0,0.7861977052742142,0.0,0.0,0.06688712977147622,0.0,0.0,0.009595490958756296,0.0,0.004617262698093705,0.0,0.012597063311251634,0.0,0.0,0.0,0.0,51,G,0.37818145751953125,18.56781005859375,c,51,False,False
537,0.9973787680209698,761,P,0.5849664257484174,proline,0.5849664257484174,1.8097557886868774,1.6607742494729447,0.5676985746939167,0.391979007030418,0.6816543280781755,0.5645401299967449,-0.17571956766349872,8,4,-2.1229835162666584,0.7582311684824916,125.08841994594444,0.6107097230718974,0.10133705647142721,-0.3718451111848107,0.0,1.0,0.9511285879917004,0.07300138920554766,9.288720244615005,0.4870445741083268,P:0.585;K:0.218;D:0.072;A:0.050;E:0.049,0.050203172790827144,0.0,0.011957226113958577,0.12097031395830668,0.2223073704297339,0.0,0.5849664257484174,0.0095954909587563,0.050203172790827144,0.0095954909587563,0.07175715552183196,0.04921315843647472,0.0,0.0,0.0,0.0,0.2179294176301278,0.0,0.0,0.0,0.5849664257484174,0.0,0.004377952799606081,0.0,0.011957226113958577,0.0,0.0,0.0,52,K,0.6782018370547537,18.07305908203125,c,52,False,False
538,1.0,763,L,0.8852273732797754,aliphatic,0.9984001457561279,0.6983481831842075,0.017165450823513194,0.8331836169069546,0.9937156091757834,0.8423366600974964,0.9992234381606062,0.16053199226882875,5,2,3.720974538906529,0.9708890346205984,165.55655790746965,0.9827176086614126,0.0,1.0,0.0,1.0,0.0,1.0,4.988187511830093,0.9888217201051889,L:0.885;M:0.054;V:0.032;I:0.027,0.9984001457561279,0.0,0.0,0.0,0.0,0.0,0.0015998542438720586,0.0,0.0,0.0,0.0,0.0,0.0,0.0,0.0,0.027390412462147486,0.0,0.8852273732797754,0.05385760039380293,0.0,0.0015998542438720586,0.0,0.0,0.0,0.0,0.031924759620402074,0.0,0.0,53,L,0.06797310843396542,12.581352233886719,c,53,True,False
539,1.0,763,P,0.8720607501747261,proline,0.8720607501747261,0.9002718632457735,0.7450825156436556,0.7849495428736831,0.727220113661023,0.801363775690789,0.7494875640342498,-0.05772942921266011,9,1,-1.5240663362830114,0.9228175090250536,112.74560441103817,0.9189670255380855,0.013981545256772901,0.943207629515942,0.0,1.0,0.22129374292302867,0.7140708559710779,8.171422213263664,0.9339486051664339,P:0.872;A:0.030;S:0.029;Q:0.023;T:0.015,0.03374155776521749,0.0,0.07449081132359477,0.0,0.013981545256772901,0.005725335479688598,0.8720607501747261,0.0,0.030061538413782164,0.0,0.0,0.0,0.0,0.005725335479688598,0.0,0.0,0.013981545256772901,0.0036800193514353293,0.0,0.007570196853965881,0.8720607501747261,0.022797287651554587,0.0,0.028732934484483417,0.015390392333590875,0.0,0.0,0.0,54,P,0.17322348348749508,16.64156723022461,c,54,True,False
540,1.0,763,F,0.6384572400836278,aromatic,0.6384572400836278,1.5411841358972775,1.1971603572629768,0.6318530363199227,0.5617112744866697,0.7779084820725235,0.7228148703358975,-0.07014176183325305,6,3,2.718951565456281,0.6817604636573618,175.3814908903035,0.7094100889249716,0.042394375632737735,0.8327582467545,0.6384572400836278,-0.8336104515557852,0.22207788063442793,0.4458841696203163,5.616244260437576,0.8331012618365469,F:0.638;V:0.206;M:0.089;R:0.042;I:0.014,0.30904238181289523,0.6384572400836278,0.0,0.0,0.042394375632737735,0.0,0.0,0.010106002470739256,0.0,0.010106002470739256,0.0,0.0,0.6384572400836278,0.0,0.0,0.014202162356830028,0.0,0.0,0.08932942388200611,0.0,0.0,0.0,0.042394375632737735,0.0,0.0,0.2055107955740591,0.0,0.0,55,V,0.016942549025875397,13.41340160369873,c,55,True,False
541,1.0,763,S,0.39128704546774,aliphatic,0.408356919214238,1.7733140333950472,1.5458815296963149,0.5764035186713272,0.434042030096757,0.6473416656405888,0.48341082166566596,-0.1423614885745702,6,3,0.22402199727091082,0.6851664580512098,96.70393487368196,0.8002019594667946,0.0,1.0,0.0,1.0,0.7902055247911054,0.4809887944650393,8.393625784075198,0.8903731451460515,S:0.391;A:0.366;P:0.193;I:0.042,0.408356919214238,0.0,0.3951027623955527,0.0,0.0,0.0038998967707384626,0.1926404216194708,0.0,0.36596254358150027,0.0,0.0,0.0,0.0,0.0038998967707384626,0.0,0.04239437563273775,0.0,0.0,0.0,0.0,0.1926404216194708,0.0,0.0,0.39128704546774,0.0038157169278126945,0.0,0.0,0.0,56,P,0.06076116981746266,12.062115669250488,c,56,True,False
542,1.0,763,W,0.4023560552867917,aromatic,0.7745300665022243,2.3006601441287287,1.1445834427070467,0.45043487874494115,0.5809600482472929,0.41632525969815304,0.5662841398752199,0.1305251695023517,10,4,0.04278424671675096,0.5734574780717734,188.6038796908433,-0.2402842723457761,-0.02404991425609112,0.9033079163840584,0.7745300665022243,-0.38721095113334436,0.7539432889683926,0.7084048741632172,6.115932389697132,0.6693337820471038,W:0.402;F:0.269;P:0.126;Y:0.103;S:0.042,0.027494226885938035,0.7745300665022243,0.048349518157038515,0.02404991425609112,0.0,0.0,0.1255762741987081,0.0,0.003631841347790537,0.0,0.0,0.02404991425609112,0.26877982678776186,0.0,0.0,0.010517088087708982,0.0,0.0,0.0,0.0,0.1255762741987081,0.0,0.0,0.04239437563273774,0.005955142524300775,0.013345297450438515,0.4023560552867917,0.10339418442767083,57,W,0.05569694251344915,9.223609924316406,c,57,True,False
543,1.0,763,D,0.550966141824105,acidic,0.5638365157786932,2.3557333054068814,1.9128107964069714,0.4372793987263184,0.29970667586916344,0.5763724207659172,0.48178765172540905,-0.13757272285715494,12,4,-2.135900885544365,0.46315450323453133,124.17324041904676,0.32455945219808924,-0.5302340219716871,-0.2964418646772031,0.12988547389226066,0.10225583129559979,1.4554643724302445,0.5353191218235926,10.635814811392931,-0.2257578027014635,D:0.551;P:0.140;A:0.063;Y:0.058;V:0.036,0.10977833184433738,0.11226142785449428,0.024356819584656627,0.5638365157786932,0.049464135240995875,0.0,0.14030276969682257,0.0,0.06341314240083704,0.0,0.550966141824105,0.012870373954588262,0.02202712176236795,0.0,0.01762404603776639,0.0,0.031840089203229484,0.010106002470739256,0.0,0.0,0.14030276969682257,0.0,0.0,0.024356819584656627,0.0,0.03625918697276109,0.03215927016592899,0.05807503592619733,58,P,0.037119319603877994,8.27892017364502,c,58,True,False
544,1.0,763,I,0.5330811896659609,aliphatic,0.7060525772331436,2.1503936531218772,1.1865650620264812,0.4863294555956331,0.5655902856963777,0.6499968648937926,0.747030442434903,0.07926083010074458,8,3,2.6232084552531916,0.20070501502778082,149.0779246548431,0.5214439737144065,0.04239437563273775,0.8327582467544999,0.0,1.0,0.5666090427599912,0.49001780428364994,6.415645689484539,0.5002878567194327,I:0.533;T:0.173;L:0.106;S:0.046;K:0.042,0.7060525772331436,0.0,0.21971295793088902,0.0,0.04239437563273775,0.0,0.0318400892032295,0.0,0.03543231006284556,0.0,0.0,0.0,0.0,0.0,0.0,0.5330811896659609,0.04239437563273775,0.10596317171398131,0.0,0.0,0.0318400892032295,0.0,0.0,0.0463263494491127,0.1733866084817763,0.03157590579035593,0.0,0.0,59,T,0.02284118186595828,8.950753211975098,c,59,True,False
545,1.0,763,L,0.8397483249800257,aliphatic,1.0,0.8214049769753343,-0.0,0.8037886965082748,1.0,0.8109063923048448,1.0,0.19621130349172522,4,2,3.8581168129776926,0.9863577526518764,165.81090923439547,0.9862169927103678,0.0,1.0,0.0,1.0,0.0,1.0,4.978284584697008,0.9932975783704826,L:0.840;I:0.112;V:0.031;M:0.017,1.0,0.0,0.0,0.0,0.0,0.0,0.0,0.0,0.0,0.0,0.0,0.0,0.0,0.0,0.0,0.11217217744716483,0.0,0.8397483249800257,0.01723283054975931,0.0,0.0,0.0,0.0,0.0,0.0,0.0308466670230502,0.0,0.0,60,L,0.0,4.841289520263672,c,60,True,True
546,1.0,763,S,0.3351386071825256,polar,0.4786929782174166,2.6803994568369913,1.418131047686988,0.3597254873702923,0.4808123692613391,0.44436524673595046,0.6003680095746886,0.12108688189104677,10,4,1.1362414581946392,0.47561607612304524,110.9167724163017,0.4591065422843016,0.0013832397895842765,0.9943095566535167,0.0,1.0,0.997275661777554,0.4742480487991052,7.74615522282342,0.6436389368101826,S:0.335;V:0.203;T:0.144;A:0.128;G:0.046,0.43864548348544635,0.0,0.4786929782174166,0.0,0.0013832397895842765,0.045538312533584806,0.0,0.03573998597396796,0.12770288868533622,0.03573998597396796,0.0,0.0,0.0,0.045538312533584806,0.0,0.03873596185731399,0.0013832397895842765,0.02709355868247244,0.042394375632737735,0.0,0.0,0.0,0.0,0.3351386071825256,0.143554371034891,0.20271869862758599,0.0,0.0,61,V,0.0,2.9016940593719482,c,61,True,True
547,1.0,763,T,0.4497277059936817,polar,0.5431734278145725,2.381136614107037,1.739799577426856,0.431211239349668,0.3630472853424568,0.4152480883335201,0.32296751059128403,-0.0681639540072112,13,5,-1.0154106007443617,0.7472966442941182,118.24079979731813,0.7435000549520383,0.052279581703655695,0.8325413564451294,0.09885206070917948,0.29238437888439617,1.4334364143341114,0.4855458974864335,8.686030313478675,0.8278852272533742,T:0.450;P:0.220;H:0.099;S:0.086;A:0.056,0.08063145176463074,0.0,0.5431734278145725,0.0,0.14124643634191722,0.0,0.22036604552073566,0.014582638558143872,0.05597897118336212,0.014582638558143872,0.0,0.0,0.0,0.0,0.09885206070917948,0.0076821055460237556,0.04239437563273774,0.001231695740967519,0.005909695397533905,0.0067517111167132386,0.22036604552073566,0.0008679607135368815,0.0,0.08582604999064064,0.4497277059936817,0.009828983896743464,0.0,0.0,62,T,0.012458826220312785,2.915830612182617,c,62,True,True
548,1.0,763,T,0.23910905981306735,polar,0.5416818127764231,3.124194607777326,1.591893349177664,0.25371489881754616,0.4171967832618755,0.2774664127088553,0.4517717034428921,0.16348188444432932,13,6,0.2615702309619772,0.28378368865604775,116.43332062471535,0.5909185291540167,0.00233298591785343,0.9990613367653056,0.0233298591785343,0.8190012321534692,1.3325973114680194,0.31114661827018864,8.224569973638499,0.5642257711887342,T:0.239;S:0.157;A:0.150;V:0.126;Q:0.116,0.3388175161870103,0.0,0.5416818127764231,0.0,0.0233298591785343,0.017044798568475752,0.022057024615931065,0.05706898867362548,0.1498979323869833,0.05706898867362548,0.0,0.0,0.0,0.017044798568475752,0.0233298591785343,0.01679826586683915,0.0,0.03933191665937946,0.006358603766502107,0.029636844538853572,0.022057024615931065,0.1158681343456255,0.0,0.15706777407887668,0.23910905981306735,0.12643079750730626,0.0,0.0,63,T,0.04103631474250971,3.3590917587280273,c,63,True,True
549,1.0,763,F,0.5035139281915332,aromatic,0.5035139281915332,2.112791355856514,1.4788786274212578,0.49531162147912733,0.45857225820334824,0.5541891971359159,0.500213344405354,-0.03673936327577909,10,4,2.747777105224027,0.6305245682309653,175.30821375010066,0.7643629452783515,0.039322447956136174,0.8162757255935709,0.5096784107011496,-0.9851477893504132,0.27792591587617854,0.4184921060591559,5.474799511782031,0.7752362134681118,F:0.504;L:0.229;I:0.091;M:0.069;C:0.043,0.3994029922041238,0.5035139281915332,0.0014124753037048263,0.0036883759275632114,0.04855885814235417,0.0,0.0,0.04342337023072088,0.0,0.04342337023072088,0.0,0.0036883759275632114,0.5035139281915332,0.0,0.006164482509616421,0.09141287736530215,0.0,0.22852641929847656,0.06938515289959138,0.0,0.0,0.0,0.04239437563273775,0.0014124753037048263,0.0,0.010078542640753717,0.0,0.0,64,F,0.0016772612929344178,1.3350549936294556,c,64,True,True
550,1.0,763,Q,0.19546850910157562,polar,0.3934687291418402,3.2752858137013683,2.270465459360026,0.21762332000868878,0.16876681852375353,0.18091429383174717,0.1660163246617895,-0.048856501484935255,16,5,-0.685587690108051,0.4635267411082361,122.87985676664171,-0.2260367452728429,0.00250074788358722,0.7916066415398655,0.08512946049563415,0.38133561652400527,1.2899926726102637,0.15787032731839912,8.510369287060733,0.3915782401698986,Q:0.195;G:0.193;M:0.164;S:0.103;T:0.089,0.2334271527172543,0.04412868431696855,0.3934687291418402,0.025891006491836795,0.06529245293622306,0.19296495747946935,0.0,0.04482701691640778,0.04679729592759675,0.04482701691640778,0.017781985299292164,0.008109021192544632,0.001734308684230814,0.19296495747946935,0.041000776178665606,0.0,0.02061387994412788,0.02291632242999208,0.16371353435966549,0.00635112343532591,0.0,0.19546850910157562,0.0036777968134295747,0.1025494340237045,0.08909966258123418,0.0,0.042394375632737735,0.0,65,S,0.011813902085827242,0.0,c,65,True,True
551,1.0,763,Y,0.9105966838848194,aromatic,0.9448225557647423,0.5968204617322284,0.33185629802351396,0.8574358276008713,0.8785051033206344,0.9560525610696281,0.958653951957551,0.021069275719763025,6,1,-1.3925512232003168,0.922526265162732,193.2650172410796,0.9565816281658035,0.04318274315480773,0.8327114052828343,0.9527062309854422,0.6420861353647791,2.0779118448101848,0.7583835468918025,6.380608017558514,0.8651415738168177,Y:0.911;R:0.042;W:0.029,0.004899393381820119,0.9448225557647423,0.0,0.0,0.050278050853437596,0.0,0.0,0.0,0.0,0.0,0.0,0.0,0.005246623444465421,0.0,0.007883675220699847,0.0,0.0,0.004899393381820119,0.0,0.0,0.0,0.0,0.04239437563273775,0.0,0.0,0.0,0.02897924843545747,0.9105966838848194,66,Y,0.010424989257928537,0.0,c,66,True,True
552,1.0,763,G,0.9976270043968977,glycine,0.9976270043968977,0.02410977008536496,0.02410977008536496,0.994240831808988,0.9911732456399633,0.9998760655302954,0.9998100525831958,-0.003067586169024694,2,1,-0.39477940967317493,0.998683485201339,60.167630374688414,0.9987643397586723,0.0,1.0,0.0,1.0,0.0,1.0,8.997864303957208,0.9997196427956664,G:0.998,0.0023729956031022822,0.0,0.0,0.0,0.0,0.9976270043968977,0.0,0.0,0.0023729956031022822,0.0,0.0,0.0,0.0,0.9976270043968977,0.0,0.0,0.0,0.0,0.0,0.0,0.0,0.0,0.0,0.0,0.0,0.0,0.0,0.0,67,G,0.003434163733170583,0.0,c,67,True,True
553,1.0,763,N,0.2616930593257684,polar,0.4897181121817692,2.904018969802306,1.7611491932402743,0.30630886906993027,0.35523104264088956,0.43067961058185367,0.480347721513804,0.04892217357095929,14,5,0.021925079149802906,0.012400958906557569,130.30275953854112,0.09904531673717054,-0.0399135869631566,0.838688229329497,0.20854157866360917,-0.31110161356395993,1.4000932161326993,0.110023913190744,8.438088163314582,-0.011833438982211009,N:0.262;S:0.223;F:0.172;V:0.135;A:0.051,0.2544947358121937,0.2009313365630148,0.4897181121817692,0.04067461117321604,0.007610242100594378,0.00657096216921193,0.0,0.0,0.05139443897781976,0.0,0.008834521969986561,0.03184008920322948,0.17211353394075957,0.00657096216921193,0.007610242100594378,0.014468358128219103,0.0,0.017059802809419766,0.036974422293607576,0.2616930593257684,0.0,0.0047586206512612046,0.0,0.22326643220473957,0.0,0.13459771360312744,0.0,0.02881780262225522,68,V,0.01104559843567596,1.3278472423553467,c,68,True,True
554,1.0,763,R,0.3277312414833944,basic,0.6396309062234704,2.7370656241092677,1.5953256811539922,0.3461894815558213,0.4159401826750644,0.4933289642984465,0.5811538772243265,0.06975070111924309,15,5,-3.0743400552640106,0.48857053627208735,165.05208605588993,0.7785602289105,0.5589817513615543,0.017667602955002137,0.20392480523508005,-0.28955461054970355,3.1323695450208895,-0.3432177960676426,9.760200885707148,0.4541898222800125,R:0.328;K:0.222;Q:0.142;Y:0.101;H:0.090,0.061526116392668966,0.11431463316628432,0.15020412477210832,0.0,0.6396309062234704,0.0,0.034324219445468075,0.0,0.004274668929745679,0.0,0.0,0.0,0.013754200482969943,0.0,0.08961017206879573,0.010754917170803239,0.2222894926712803,0.032753027160824795,0.009785198206133815,0.003960150415042465,0.034324219445468075,0.14213525012659756,0.3277312414833944,0.002921272754097218,0.0011874514763710702,0.003958304925161436,0.0,0.10056043268331437,69,Q,0.04762933519151476,3.4206199645996094,c,69,True,True
555,1.0,763,C,0.28230451707198245,aliphatic,0.34216667001776613,3.098780250246128,2.1872043443823177,0.2597856974593602,0.19924929127437985,0.32769230562890617,0.27471674831447435,-0.06053640618498035,14,6,1.2079499758532095,0.34026495351881636,123.39993499109664,0.4821036539775022,0.006039527695210379,0.9976622506316962,0.12766767621817882,0.11533568489927204,0.9716005131997613,0.5098610345706479,7.145043673697472,0.5343566231559096,C:0.282;V:0.159;A:0.143;T:0.111;Q:0.062,0.34216667001776613,0.06727239926607503,0.2178343343623752,0.0,0.06039527695210379,0.0008053879637707628,0.029221414365926693,0.28230451707198245,0.14342257957425553,0.28230451707198245,0.0,0.0,0.031840089203229484,0.0008053879637707628,0.06039527695210379,0.008834521969986563,0.0,0.0025911278666701635,0.028071020716287993,0.0,0.029221414365926693,0.061972153373129724,0.0,0.04490576491211073,0.11095641607713475,0.1592474198905659,0.0,0.03543231006284554,70,C,0.0,6.1198296546936035,c,70,True,False
556,1.0,763,F,0.7481325779907534,aromatic,0.9350783281873478,1.0677175976745552,0.3466799294248955,0.7449513121137701,0.8730780688594826,0.8172700520618206,0.920042108022094,0.1281267567457125,4,3,2.1350595721641543,0.6709075271298865,189.08551648967386,0.9763268462957895,0.0,1.0,0.9350783281873478,0.5177710521707115,0.37389150039318897,0.6699192570173546,5.383161595577459,0.9774065620886558,F:0.748;Y:0.187;I:0.052;L:0.013,0.06492167181265211,0.9350783281873478,0.0,0.0,0.0,0.0,0.0,0.0,0.0,0.0,0.0,0.0,0.7481325779907534,0.0,0.0,0.052307823082199945,0.0,0.012613848730452164,0.0,0.0,0.0,0.0,0.0,0.0,0.0,0.0,0.0,0.18694575019659448,71,F,0.008008059362570446,7.19488000869751,c,71,True,False
557,1.0,763,T,0.2854958102306981,aliphatic,0.5751592528748332,2.684262843171159,1.3789299504396066,0.3588026294746529,0.49516416336063585,0.4121513044734073,0.49647532190026866,0.13636153388598293,10,6,1.5090890840870848,0.45819517140203425,118.92687804284446,0.4343862750024182,0.0,1.0,0.0,1.0,0.714827496260252,0.5033476127770682,7.443602519223845,0.6743510141516351,T:0.285;A:0.260;I:0.141;V:0.113;L:0.062,0.5751592528748332,0.0,0.3489839618431678,0.0,0.0,0.01984925169181708,0.04239437563273773,0.013613157957444265,0.25956834925849837,0.013613157957444265,0.0,0.0,0.0,0.01984925169181708,0.0,0.14104612097956248,0.0,0.061972153373129724,0.0,0.0032464146164720934,0.04239437563273773,0.0,0.0,0.060241736995997615,0.2854958102306981,0.11257262926364262,0.0,0.0,72,S,0.002351802587509155,8.29822063446045,b,72,True,False
558,1.0,763,K,0.4846867371317134,basic,0.7105354867226308,2.4631806265184912,1.372467832119976,0.4116131567105532,0.4975299897808346,0.46946130463702385,0.4649317900471064,0.08591683307028142,11,5,-3.3819009642306774,0.8148119424930512,151.40704608485774,0.4525683464297894,0.6173206835021711,-0.4018334712699796,0.043585955051911165,0.6688627007770187,2.9195657752077815,0.10054780832367083,10.70066949642297,0.8131303529966605,K:0.485;R:0.182;S:0.064;P:0.062;N:0.051,0.009731116916706369,0.0,0.15394481541705002,0.05398744367373973,0.7105354867226308,0.009828983896743467,0.061972153373129765,0.0,0.009731116916706369,0.0,0.01929515120971032,0.03469229246402941,0.0,0.009828983896743467,0.043585955051911165,0.0,0.4846867371317134,0.0,0.0,0.05115516283220844,0.061972153373129765,0.0,0.18226279453900623,0.0644214973951057,0.03836815518973587,0.0,0.0,0.0,73,R,0.327587795953681,11.322456359863281,b,73,False,False
559,1.0,763,Y,0.7099512468108603,aromatic,0.7955239132977012,1.2731804390543466,0.8813566796319079,0.6958718287209478,0.677329195295368,0.7814281655995295,0.8099810414136942,-0.018542633425579824,4,3,-1.0112199397662391,0.6132112841282662,185.5948713022678,0.8507165933202118,0.016208171106956104,0.9944051884528087,0.9576056243672624,0.6775142548351402,1.7440659157608427,0.7576650252131022,6.752776144372579,0.6079479406010856,Y:0.710;H:0.162;F:0.086;I:0.042,0.042394375632737714,0.7955239132977012,0.0,0.0,0.16208171106956104,0.0,0.0,0.0,0.0,0.0,0.0,0.0,0.08557266648684098,0.0,0.16208171106956104,0.042394375632737714,0.0,0.0,0.0,0.0,0.0,0.0,0.0,0.0,0.0,0.0,0.0,0.7099512468108603,74,Y,0.014065367187383963,11.407669067382812,b,74,True,False
560,1.0,763,P,0.909937827993394,proline,0.909937827993394,0.5427627627341293,0.5427627627341294,0.8703487413054335,0.8012907810623571,0.903790546396473,0.85254516174801,-0.06905796024307642,4,2,-1.4410884739700045,0.9364637631644708,112.7049798055711,0.9711998757041312,0.0,1.0,0.0,1.0,0.12609639071308848,0.8717152656127274,8.01783653027486,0.9852186696696273,P:0.910;T:0.063;V:0.015;G:0.012,0.015163343093267716,0.0,0.06304819535654424,0.0,0.0,0.011850633556794114,0.909937827993394,0.0,0.0,0.0,0.0,0.0,0.0,0.011850633556794114,0.0,0.0,0.0,0.0,0.0,0.0,0.909937827993394,0.0,0.0,0.0,0.06304819535654424,0.015163343093267716,0.0,0.0,75,P,0.1594980587749361,16.26821517944336,c,75,True,False
561,1.0,763,D,0.2854385682176638,acidic,0.43415078422316866,2.9447948045085655,2.146879723709608,0.2965686314247441,0.21401241510672708,0.2831316255326959,0.21655563366707575,-0.08255621631801702,11,7,-2.184186167230465,0.522705859071272,116.84571686701358,0.5645836955240617,-0.3301883328439196,-0.7676531866562144,0.0,1.0,1.7076515234255254,0.30742205405096645,10.819985929594365,0.42506968550074387,D:0.285;A:0.164;E:0.149;S:0.098;K:0.089,0.1640467699527909,0.0,0.20165641607503015,0.43415078422316866,0.10396245137924917,0.017676199324705127,0.07850737904505602,0.0,0.1640467699527909,0.0,0.2854385682176638,0.1487122160055049,0.0,0.017676199324705127,0.0,0.0,0.08860921640775361,0.0,0.0,0.028323187460388213,0.07850737904505602,0.06512011128800096,0.015353234971495553,0.09794093052446645,0.010272186802174508,0.0,0.0,0.0,76,D,0.6271197067023558,20.66102409362793,c,76,False,False
562,1.0,763,G,0.3328367559019374,acidic,0.3861129853767209,2.2579102199354604,1.8778662162146895,0.46064667266542714,0.31250012949728856,0.4442877503711623,0.3560486516195597,-0.14814654316813858,9,5,-2.284152981505827,0.729931105495585,103.14572715180904,0.23782379144555554,-0.36635152461563697,-0.05548669470012624,0.17163257821013667,-0.1293754097437767,1.3933737024622381,0.4235285063371258,10.90829353346535,0.5507130804011471,G:0.333;D:0.318;H:0.172;N:0.070;E:0.068,0.006570962169211934,0.0,0.1002485154019229,0.3861129853767209,0.17423078115020693,0.3328367559019374,0.0,0.0,0.0,0.0,0.3179221328825929,0.068190852494128,0.0,0.3328367559019374,0.17163257821013667,0.0,0.002598202940070255,0.0,0.0,0.06959093566446653,0.0,0.0,0.0,0.028350490566551652,0.0023070891709047188,0.006570962169211934,0.0,0.0,77,H,0.44648262432643343,20.079378128051758,c,77,False,False
563,0.9882044560943644,754,I,0.5955927627610738,aliphatic,0.9295673706439372,1.7812285645465322,0.4605030036754035,0.5745129524862074,0.8314066504529126,0.6192779464511626,0.8144703580005493,0.25689369796670525,9,3,3.442247888087339,0.6720565680061477,164.33868599998007,0.879992568032041,0.0035335373874322766,0.9869262617477477,0.04413753430202387,0.6648655548526363,0.14401272116184116,0.849762468117739,5.479674235331688,0.9056911881515343,I:0.596;M:0.204;L:0.105;Y:0.040;T:0.023,0.9295673706439372,0.040276784924856694,0.023147632604323364,0.0,0.007008211826882735,0.0,0.0,0.0,0.015309814994078479,0.0,0.0,0.0,0.0,0.0,0.0038607493771671765,0.5955927627610738,0.003147462449715559,0.10529966620597403,0.20372035225703308,0.0,0.0,0.0,0.0,0.0,0.023147632604323364,0.009644774425777982,0.0,0.040276784924856694,78,M,0.0038297506315367563,15.439950942993164,c,78,True,False
564,1.0,763,P,0.38088051433275005,proline,0.38088051433275005,2.8013640708611334,2.207033280624386,0.3308303318022696,0.19198977993064426,0.37442721972228044,0.2966161311108818,-0.13884055187162536,14,4,-1.4359552057185034,0.3827362525460203,127.98190924303816,0.40125090240701555,0.20310446054182046,-0.010736452595080825,0.005596597036030626,0.9557918612591788,1.1034141660382495,-0.04346974218996791,8.965616331095934,0.4876685927884532,P:0.381;K:0.237;V:0.070;A:0.059;G:0.042,0.17264688300671277,0.0,0.11193499524790369,0.04200091695282387,0.25014231482707194,0.042394375632737735,0.38088051433275005,0.0,0.058808158141276226,0.0,0.0,0.04200091695282387,0.0,0.042394375632737735,0.005596597036030626,0.0,0.2367244587254852,0.005955142524300774,0.03788460564561758,0.014873129776937529,0.38088051433275005,0.02019634628355949,0.007821259065556089,0.041669073099972954,0.03519644608743372,0.06999897669551818,0.0,0.0,79,K,0.28606172335349905,17.905664443969727,c,79,False,False
567,1.0,763,D,0.7382472958894368,acidic,0.7382472958894368,1.330953120722142,1.1730872817421574,0.682071506719014,0.5705245947116464,0.8012920388380731,0.7381875434083851,-0.11154691200736755,5,4,-3.1850834872853144,0.9121179457827158,110.14783792882746,0.8482885232213424,-0.7328575845075208,0.1690619297518433,0.053897113819160576,0.5949398983763149,2.01870031002006,0.8519402310856968,12.30991113292159,0.7566935623349601,D:0.738;N:0.103;S:0.062;H:0.054;G:0.042,0.0,0.0,0.16546121465866487,0.7382472958894368,0.053897113819160576,0.04239437563273775,0.0,0.0,0.0,0.0,0.7382472958894368,0.0,0.0,0.04239437563273775,0.053897113819160576,0.0,0.0,0.0,0.0,0.10348906128553512,0.0,0.0,0.0,0.061972153373129765,0.0,0.0,0.0,0.0,82,D,0.046764610962546554,11.786587715148926,c,82,True,False
568,1.0,763,Y,0.3950776750680959,aromatic,0.8219246052215352,1.9398614343918545,0.8530792634178929,0.5366198753300429,0.687681753862865,0.6117189607926883,0.7389768174849188,0.15106187853282216,8,4,0.8362728669774662,0.41303739316159194,183.84771423976133,0.6265182441298538,0.0,1.0,0.8219246052215352,-0.16265667179622634,0.8255876601990373,0.4928449246423636,5.84037509843923,0.907226541487176,Y:0.395;F:0.391;P:0.082;I:0.079;W:0.035,0.09625398971351808,0.8219246052215352,0.0,0.0,0.0,0.0,0.08182140506494681,0.0,0.0,0.0,0.0,0.0,0.39141462009059375,0.0,0.0,0.07857233114350458,0.0,0.0023818304765221327,0.004421516728875692,0.0,0.08182140506494681,0.0,0.0,0.0,0.0,0.010878311364615671,0.03543231006284555,0.3950776750680959,83,F,0.006709045171737671,10.428857803344727,c,83,True,False
569,1.0,763,F,0.7501733520666911,aromatic,0.8876540320517062,1.405021675781167,0.6295320267710753,0.6643785438769878,0.7695239505640359,0.7139218722984948,0.7836614508241053,0.10514540668704808,11,2,2.0808568878117466,0.6602846925836394,184.93504863444602,0.7213416985209335,0.016668878029381697,0.9344439232205207,0.8929609138247926,0.2407401532821457,0.3225272828685345,0.686209314333025,5.570011859191282,0.8417448883521134,F:0.750;Y:0.126;L:0.033;A:0.032;K:0.016,0.0815139821196936,0.8876540320517062,0.0,0.0,0.021445071625159358,0.0,0.009386914203440637,0.0,0.031840089203229484,0.0,0.0,0.0,0.7501733520666911,0.0,0.005306881773086291,0.006606443820707533,0.01613818985207307,0.03263318862074288,0.0023564007680151686,0.0,0.009386914203440637,0.0,0.0,0.0,0.0,0.008077859706998524,0.011462410203887646,0.12601826978112754,84,F,0.008386305967966716,6.682925224304199,c,84,True,False
935,0.9973787680209698,761,K,0.758416594963368,basic,0.795417536855556,1.2369678445771783,0.9454403770194872,0.7045220324138282,0.6538677083827886,0.7953259538330042,0.7340013598652138,-0.05065432403103953,7,3,-3.2017749947057017,0.48833646508656503,164.60070884784164,0.9495845526736377,0.7657553496949069,0.2540031328893344,0.030482269551279407,0.7652429488531061,2.7362608001701973,0.6083335770318379,10.664784059472636,0.5777984377864075,K:0.758;Q:0.121;L:0.069;H:0.030;V:0.013,0.08135537679861442,0.0,0.12099894178133189,0.002228144564497687,0.795417536855556,0.0,0.0,0.0,0.0,0.0,0.0,0.002228144564497687,0.0,0.0,0.030482269551279407,0.0,0.758416594963368,0.06867691648540132,0.0,0.0,0.0,0.12099894178133189,0.006518672340908671,0.0,0.0,0.012678460313213092,0.0,0.0,85,K,0.06619974718255511,10.848136901855469,c,85,True,False
936,0.9973787680209698,761,Q,0.3904584029092088,polar,0.6686945227294697,2.589060273469351,1.4983273681718865,0.38154393348493343,0.45145193907089654,0.4451068555161021,0.5292177730822811,0.0699080055859631,12,5,-1.8747445087490904,0.37268683075823417,127.91393758453947,0.5180500876024262,-0.10881326901834679,0.5719353456675904,0.06306904994632835,0.5306039129323299,2.1224686884221744,0.44288688008907773,9.785491700272583,0.49026123356630025,Q:0.390;S:0.229;E:0.106;L:0.084;H:0.063,0.13823288274111825,0.0,0.6686945227294697,0.11512017401297962,0.06306904994632835,0.008573755614597747,0.006309614955506492,0.0,0.046681014867623986,0.0,0.009595490958756298,0.10552468305422333,0.0,0.008573755614597747,0.06306904994632835,0.0,0.0,0.08407055371693249,0.0,0.03824279213541019,0.006309614955506492,0.3904584029092088,0.0,0.22943992008825598,0.01055340759659468,0.007481314156561767,0.0,0.0,86,S,0.12891523299678678,13.074312210083008,c,86,True,False
1184,0.9973787680209698,761,S,0.4528788730115175,polar,0.5149063779190015,1.8231055138819263,1.3224065662956788,0.5645096885108525,0.5158577670602951,0.6060231795175657,0.5925976066620289,-0.04865192145055741,7,4,0.6246386411406999,0.7308160372982342,94.56100901176993,0.8864258335109223,0.0,1.0,0.0,1.0,1.1140412171810306,0.5098823560068722,8.31039812957301,0.8078531495100854,S:0.453;A:0.356;C:0.084;T:0.062;V:0.040,0.40086516073797096,0.0,0.5149063779190015,0.0,0.0,0.0,0.0,0.08422846134302756,0.3564489106307013,0.08422846134302756,0.0,0.0,0.0,0.0,0.0,0.0,0.0,0.0013935887293217264,0.003395223681079252,0.0,0.0,0.0,0.0,0.4528788730115175,0.06202750490748398,0.03962743769686869,0.0,0.0,87,A,0.03357539435689764,11.39918041229248,c,87,True,False
1185,0.9973787680209698,761,F,0.5309131645837518,aromatic,0.5374317213003067,1.8286490131429072,1.2964016872925863,0.5631854973428032,0.5253783339636728,0.5360061815240573,0.49139588456171823,-0.03780716337913037,10,2,2.4464551965209447,0.910449938115526,172.05294521188995,0.5434772357554676,0.0,1.0,0.5374317213003067,-0.9747618756936196,0.07439468562613256,0.9304391274030651,5.538576413239794,0.9090237683025486,F:0.531;M:0.311;C:0.038;L:0.038;A:0.037,0.4090415352586839,0.5374317213003067,0.008485493308448562,0.0,0.0,0.00679845799715038,0.0,0.03824279213541018,0.037021431228428006,0.03824279213541018,0.0,0.0,0.5309131645837518,0.00679845799715038,0.0,0.022430494209500117,0.0,0.03813228952495581,0.3114573202958,0.0,0.0,0.008485493308448562,0.0,0.0,0.0,0.0,0.002341699867733128,0.004176856848821782,88,M,0.036671962056841166,7.941586017608643,c,88,True,False
1186,0.9973787680209698,761,P,0.8544014947971664,proline,0.8544014947971664,1.0010109156498799,0.8315953160198452,0.7608857237603439,0.6955471762909962,0.782929200193932,0.7215083701339218,-0.06533854746934775,9,1,-1.5643198891548107,0.8839188305522719,115.49795841714545,0.8967832646114604,0.024939174968686587,0.8541887812743019,0.009776448964113327,0.923099355568516,0.2979586814534019,0.6408484199485988,8.212415562518832,0.8567803064530946,P:0.854;T:0.038;K:0.030;N:0.022;S:0.018,0.022351969286881115,0.0,0.07755095067090853,0.005978803104327643,0.03971678214071622,0.0,0.8544014947971664,0.0,0.0,0.0,0.005978803104327643,0.0,0.0,0.0,0.009776448964113327,0.0,0.0299403331766029,0.014600525415680602,0.0,0.021525276444894187,0.8544014947971664,0.0,0.0,0.017813718635724656,0.03821195559028969,0.007751443871200513,0.0,0.0,89,P,0.3847832109943126,12.599837303161621,c,89,False,False
1188,0.9973787680209698,761,E,0.6337268184200102,acidic,0.7642823939123481,1.8464507348743495,1.253559528006613,0.5589331502993445,0.5410631461759801,0.5042720078463703,0.45772521867647353,-0.01787000412336448,10,4,-2.976362333059598,0.7728191240764211,125.30816039397604,0.6205026414657278,-0.7365887915876874,-0.027469115294284085,0.0,1.0,1.84290886873627,0.6882701745345179,11.79824019026375,0.7318057967116408,E:0.634;D:0.131;G:0.077;N:0.067;A:0.042,0.04523769841048174,0.0,0.08203139448098934,0.7642823939123481,0.027693602324660685,0.0768165115840116,0.003938399287508519,0.0,0.04164956532672039,0.0,0.13055557549233787,0.6337268184200102,0.0,0.0768165115840116,0.0,0.0,0.027693602324660685,0.0,0.0,0.06720048497561325,0.003938399287508519,0.0,0.0,0.007969042780696295,0.006861866724679793,0.003588133083761349,0.0,0.0,90,E,0.34346682287652397,12.14578914642334,b,90,False,False
1191,1.0,763,G,0.9540832865339014,glycine,0.9540832865339014,0.34063096305104845,0.334760807506109,0.9186325294545971,0.8774417422164641,0.9269451690223447,0.8923431400474389,-0.041190787238132964,5,1,-0.3905732899233472,0.9827952043636301,61.619947240895584,0.9650192653248838,-0.006460716141008207,0.9735567102510555,0.0,1.0,0.05703548151387857,0.9398362278349864,9.013130271379934,0.9842858272478826,G:0.954;S:0.022;A:0.017,0.017398972709159445,0.0,0.02205702461593108,0.006460716141008207,0.0,0.9540832865339014,0.0,0.0,0.017398972709159445,0.0,0.004367969470945755,0.002092746670062452,0.0,0.9540832865339014,0.0,0.0,0.0,0.0,0.0,0.0,0.0,0.0,0.0,0.02205702461593108,0.0,0.0,0.0,0.0,91,G,0.0,10.089527130126953,b,91,True,False
1192,1.0,763,Y,0.5548584422767627,aromatic,0.8425922479907035,1.723119847739485,0.7926774420665315,0.5883935441414059,0.7097952803742985,0.5882773307400906,0.7086729987760535,0.12140173623289263,8,3,0.25191284849444495,0.4473375111270529,186.82997665896204,0.8796247179710251,-0.04212593174851535,0.8325541916498347,0.8452766868329272,-0.03889160829763072,1.2055869835332775,0.47693861172628904,6.090260216577567,0.70137280013678,Y:0.555;F:0.288;M:0.050;L:0.050;E:0.042,0.11042478085772539,0.8425922479907035,0.0019041566766096385,0.04239437563273773,0.0026844388422237507,0.0,0.0,0.0,0.0,0.0,0.0,0.04239437563273773,0.28773380571394075,0.0,0.0026844388422237507,0.010517088087708978,0.0,0.04950406430279608,0.05040362846722034,0.0,0.0,0.0019041566766096385,0.0,0.0,0.0,0.0,0.0,0.5548584422767627,92,Y,0.0,4.378256320953369,b,92,True,True
1193,1.0,763,T,0.3257533660923026,polar,0.6273217454138507,2.621491986087722,1.3713346288619983,0.3737968796129788,0.49794486336788024,0.466704824762065,0.6381494189508479,0.12414798375490144,11,6,-0.23688018925655702,0.2017437015917074,124.80376655651472,0.47718311268749625,0.12343280256036424,0.5626878029354043,0.03286292214093735,0.7475299872743522,1.745852011337774,0.38042574981554145,8.576157110429584,0.5531518382179929,T:0.326;S:0.248;V:0.148;K:0.107;I:0.057,0.2186512125875062,0.010176095114352555,0.6273217454138507,0.0,0.14385094688429056,0.0,0.0,0.0,0.013981545256772896,0.0,0.0,0.0,0.010176095114352555,0.0,0.022686827026584797,0.05666039869937453,0.10666537344096229,0.0,0.0,0.003042751218845752,0.0,0.05030226283145328,0.01449874641674347,0.24822336527124905,0.3257533660923026,0.14800926863135877,0.0,0.0,93,V,0.11078540758154858,8.347892761230469,b,93,True,False
1194,1.0,763,W,0.4532432771217071,aromatic,0.5616281222919792,2.4257494306867624,1.3542610592304998,0.42055445111619705,0.5041956158492447,0.5446146413114819,0.6207848816158933,0.08364116473304761,10,5,-1.0080819468528963,0.4210609215826777,185.43841843217547,-0.18497427434798186,0.0,1.0,0.5616281222919792,-0.9557220046900758,1.5536900297317149,0.4133847142718752,7.108355633924139,0.1769129555270048,W:0.453;Q:0.220;Y:0.088;N:0.060;V:0.053,0.1158692671922903,0.5616281222919792,0.32250261051573065,0.0,0.0,0.0,0.0,0.0,0.0,0.0,0.0,0.0,0.020718196822495354,0.0,0.0,0.03184008920322949,0.0,0.02205702461593107,0.009361982514374412,0.0603952769521038,0.0,0.21971295793088913,0.0,0.0,0.04239437563273774,0.05261017085875533,0.4532432771217071,0.08766664834777671,94,Q,0.02957084231906467,2.9600610733032227,b,94,True,True
1195,1.0,763,E,0.6684807165748718,acidic,0.7703711201475534,1.868217555609265,1.1580101093688853,0.5537336489705418,0.5760444522843897,0.6122888765327583,0.5894322930404149,0.022310803313847938,11,4,-3.078994345401468,0.8425317846990108,133.157704382756,0.7926247324272016,-0.7508939415990502,0.08889859065443884,0.06777391014387787,0.49812058130946957,2.001423326628125,0.9283436839929338,11.70115022178731,0.6833034932855419,E:0.668;D:0.102;H:0.054;T:0.053;S:0.042,0.010893722168227673,0.013981545256772891,0.12599616677247427,0.7703711201475534,0.06789030694689765,0.01086713870807411,0.0,0.0,0.0,0.0,0.10189040357268149,0.6684807165748718,0.0,0.01086713870807411,0.05379236488710499,0.0,0.014097942059792671,0.0,0.0,0.017398972709159435,0.0,0.01344813361177639,0.0,0.04239437563273773,0.052754684818800704,0.010893722168227673,0.0,0.013981545256772891,95,E,0.2857726400743151,8.647443771362305,b,95,False,False
1196,1.0,763,R,0.990812270576496,basic,0.9999999999999999,0.07535888699023702,1.6017132519074586e-16,0.9819988119618077,0.9999999999999999,0.9830402831044842,1.0,0.018001188038192173,2,1,-4.494487362345897,0.99962345461625,173.35589889876718,0.999865219745811,0.9999999999999999,0.9999999999999996,0.0,1.0,4.981624541152992,0.9802310027783999,10.507350183538803,0.999148193167944,R:0.991,0.0,0.0,0.0,0.0,0.9999999999999999,0.0,0.0,0.0,0.0,0.0,0.0,0.0,0.0,0.0,0.0,0.0,0.009187729423503923,0.0,0.0,0.0,0.0,0.0,0.990812270576496,0.0,0.0,0.0,0.0,0.0,96,R,0.03565467709172381,2.6702418327331543,b,96,True,True
1197,1.0,763,T,0.41250018398302857,polar,0.605961187936764,2.439011065446664,1.3970876160519303,0.41738660734167654,0.48851651580762356,0.4697763208549778,0.5856902546508216,0.07112990846594702,10,5,-0.1325511080740105,0.16317215214728098,126.09476749184383,0.5694475261538807,0.12015717783201525,0.5440898119170317,0.035432310062845536,0.7285137938258814,1.792328253159857,0.18451793931035299,8.449828742939745,0.5703262889155558,T:0.413;V:0.185;S:0.176;K:0.061;R:0.060,0.23159999072815465,0.0,0.605961187936764,0.0040696887034598495,0.1561159455920361,0.0,0.0,0.0022531870395852685,0.0,0.0022531870395852685,0.0,0.0040696887034598495,0.0,0.0,0.035432310062845536,0.04688108982517714,0.06089028718729341,0.0,0.0,0.01751108944276721,0.0,0.0,0.059793348341897146,0.17594991451096822,0.41250018398302857,0.18471890090297752,0.0,0.0,97,T,0.24455037227896756,11.152596473693848,b,97,False,False
1198,1.0,763,I,0.284549591534321,aliphatic,0.6667295865269082,2.7506160011001786,1.5459713357477871,0.34295266511725875,0.4340091514772769,0.3770588971378145,0.48377022434051975,0.09105648636001817,11,6,2.041966040190892,0.2356974621817367,159.3372374905769,0.732359008549327,-0.01800090131936606,0.5778877529470219,0.11029167428643626,0.22051820821326784,0.5042985717996824,0.5111371085690142,6.463234189467979,0.31832278148173765,I:0.285;M:0.272;F:0.105;T:0.104;L:0.069,0.6667295865269082,0.11029167428643626,0.12018908660181402,0.060395276952103796,0.042394375632737735,0.0,0.0,0.0,0.0,0.0,0.0,0.060395276952103796,0.10548360580325869,0.0,0.0,0.284549591534321,0.042394375632737735,0.06855459121196501,0.272087181508664,0.0,0.0,0.0063305808272785015,0.0,0.009648327110089906,0.10421017866444561,0.041538222271958164,0.0,0.004808068483177564,98,I,0.004086728023393505,8.811305046081543,b,98,True,False
1199,1.0,763,T,0.2933284140101923,polar,0.5491957682406533,3.2799832048923614,1.8359938441829455,0.21650124104102864,0.3278298958570526,0.244693915005331,0.4102506893070266,0.11132865481602394,16,7,-0.8710322517504341,0.0735700909647885,138.85946079519067,0.37152801803528734,0.10487846316524346,0.25565772940654863,0.10842095231656189,0.23212829972334947,2.064141830385664,-0.24760921602095975,8.75562913507975,0.22252635115274388,T:0.293;R:0.121;N:0.102;F:0.101;S:0.078,0.1507570753081033,0.10255876078849124,0.5491957682406533,0.043666980061122546,0.1538214156016296,0.0,0.0,0.0,0.011105645462456534,0.0,0.013981545256772893,0.029685434804349653,0.10112829136902872,0.0,0.005862191528070648,0.046497291366429286,0.026846136332716906,0.05946604399412919,0.016448438351972,0.10158359803266494,0.0,0.07614356615202006,0.12111308774084203,0.07814019004577606,0.2933284140101923,0.017239656133116305,0.0,0.0014304694194625252,99,F,0.3991633415222168,12.822870254516602,b,99,False,False
1200,1.0,763,F,0.5927499829944811,aromatic,0.9339224248229836,1.3062909890374728,0.4133151880551624,0.6879626190696503,0.8486824376458979,0.7351633941267163,0.9478363663058788,0.16071981857624762,5,2,1.2345875265625676,0.5606943315065236,187.4003661901016,0.8417419281786378,0.0,1.0,0.9339224248229836,0.5097918903812394,0.7671336349224803,0.4865335110185055,5.695853978809272,0.9135869999155916,F:0.593;Y:0.341;T:0.042;M:0.022,0.023683199544278756,0.9339224248229836,0.04239437563273775,0.0,0.0,0.0,0.0,0.0,0.0,0.0,0.0,0.0,0.5927499829944811,0.0,0.0,0.0,0.0,0.0016261749283476787,0.02205702461593108,0.0,0.0,0.0,0.0,0.0,0.04239437563273775,0.0,0.0,0.3411724418285024,100,F,0.025865709781646727,12.080669403076172,c,100,True,False
1201,1.0,763,E,0.8116283797469613,acidic,0.8259067854417278,0.8802002612416304,0.7761931566824931,0.7897441025644485,0.7158302917979027,0.8779737184314846,0.8752449782815656,-0.0739138107665458,4,2,-3.5586978181547444,0.9976981539360257,142.58956760874173,0.9179242436987554,-0.679162240054866,-1.1066966105411353,0.0,1.0,2.174093214558272,0.9219383090871096,12.114022734090936,0.9696240403613368,E:0.812;K:0.147;Q:0.027;D:0.014,0.0,0.0,0.02734866917141032,0.8259067854417278,0.14674454538686185,0.0,0.0,0.0,0.0,0.0,0.014278405694766476,0.8116283797469613,0.0,0.0,0.0,0.0,0.14674454538686185,0.0,0.0,0.0,0.0,0.02734866917141032,0.0,0.0,0.0,0.0,0.0,0.0,101,K,0.4900124113438493,15.627123832702637,c,101,False,False
1202,1.0,763,D,0.7934246489834522,acidic,0.7976170012075694,1.0956985159532944,1.0387879309765313,0.7382674319301079,0.6196925202340948,0.8078345566465336,0.7371301928614648,-0.11857491169601309,6,3,-3.224642946441158,0.9141053514035453,109.08736384388195,0.8012764769466154,-0.7895245809838247,0.2644755041423006,0.04239437563273775,0.6775142548351389,1.904330622579168,0.7793117509453171,12.440129742406498,0.7823265302093874,D:0.793;G:0.085;N:0.071;H:0.042,0.0,0.0,0.07091630697238044,0.7976170012075694,0.04624735829320854,0.08521933352684152,0.0,0.0,0.0,0.0,0.7934246489834522,0.004192352224117185,0.0,0.08521933352684152,0.04239437563273775,0.0,0.0038529826604707953,0.0,0.0,0.07091630697238044,0.0,0.0,0.0,0.0,0.0,0.0,0.0,0.0,102,D,0.5256534240406412,19.09099578857422,c,102,False,False
1203,0.9973787680209698,761,G,0.6327510621397306,glycine,0.6327510621397306,1.200486882740735,1.186001011935276,0.7132363417681717,0.565796788354188,0.7333981315258562,0.6049639806604303,-0.14743955341398374,5,2,-1.5447798359401894,0.740285760120037,80.58172544848514,0.48982600125964815,-0.30695374570760864,-0.006298081327187344,0.0,1.0,0.7790227464398125,0.4110855663756119,10.373819743880595,0.49723703154724774,G:0.633;D:0.323;Q:0.026;K:0.016,0.0,0.0,0.028754549285887294,0.32272406714099533,0.015770321433386667,0.6327510621397306,0.0,0.0,0.0,0.0,0.32272406714099533,0.0,0.0,0.6327510621397306,0.0,0.0,0.015770321433386667,0.0,0.0,0.0031999200827214414,0.0,0.02555462920316585,0.0,0.0,0.0,0.0,0.0,0.0,103,D,0.16677006538667827,18.829544067382812,c,103,True,False
1204,0.9973787680209698,761,G,0.8542491909824463,glycine,0.8542491909824463,0.6173661047738985,0.6173661047738985,0.852528032402057,0.773977979144658,0.8018866522526533,0.696362773579099,-0.07855005325739894,3,2,-0.0858585294018886,0.9316317477669727,64.25489964303728,0.9349809541466768,0.0,1.0,0.0,1.0,0.005007930185005076,0.9945759396215411,8.871578633485953,0.9854324401098313,G:0.854;A:0.143,0.1432468439250511,0.0,0.002503965092502538,0.0,0.0,0.8542491909824463,0.0,0.0,0.1432468439250511,0.0,0.0,0.0,0.0,0.8542491909824463,0.0,0.0,0.0,0.0,0.0,0.0,0.0,0.0,0.0,0.002503965092502538,0.0,0.0,0.0,0.0,104,G,0.017607257916377142,16.747581481933594,c,104,True,False
1205,0.9973787680209698,761,V,0.3696123420022936,aliphatic,0.6058351374206556,2.8740346750322674,1.4413785545719282,0.31347130139749335,0.4723012954505942,0.3768645072350598,0.5237105479901485,0.15882999405310083,14,5,2.0420662762736432,0.01737361733640974,137.0471070885515,0.5630578298154898,0.02706072920408159,0.893040925029007,0.03798439050309462,0.7097295196813584,0.8326502625988429,0.29335819954680353,7.048527653859331,0.35357069225464177,V:0.370;I:0.181;T:0.119;S:0.083;N:0.078,0.6058351374206556,0.033932503143769915,0.29621791506543554,0.0,0.030707427827473828,0.0,0.0,0.033307016542664984,0.02174557049989754,0.033307016542664984,0.0,0.0,0.02167007061599221,0.0,0.0040518873593247086,0.18053602772591254,0.02665554046814912,0.022249655532253092,0.011691541660298871,0.07786791509524912,0.0,0.016444239651405564,0.0,0.0827568756281271,0.11914888469065375,0.3696123420022936,0.0,0.012262432527777702,105,N,0.11657953506860978,15.744160652160645,c,105,True,False
1206,0.9973787680209698,761,L,0.2609419671016514,aliphatic,0.5751815940595819,2.7884695089855422,1.5107178569563393,0.3339104918505821,0.4469156950290033,0.37319596519361153,0.39761368414054643,0.11300520317842122,10,6,2.313190809283975,0.5203919437295466,150.69721270386634,0.18311780249765908,0.0,1.0,0.22253398678706213,-0.37433735879152596,0.6033557147633674,0.6428332008858951,5.783013063984781,0.8604756232034428,L:0.261;Y:0.199;C:0.185;V:0.101;I:0.094,0.5751815940595819,0.22253398678706213,0.01030431935462892,0.0,0.0,0.007185761999977853,0.0,0.18479433779874924,0.08667123601084549,0.18479433779874924,0.0,0.0,0.023557617659382007,0.007185761999977853,0.0,0.09376672809017579,0.0,0.2609419671016514,0.03324968900873762,0.0,0.0,0.0,0.0,0.01030431935462892,0.0,0.10055197384817159,0.0,0.19897636912768013,106,Y,0.0013579963051320936,11.252346992492676,c,106,True,False
1207,0.9973787680209698,761,T,0.43761356339914237,polar,0.5359076317422233,2.5996096981519496,1.6717928208435082,0.3790239629148956,0.3879450314868049,0.3630530064917552,0.37704567097431896,0.00892106857190933,16,6,-1.4384200436881203,0.4067491017177792,133.1019215513973,0.5463459955416795,0.14281631678717097,-0.07799176585406586,0.08271051386005121,0.397325626248776,2.065762255837707,0.6282019856514222,9.44056877902797,0.4896165788826494,T:0.438;K:0.202;H:0.077;I:0.071;S:0.058,0.09600935520029552,0.005348692384361353,0.5359076317422233,0.07310990728663022,0.28555186340192207,0.0,0.0,0.004072549984567308,0.019377623503308492,0.004072549984567308,0.020591468375883142,0.05251843891074708,0.0,0.0,0.07736182147568986,0.07067260063483717,0.20165838415593962,0.0032258521932618826,0.0019150926961855556,0.03898938759982363,0.0,0.0016107711562246018,0.006531657770292594,0.0576939095870328,0.43761356339914237,0.0008181861727024204,0.0,0.005348692384361353,107,K,0.32708245616848186,12.52747631072998,c,107,False,False
1208,0.9973787680209698,761,A,0.3048968595502521,aliphatic,0.6528387932016166,2.3354130152729393,1.1399543487186206,0.44213336324597885,0.5826547917226843,0.4609421144090562,0.6372104589240788,0.14052142847670546,9,4,1.8208944543988048,0.5422619439888017,115.38598285935679,0.5904523861995354,0.0,1.0,0.0,1.0,0.6443412809320832,0.5404891060996135,7.42259147102817,0.7433028382832374,A:0.305;V:0.280;T:0.251;S:0.057;I:0.044,0.6528387932016166,0.0,0.3086124098021773,0.0,0.0,0.011432335668477511,0.0,0.027116461327728606,0.3048968595502521,0.027116461327728606,0.0,0.0,0.0,0.011432335668477511,0.0,0.04440287987087948,0.0,0.00567522830211159,0.018169246573354034,0.0,0.0,0.0,0.0,0.057270518394910604,0.2513418914072667,0.27969457890501936,0.0,0.0,108,T,0.09325486560200535,8.480746269226074,c,108,True,False
1209,0.9973787680209698,761,R,0.2408588797308804,polar,0.49234021127219924,2.910139149647916,1.4369770680073595,0.30484692459823637,0.4739127102665336,0.3244917734968519,0.509931336792363,0.16906578566829722,13,6,-2.3671851238370363,0.5800792061459763,133.9939042726607,0.31227402754528666,0.29918322669566894,-0.1176436159864307,0.09405104746465916,0.3231647725152256,2.7988020363525754,-0.046880383982972784,9.894632677421242,0.7268629744965203,R:0.241;T:0.212;S:0.181;N:0.094;H:0.094,0.051864806784738066,0.0,0.49234021127219924,0.03504716226841679,0.418876331682279,0.0018714879923669566,0.0,0.0,0.02210810922847631,0.0,0.012541298098102338,0.02250586417031445,0.0,0.0018714879923669566,0.09405104746465916,0.005453532564149876,0.08396640448673945,0.0,0.02430316499211188,0.09435295954157966,0.0,0.005378622685824681,0.2408588797308804,0.180991010341487,0.21161761870330792,0.0,0.0,0.0,109,R,0.4006117103743727,9.22182846069336,c,109,False,False
1210,0.9973787680209698,761,A,0.2877682424719584,polar,0.4062921719319726,2.8560388377541615,1.978250659577813,0.31777001736432897,0.27574868723973,0.325076577517573,0.34939848407681495,-0.042021330124598966,10,6,-0.7700843480291133,0.27854032907652804,126.48059039395163,-0.10512667209893878,0.010306059601685277,0.9961919246472838,0.25686478969179755,-0.5163100240851302,1.4271210399703658,0.06570204425009962,8.888872492246703,0.469359858818696,A:0.288;Q:0.222;H:0.103;S:0.093;N:0.091,0.29984115386832855,0.15380419367494474,0.4062921719319726,0.0,0.10306059601685277,0.03700188450790129,0.0,0.0,0.2877682424719584,0.0,0.0,0.0,0.08822298295860358,0.03700188450790129,0.10306059601685277,0.0,0.0,0.0,0.0,0.09117677888241561,0.0,0.22187215982956648,0.0,0.09324323321999049,0.0,0.012072911396370123,0.03579585607194937,0.029785354644391818,110,A,0.05616874842680702,6.076101779937744,c,110,True,False
1211,0.9973787680209698,761,D,0.41685164250227813,acidic,0.6641446092882022,2.541759688531304,1.3481165219366473,0.3928427564611351,0.5064451736491277,0.4123769807891444,0.48915222940595937,0.11360241718799258,11,4,-3.2747176125363344,0.8385089396987546,128.82974901073862,0.6984780896917162,-0.5406900066842968,-1.024979089164359,0.041111804822541745,0.6868516659962544,2.32147967878658,0.5680370259035854,11.87520891220251,0.669843633203246,D:0.417;E:0.247;R:0.076;N:0.056;K:0.044,0.020734084799689426,0.0,0.15466607896791532,0.6641446092882022,0.16045522694419295,0.0,0.0,0.0,0.0,0.0,0.41685164250227813,0.24729296678592405,0.0,0.0,0.041111804822541745,0.0,0.043824445462441367,0.0,0.011139603324526084,0.05556553105370026,0.0,0.03700094189218807,0.07551897665920985,0.019126613117849585,0.042972992904177415,0.009594481475163341,0.0,0.0,111,E,0.2503406199639154,6.8477783203125,c,111,False,False
1212,0.9973787680209698,761,I,0.32353414010822223,aliphatic,0.5314550261523421,2.409112062005273,1.621560092871367,0.42452866589109184,0.40633558225003186,0.5149548637016684,0.5221282649640282,-0.01819308364105998,8,5,1.785003891699003,0.09862475165988205,150.55912356370692,0.35817745802326284,0.003700094189218807,0.9985321272035124,0.22106893361984825,-0.3678621493837544,0.9341773392594452,0.4594456660929499,6.616046657354415,0.62429188589378,I:0.324;V:0.203;Y:0.184;T:0.148;S:0.098,0.5314550261523421,0.1840679917276602,0.24601973600987437,0.0,0.03700094189218807,0.0,0.0014563042179352509,0.0,0.0,0.0,0.0,0.0,0.0,0.0,0.03700094189218807,0.32353414010822223,0.0,0.0053260400552028716,0.0,0.0,0.0014563042179352509,0.0,0.0,0.09801738894650787,0.14800234706336649,0.20259484598891697,0.0,0.1840679917276602,112,V,0.0023134638523233347,3.6002357006073,c,112,True,True
1213,0.9973787680209698,761,S,0.40225698205877275,polar,0.6585018587246947,2.2246661391079003,1.357960086849793,0.46858777920288575,0.5028413761343535,0.517691573986438,0.6046222977187792,0.03425359693146779,9,4,-1.5091134960297825,0.6195393532844019,122.69921026168333,0.19415445940794906,0.2216628409103731,0.015313006717727062,0.037000941892188076,0.7169558179124824,2.3161494189324503,0.44490509626035735,9.42131286724797,0.7010387284307857,S:0.402;T:0.256;K:0.172;R:0.083;F:0.037,0.009776448964113322,0.037000941892188076,0.6585018587246947,0.03324968900873763,0.25491252991911073,0.004059888812781628,0.0,0.002498642678373875,0.0,0.002498642678373875,0.0,0.03324968900873763,0.037000941892188076,0.004059888812781628,0.0,0.009776448964113322,0.17220748440417089,0.0,0.0,0.0,0.0,0.0,0.08270504551493987,0.40225698205877275,0.25624487666592194,0.0,0.0,0.0,113,K,0.17223736391229144,7.933498382568359,c,113,True,False
1215,1.0,763,L,0.49306964690806093,aliphatic,0.6585223733186155,2.0177687356088585,0.9262256784645204,0.5180099404601572,0.6609023430411173,0.5306324983940564,0.7201202362284915,0.14289240258096003,6,4,2.584802453950624,0.5898832996608528,173.79428018127317,0.8743638260598303,0.0,1.0,0.3414776266813847,-0.7862752450651889,0.3448231553905115,0.6901397267565943,5.30459633762057,0.9632276182514817,L:0.493;Y:0.172;F:0.169;M:0.104;V:0.040,0.6585223733186155,0.3414776266813847,0.0,0.0,0.0,0.0,0.0,0.0,0.0,0.0,0.0,0.0,0.16906604898612895,0.0,0.0,0.02127735152687392,0.0,0.49306964690806093,0.10408554210422936,0.0,0.0,0.0,0.0,0.0,0.0,0.040089832779451294,0.0,0.17241157769525575,114,F,0.12826836903889974,11.002822875976562,c,114,True,False
1218,0.9973787680209698,761,E,0.5439185772330167,acidic,0.6399478073845994,2.0529023002618354,1.3995362540402057,0.50961748763834,0.4876200524252423,0.4112367569602702,0.43521382787968577,-0.021997435213097716,12,4,-3.3641181876823314,0.8431881736373409,140.67259995827885,0.8336357090808272,-0.4837274012941025,-1.3154305361661853,0.001299155182118819,0.9896934802976262,2.313460872257537,0.7489355203023951,11.711613296417308,0.7838108240241768,E:0.544;Q:0.157;K:0.137;D:0.096;R:0.019,0.022147444942230275,0.0,0.1805151019187664,0.6399478073845994,0.15738964575440387,0.0,0.0,0.0,0.0039003881170267896,0.0,0.09602923015158271,0.5439185772330167,0.0,0.0,0.001299155182118819,0.004561344837371738,0.1370309416965338,0.0,0.0,0.006884008632581538,0.0,0.1566621651856285,0.01905954887575125,0.006918053896804081,0.010050874203752289,0.013685711987831747,0.0,0.0,115,E,0.31959311309951305,12.721405029296875,c,115,False,False
1219,0.9973787680209698,761,G,0.48031663181941564,glycine,0.48031663181941564,2.2131001652792364,1.851842422818483,0.4713505757097073,0.3220276210914159,0.4633096658576429,0.33848328580579057,-0.14932295461829137,11,3,-1.760583244584452,0.6419213428489527,92.85185573777437,0.15014827844519063,-0.2537988917880448,-0.2374440758716545,0.03259677093740659,0.7495057830942825,1.1408515552462655,0.11490116652145166,10.459614447521119,0.44787196302388377,G:0.480;D:0.265;N:0.085;E:0.045;K:0.036,0.016071743880744286,0.023002289462243246,0.10631360914751903,0.3097297920752378,0.06456593361484002,0.48031663181941564,0.0,0.0,0.016071743880744286,0.0,0.2646755126434808,0.04505427943175698,0.023002289462243246,0.48031663181941564,0.00959448147516334,0.0,0.036431891186537155,0.0,0.0,0.085410774759511,0.0,0.0021715367656051626,0.01853956095313952,0.018731297622402866,0.0,0.0,0.0,0.0,116,G,0.6897797217735877,16.07280731201172,c,116,False,False
1224,0.9973787680209698,761,G,0.360861633660548,glycine,0.360861633660548,2.0470179345269286,1.6554256012379516,0.5110231025340759,0.3939371843154509,0.5084928255955575,0.38833086757289614,-0.11708591821862502,9,3,-2.1180269843189263,0.7275650437035106,93.0233331389283,0.575986059036932,-0.30119682314435353,0.10168041165409347,0.0,1.0,1.5096107342780174,0.20140699452163002,10.830525501444937,0.5346836802750927,G:0.361;D:0.301;N:0.240;S:0.043;T:0.041,0.006109936053113681,0.0,0.32424635230351134,0.3049894505635902,0.003792627419236677,0.360861633660548,0.0,0.0,0.003938399287508517,0.0,0.30061149776398416,0.00437795279960608,0.0,0.360861633660548,0.0,0.0,0.003792627419236677,0.0,0.0021715367656051634,0.2397612462861042,0.0,0.0,0.0,0.043391093057337744,0.041094012960069363,0.0,0.0,0.0,117,D,0.5992324117551814,14.804159164428711,c,117,False,False
1225,0.9973787680209698,761,C,0.37409620543409977,cysteine,0.37409620543409977,2.730591411548878,2.0829105500953746,0.34773599481196715,0.2374319740700921,0.3782712084699349,0.25787841001188316,-0.11030402074187506,15,5,0.09032959458122636,0.3049690352822656,120.21978762022297,0.5740866125327105,0.06982703790984451,0.41773137826762585,0.06839313342861392,0.4938715235143002,1.642298330795945,0.5123511990551173,7.884555482094777,0.2821147580546406,C:0.374;T:0.249;S:0.080;K:0.076;H:0.054,0.06378478149381536,0.014230804404428178,0.3367532724310388,0.040633079839752624,0.15920621387136433,0.011295642525500872,0.0,0.37409620543409977,0.03264902350191787,0.37409620543409977,0.0,0.040633079839752624,0.0,0.011295642525500872,0.054162329024185746,0.0,0.07583704051446478,0.0,0.0018972668197048354,0.006610843405876434,0.0,0.0014643757818198796,0.029206844332713783,0.07989897577386558,0.24877907746947694,0.029238491172192658,0.004977408431625287,0.009253395972802891,118,T,0.16873547088268193,11.846439361572266,b,118,True,False
1226,0.9973787680209698,761,F,0.35991617910077356,aliphatic,0.5919646371437639,2.089850752334762,0.9754573397954935,0.500791507584109,0.6428782897313432,0.5822446932393993,0.6429447827247375,0.14208678214723425,6,4,3.352717203670594,0.824007542728336,173.38426743986432,0.8313190222492467,0.0,1.0,0.40803536285623604,-0.9187091979298367,0.09623836751092495,0.9005314256764672,5.237054884291968,0.9811301242089061,F:0.360;L:0.302;I:0.175;V:0.110;Y:0.048,0.5919646371437639,0.40803536285623604,0.0,0.0,0.0,0.0,0.0,0.0,0.0,0.0,0.0,0.0,0.35991617910077356,0.0,0.0,0.17536772892030825,0.0,0.3017558199477134,0.004631576360993987,0.0,0.0,0.0,0.0,0.0,0.0,0.11020951191474822,0.0,0.04811918375546247,119,L,0.0,6.267519474029541,b,119,True,False
1227,0.9973787680209698,761,I,0.35479264756331735,aliphatic,0.6122708351073198,2.5292857383591394,1.6231759543560527,0.3958224438158231,0.4057440041323366,0.36174026390810077,0.35084707707570917,0.009921560316513478,12,5,1.9023263553249932,-0.25635757435856776,160.54287517669766,0.7387549237399033,0.03736592836092303,0.5362525614833704,0.24089576106063249,-0.4526004191192097,0.7863982079888445,0.360056643597795,6.740712352197749,0.26329802787322487,I:0.355;V:0.255;Y:0.139;K:0.072;H:0.070,0.6122708351073198,0.17115748875867107,0.0335622209682786,0.041439540866521116,0.1415699142992094,0.0,0.0,0.0,0.001478427695280197,0.0,0.0012920636812970058,0.04014747718522411,0.031923641734357015,0.0,0.06973827230196142,0.35479264756331735,0.071831641997248,0.0009240942366019136,0.0,0.002955519674950259,0.0,0.0,0.0,0.0,0.030606701293328337,0.2550756656121204,0.0,0.13923384702431404,120,V,0.03932888754482927,7.022542953491211,b,120,True,False
1228,0.9973787680209698,761,Y,0.31555866208050215,polar,0.35646669108450896,2.4544909543738913,2.1123260730386644,0.41368888299198636,0.2266627467206347,0.42496299983062036,0.19679953645109682,-0.18702613627135167,11,5,-1.909734526485543,0.7098850337337668,136.9094567843212,-0.3992951445118478,0.008524809095985787,0.9701530638633848,0.4661938214604517,-0.9768135089480992,1.9577478897972784,0.4769507674387391,8.995292290111669,0.23882169640716255,Y:0.316;N:0.292;H:0.144;G:0.131;S:0.058,0.02486465048620528,0.32216950548637857,0.35646669108450896,0.005877622501421526,0.1440243159740731,0.1313535077247822,0.0,0.015243706742630331,0.01460052541568059,0.015243706742630331,0.0,0.005877622501421526,0.006610843405876434,0.1313535077247822,0.1440243159740731,0.0,0.0,0.0,0.0,0.2924745168457528,0.0,0.006175082927884032,0.0,0.05781709131087207,0.0,0.010264125070524687,0.0,0.31555866208050215,121,N,0.009233424602410733,3.695613384246826,b,121,True,True
1229,0.9973787680209698,761,K,0.28142415764391326,basic,0.5806044386322148,2.610328894895752,1.5333672472281188,0.37646343841791674,0.43862359586647515,0.3673717663926993,0.4201340735575029,0.062160157448558406,10,5,-3.506474188604758,0.6532186558385846,151.26934194997676,0.5994474506352094,0.3122971707259186,-1.8471917313938224,0.031873409193214304,0.7548814055885383,3.1269295786672906,0.07387537295229618,11.130886255404214,0.6727616181539153,K:0.281;R:0.267;N:0.121;D:0.121;E:0.119,0.040843880214388194,0.0,0.1389304815209937,0.2396211996324033,0.5806044386322148,0.0,0.0,0.0,0.0,0.0,0.12070196405706606,0.11891923557533725,0.0,0.0,0.031873409193214304,0.03700094189218807,0.28142415764391326,0.0,0.0,0.12077934882149235,0.0,0.004493217245399677,0.2673068717950872,0.0,0.013657915454101667,0.003842938322200122,0.0,0.0,122,R,0.35399700081261404,7.483613014221191,b,122,False,False
1230,0.9973787680209698,761,V,0.4116945322547165,aliphatic,0.7513369816702785,2.1314813505564856,1.0579764040684985,0.49084709018807215,0.6126674869000035,0.4888056945508993,0.5368040012345696,0.12182039671193134,8,4,3.2481096509292287,0.5861797674917373,142.98433171590838,0.4379644179666732,0.0,1.0,0.08243052781798442,0.39918242606110055,0.3295904240949111,0.7026628752635069,6.223009743966214,0.718849469537288,V:0.412;I:0.295;S:0.140;F:0.082;A:0.030,0.7513369816702785,0.08243052781798442,0.16335793358317394,0.0,0.0,0.0,0.0,0.0028745569285632366,0.03001700584823962,0.0028745569285632366,0.0,0.0,0.08243052781798442,0.0,0.0,0.2950249181516418,0.0,0.0,0.014600525415680594,0.0,0.0,0.0,0.0,0.14032441743136015,0.023033516151813798,0.4116945322547165,0.0,0.0,123,I,0.037523543169050655,6.326814651489258,b,123,True,False
1231,0.9973787680209698,761,K,0.36198692938131977,basic,0.48797800213640213,2.773394398628689,1.8138844073042453,0.3375115256114094,0.33592431433039527,0.3290442320714113,0.42268850495426835,-0.0015872112810141337,15,5,-2.883114337000918,0.5070119464376309,152.58082401455505,0.6408917868006961,0.24753495972673642,-1.6006148271761718,0.03851969786687588,0.7058025840246984,2.6225262169965067,0.3101884678364284,10.573986651663699,0.49282596216014907,K:0.362;E:0.209;T:0.122;R:0.107;Q:0.062,0.05952718743135805,0.019545439420985453,0.2095831612028902,0.22336620980836427,0.48797800213640213,0.0,0.0,0.0,0.0011630816678043234,0.0,0.01464207787013077,0.2087241319382335,0.0,0.0,0.018974258445890433,0.03444298221400534,0.36198692938131977,0.0,0.010489241934355579,0.01457988618657273,0.0,0.062132579937108384,0.1070168143091919,0.010762254841706584,0.1221084402375025,0.013431881615192813,0.018169246573354045,0.0013761928476314067,124,E,0.5912516640975336,10.826269149780273,b,124,False,False
1232,1.0,763,L,0.3380081535716319,aliphatic,0.6074766668727326,2.299032931353879,1.1063172865176085,0.4508235756101432,0.594969553928643,0.5236052757080796,0.6010178720351262,0.14414597831849985,8,5,3.199272473111587,0.7884392954620772,167.4717418279347,0.6440788002130731,0.0,1.0,0.366037352006673,-0.8433366848842703,0.15689022870975602,0.8573893459398864,5.359752703282662,0.9505637792780676,L:0.338;F:0.301;V:0.178;I:0.066;Y:0.065,0.6074766668727326,0.366037352006673,0.0,0.0,0.0,0.0,0.0,0.02648598112059417,0.02107676952258901,0.02648598112059417,0.0,0.0,0.3008352282120921,0.0,0.0,0.06589793911292571,0.0,0.3380081535716319,0.004305318290125871,0.0,0.0,0.0,0.0,0.0,0.0,0.17818848637546014,0.0,0.06520212379458093,125,L,0.05030737350236124,10.277353286743164,b,125,True,False
1233,1.0,763,K,0.18276784102640942,basic,0.44845952454950533,3.3884145885654866,1.9009675957401537,0.19059993324976343,0.3040425539282444,0.17523662916542015,0.23938179018776606,0.11344262067848099,16,8,-1.74051933982835,-0.09244271274007465,148.48902509438267,0.5848050690920734,0.26851355814072947,-0.31834727548246455,0.15252451857112082,-0.02679180959553884,2.320702943407649,-0.23481180931226708,9.529218650759994,0.13795905812509335,K:0.183;R:0.141;T:0.128;H:0.125;N:0.113,0.19796384083339125,0.02750663253017786,0.25757045208628604,0.06742986897192721,0.44845952454950533,0.0,0.0,0.0010696810287122401,0.0,0.0010696810287122401,0.05563923985842002,0.011790629113507181,0.003771433308722175,0.0,0.12501788604094294,0.06733349312555764,0.18276784102640942,0.043820328024721036,0.024628758683260525,0.11285491905315546,0.0,0.007599020194564656,0.14067379748215297,0.009129081737190604,0.12798743110137534,0.062181260999852044,0.0,0.023735199221455686,126,K,0.3155814025361659,14.445611000061035,b,126,False,False
1234,1.0,763,G,0.9362739022840959,glycine,0.9362739022840959,0.4057879746397259,0.4057879746397259,0.9030682919179358,0.8514382027817073,0.9532805428062082,0.9283957059758334,-0.05163008913622846,3,1,-0.23751452258275044,0.9545343514577171,62.54981156004753,0.9392833510396023,0.0,1.0,0.0,1.0,0.0318400892032295,0.9832642011581302,8.85986228012729,0.9420692538042472,G:0.936;A:0.032;C:0.032,0.03188600851267455,0.0,0.0,0.0,0.0,0.9362739022840959,0.0,0.0318400892032295,0.03188600851267455,0.0318400892032295,0.0,0.0,0.0,0.9362739022840959,0.0,0.0,0.0,0.0,0.0,0.0,0.0,0.0,0.0,0.0,0.0,0.0,0.0,0.0,127,G,0.0,16.25197982788086,b,127,True,False
1235,0.9895150720838795,755,V,0.3099481225045688,aliphatic,0.45989257622394114,3.0442531878311834,1.6865372856142535,0.27281072931564054,0.38254698047923497,0.41419126592999733,0.45242384435760596,0.10973625116359442,17,5,0.8573439117164796,-0.22242884846799682,134.5815910591778,0.638631409784489,-0.011721459820629256,0.4390531839047852,0.02375940640823993,0.8157497697826304,1.2870148975971172,0.012481271236713165,7.933697439698392,0.2071598616614878,V:0.310;T:0.226;I:0.114;S:0.080;Q:0.051,0.45989257622394114,0.0012974016814765613,0.37442021411757986,0.07502372239172354,0.08351806682518131,0.0018115647513469884,0.0,0.004036454008750565,0.009341665449962042,0.004036454008750565,0.03246871025180295,0.04255501213992059,0.0,0.0018115647513469884,0.02246200472676337,0.11378978780261051,0.017824691421672433,0.014339219080916597,0.012473781385883162,0.01684092197143369,0.0,0.05139730981457787,0.04323137067674552,0.08015203503367584,0.2260299472978925,0.3099481225045688,0.0012974016814765613,0.0,128,I,0.2717674177915312,18.630474090576172,c,128,False,False
1236,1.0,763,N,0.4929074030906481,polar,0.5046980322041553,1.826283209079905,1.7167850453321885,0.5637506235741014,0.3714730654636086,0.6920418806612804,0.5638486820365223,-0.19227755811049285,7,3,-2.442212338997237,0.6943155156537709,99.21124069516074,0.6141521234839902,-0.17074687293248225,0.32355819109447503,0.0,1.0,1.900323365624153,0.075942803148909,10.989963855341754,0.655024083217734,N:0.493;G:0.260;D:0.178;A:0.042;T:0.012,0.04239437563273775,0.0,0.5046980322041553,0.18205210338452824,0.011305230452045971,0.2595502583265327,0.0,0.0,0.04239437563273775,0.0,0.17785975116041106,0.004192352224117185,0.0,0.2595502583265327,0.0,0.0,0.011305230452045971,0.0,0.0,0.4929074030906481,0.0,0.0,0.0,0.0,0.011790629113507185,0.0,0.0,0.0,129,D,0.5852540169355165,21.76833152770996,c,129,False,False
1237,1.0,763,F,0.9445302258540467,aromatic,0.9445302258540467,0.3528946712693838,0.3528946712693838,0.9157030631832549,0.8708028086857807,0.9532805428062081,0.9283957059758334,-0.044900254497474146,3,1,2.5290330817738726,0.7882719787555432,188.69365055351605,0.9840528991754712,0.04239437563273775,0.8327582467544999,0.9445302258540467,0.5838136344159731,0.12718312689821326,0.8016361554257531,5.454683071805736,0.7786740290037022,F:0.945;K:0.042;L:0.013,0.01307539851321556,0.9445302258540467,0.0,0.0,0.04239437563273775,0.0,0.0,0.0,0.0,0.0,0.0,0.0,0.9445302258540467,0.0,0.0,0.0,0.04239437563273775,0.01307539851321556,0.0,0.0,0.0,0.0,0.0,0.0,0.0,0.0,0.0,0.0,130,F,0.06864345073699951,16.433902740478516,c,130,True,False
1238,1.0,763,P,0.6298471218128822,proline,0.6298471218128822,1.5749689727008356,1.4058475368493533,0.6237827578905282,0.4853094479335436,0.7520041158982813,0.6646554256062207,-0.1384733099569846,9,3,-2.392560283320718,0.8613588661221707,127.84691146384651,0.6093480937097666,0.18055000976481755,-0.20259911547902343,0.0021336837668663286,0.9830871028995797,1.070273434641179,-0.15910729440373395,9.280582320793165,0.5493352618514843,P:0.630;K:0.230;D:0.072;Q:0.032;R:0.023,0.002307089170904718,0.0,0.04121026298864199,0.07208260043628689,0.2545529255912841,0.0,0.6298471218128822,0.0,0.002307089170904718,0.0,0.07208260043628689,0.0,0.0,0.0,0.0021336837668663286,0.0,0.22971988397308607,0.0,0.0,0.0049238098784422325,0.6298471218128822,0.031840089203229484,0.022699357851331727,0.0,0.004446363906970281,0.0,0.0,0.0,131,K,0.3709231231172206,22.996232986450195,c,131,False,False
1239,1.0,763,A,0.26600416790365744,aliphatic,0.3195609267959328,2.740823926215925,2.2072285467802684,0.345291725423422,0.19191829163412788,0.40204755337146136,0.2566517300578455,-0.15337343378929413,11,5,-0.8721688304906265,0.3199101942378003,114.90690659009897,0.493583250144083,-0.15240000162528897,-0.20849913087026883,0.0,1.0,1.111846460863355,0.2231063025866975,9.377280104687728,0.3937608632900259,A:0.266;E:0.200;P:0.182;S:0.167;K:0.066,0.3195609267959328,0.0,0.18185926241756892,0.2344914170938364,0.08209141546854742,0.0,0.1819969782241144,0.0,0.26600416790365744,0.0,0.0345286116959746,0.1999628053978618,0.0,0.0,0.0,0.042394375632737735,0.06565598775109643,0.006740866530661916,0.0,0.0,0.1819969782241144,0.0,0.016435427717450997,0.1670230050520866,0.014836257365482336,0.004421516728875692,0.0,0.0,132,E,0.5602887414496042,24.361658096313477,c,132,False,False
1240,1.0,763,D,0.534600605987366,acidic,0.534600605987366,1.7588214417864376,1.50665979446503,0.579865404550044,0.4484013799053683,0.601209432203667,0.4681828119650979,-0.13146402464467566,10,3,-3.349567703871398,0.9252764172554725,116.14547937203122,0.7768046404713626,-0.4641823508611936,-0.601978842424612,0.008758114795606495,0.9310386318706139,2.3388251192216627,0.7677876877617746,12.127785245839256,0.7878552081578498,D:0.535;N:0.315;K:0.070;G:0.023;Q:0.022,0.01094275744343134,0.0011879179416406172,0.3530303867811325,0.534600605987366,0.07723143229474176,0.023006899551687637,0.0,0.0,0.0011137735466878757,0.0,0.534600605987366,0.0,0.0,0.023006899551687637,0.007570196853965878,0.0,0.06966123544077589,0.0,0.009828983896743464,0.3150360760087569,0.0,0.022027121762367954,0.0,0.015967189010007734,0.0,0.0,0.0,0.0011879179416406172,133,D,0.5832890327730327,23.989465713500977,c,133,False,False
1241,1.0,763,G,0.8456739693653141,glycine,0.8456739693653141,0.6205611438582301,0.6205611438582301,0.8517648244826794,0.7728082531344863,0.8860406431959019,0.8253408797632638,-0.07895657134819312,2,2,-0.46173041225387434,0.9976007396044917,64.56002228534241,0.9299542068321673,0.0,1.0,0.0,1.0,0.3086520612693716,0.7165821390610252,9.030865206126936,0.999236755449808,G:0.846;S:0.154,0.0,0.0,0.1543260306346858,0.0,0.0,0.8456739693653141,0.0,0.0,0.0,0.0,0.0,0.0,0.0,0.8456739693653141,0.0,0.0,0.0,0.0,0.0,0.0,0.0,0.0,0.0,0.1543260306346858,0.0,0.0,0.0,0.0,134,G,0.07354145783644456,20.99081039428711,c,134,True,False
1242,1.0,763,P,0.6529260748846961,proline,0.6529260748846961,1.7013666489126715,1.4436872049795697,0.5935897915669335,0.471456082494216,0.704214390929695,0.6137158132812586,-0.12213370907271748,9,2,-1.691646341809422,0.640734936972428,117.68685210294471,0.8066759128707123,0.04572122086929978,0.8325953697525759,0.03326845236562052,0.7445216633065386,0.8167186800544228,-0.15861355312829573,8.710423580402553,0.6233593192248403,P:0.653;N:0.177;A:0.043;R:0.042;H:0.033,0.09093453660808132,0.0,0.18047656050886424,0.0,0.07566282799835825,0.0,0.6529260748846961,0.0,0.04337865199484156,0.0,0.0,0.0,0.0,0.0,0.03326845236562052,0.00719566523217924,0.0,0.016828321556807014,0.0,0.1772567761417646,0.6529260748846961,0.0,0.04239437563273773,0.0032197843670996227,0.0,0.023531897824253512,0.0,0.0,135,N,0.20612495617988782,17.80282211303711,c,135,False,False
1243,1.0,763,V,0.6305600286930158,aliphatic,0.9779429753840689,1.2566952249481638,0.1528393870993979,0.6998096979070161,0.9440444383464339,0.8007690486504262,0.9740067922853668,0.24423474043941784,4,2,4.166459400446337,0.9353469104929382,148.7479617883304,0.8819417414445535,0.0,1.0,0.0,1.0,0.044114049231862136,0.9531569109783044,5.703667591089456,0.9540788227843248,V:0.631;I:0.305;L:0.042;T:0.022,0.9779429753840689,0.0,0.022057024615931068,0.0,0.0,0.0,0.0,0.0,0.0,0.0,0.0,0.0,0.0,0.0,0.0,0.3049885710583155,0.0,0.042394375632737735,0.0,0.0,0.0,0.0,0.0,0.0,0.022057024615931068,0.6305600286930158,0.0,0.0,136,I,0.004086728023393505,15.877652168273926,c,136,True,False
1244,1.0,763,M,0.6662042644159516,aliphatic,0.9216675270929862,1.3326959587950136,0.47032029378449947,0.6816551901155861,0.8278124723264771,0.7098958151894219,0.8222815269925825,0.14615728221089108,8,3,2.4266642320550744,0.9039235629271114,164.47520304261255,0.9348293618519885,0.0037350335980800902,0.9846708119655337,0.06039527695210379,0.5492209137873287,0.025407263151070295,0.9743900474475307,5.49564137702921,0.9617262695075721,M:0.666;L:0.245;F:0.060;C:0.014,0.9216675270929862,0.06039527695210379,0.0,0.0,0.0037350335980800902,0.0,0.0,0.014202162356830025,0.00218687130327523,0.014202162356830025,0.0,0.0,0.06039527695210379,0.0,0.0,0.004119950092624802,0.0037350335980800902,0.24525654451039605,0.6662042644159516,0.0,0.0,0.0,0.0,0.0,0.0,0.003899896770738461,0.0,0.0,137,L,0.13067492205112136,19.464853286743164,c,137,True,False
1245,1.0,763,Q,0.4287743976555935,polar,0.5886996658312348,2.1502455136732825,1.4504242867640789,0.4863648420799156,0.4689895900388841,0.5743209929004754,0.5629407256783212,-0.01737525204103152,8,4,-2.5452815217161517,0.7225756957738672,128.64777480833325,0.11061795023981624,0.21410398687545262,0.29238620805492965,0.0,1.0,2.3366977968388936,0.11842132874549072,10.04850204565995,0.8630813294823274,Q:0.429;G:0.186;K:0.176;T:0.150;R:0.040,0.008034416651414201,0.0,0.5886996658312348,0.0017531056440648722,0.21585709251951748,0.1856557193537687,0.0,0.0,0.008034416651414201,0.0,0.0,0.0017531056440648722,0.0,0.1856557193537687,0.0,0.0,0.17613380318244345,0.0,0.0,0.0,0.0,0.4287743976555935,0.03972328933707404,0.010106002470739258,0.14981926570490198,0.0,0.0,0.0,138,G,0.27484780091505784,21.581417083740234,c,138,False,False
1246,1.0,763,K,0.5185290036155951,basic,0.7243334087659687,2.181355154951814,1.316648702939724,0.4789335950854091,0.5179657608446291,0.5980391634369824,0.6193583285324513,0.03903216575921997,10,4,-3.4451742616100356,0.8836182796263091,148.64947575045863,0.42518115420822056,0.4749530485864325,-0.7225028471198631,0.17460554891578103,-0.14481464587837944,2.614497543749749,0.5916510171445063,11.099426968998507,0.8445062999903645,K:0.519;H:0.175;N:0.102;D:0.092;G:0.046,0.008125756117701112,0.0,0.1267244052085664,0.09223536615533326,0.7243334087659687,0.04553831253358481,0.0,0.003042751218845752,0.0,0.003042751218845752,0.09223536615533326,0.0,0.0,0.04553831253358481,0.17460554891578103,0.0,0.5185290036155951,0.0,0.008125756117701112,0.10197888063877512,0.0,0.010763979313018368,0.031198856234592585,0.013981545256772896,0.0,0.0,0.0,0.0,139,H,0.40459030015128,18.201143264770508,c,139,False,False
1247,1.0,763,K,0.6199630413732471,basic,0.6751776648800344,2.1514187841793384,1.3848187508863126,0.48608457967367924,0.4930082325975341,0.46409334639576205,0.49626095156392647,0.006923652923854884,12,4,-3.324515102165859,0.7734702284612216,153.30204482526608,0.5343837082857725,0.5905264568429467,-0.6791276375524546,0.0018558767322098353,0.9852850777547264,2.7898753174381126,0.5804427157969146,10.904129181277936,0.7598382880445244,K:0.620;Q:0.071;S:0.060;R:0.053;D:0.045,0.03767292676934185,0.0,0.1940624869017857,0.08298091897809881,0.6751776648800344,0.010106002470739254,0.0,0.0,0.007682105546023753,0.0,0.045261293959589007,0.037719625018509804,0.0,0.010106002470739254,0.0018558767322098353,0.0,0.6199630413732471,0.0,0.029990821223318097,0.03395738431342187,0.0,0.07143650990787313,0.05335874677457744,0.05994163026154863,0.02872696241894208,0.0,0.0,0.0,140,K,0.28722051846779,17.82830047607422,c,140,False,False
1248,1.0,763,T,0.4495048643787314,polar,0.4687889976202666,2.256486346440806,1.3401241096916268,0.4609867973082339,0.5093712513089793,0.541017247996103,0.5707893294317988,0.048384454000745425,10,4,1.3671450029119565,0.391288038122672,142.45634490932326,0.45502820557252577,0.0,1.0,0.07363912967217272,0.45811835607873075,1.0407422053530166,0.4579946422888924,6.8599804972925735,0.5636891427830177,T:0.450;L:0.260;I:0.116;Y:0.052;M:0.047,0.45336495380570063,0.07363912967217272,0.4687889976202666,0.0,0.0,0.004206918901859991,0.0,0.0,0.009186298814232793,0.0,0.0,0.0,0.022057024615931068,0.004206918901859991,0.0,0.11644667833459117,0.0,0.25961824383823384,0.04737688913709573,0.0,0.0,0.0,0.0,0.019284133241535224,0.4495048643787314,0.020736843681547178,0.0,0.05158210505624165,141,L,0.12528492562213348,12.752861976623535,c,141,True,False
1249,0.9973787680209698,761,E,0.20694304034266714,aliphatic,0.531830374043628,3.277650210363154,1.7790310283604616,0.21705852996725417,0.3486843785477143,0.1743302039352954,0.3303283076578424,0.13162584858046011,16,6,0.6862891352599405,-0.32633582786548554,142.89959091046472,0.6664067244573553,-0.17881303966324702,0.011842624682722347,0.0068618667246797905,0.9458663230443591,1.0328617251546244,0.1974014768690736,8.07740113468847,-0.307947006774397,E:0.207;V:0.179;L:0.164;T:0.104;M:0.082,0.531830374043628,0.0,0.1648142580963843,0.225637466227268,0.053000106616232764,0.013133064050263434,0.0,0.011584730966223651,0.024794889688815304,0.011584730966223651,0.018694425884600838,0.20694304034266714,0.0,0.013133064050263434,0.0068618667246797905,0.08094924527394766,0.031491396324705774,0.1644347584312883,0.08222368825790002,0.037106097587795005,0.0,0.021835307695588172,0.014646843566847203,0.0017342698957292877,0.10413858291727184,0.17942779239167672,0.0,0.0,142,E,0.28719743805615894,13.174572944641113,c,142,False,False
1250,0.9973787680209698,761,G,0.3416486921089668,glycine,0.3416486921089668,3.027621381207215,2.387842395029351,0.2767836154663037,0.12579430675700465,0.3272710328439783,0.1633451826779032,-0.15098930870929905,15,5,-1.1707368199892043,0.43366678914832824,122.59044780671235,-0.843667328183066,0.09886489548478361,-0.04881544685485717,0.20116884938594404,-0.27653084865732325,1.3171076337599001,-0.06933359009436235,9.014397558064548,0.26929891402612394,G:0.342;Y:0.160;K:0.153;D:0.064;N:0.053,0.10817215327098298,0.20116884938594404,0.08464137494938678,0.08275201739996789,0.1816169128847515,0.3416486921089668,0.0,0.0,0.04712434230401934,0.0,0.0635786755621957,0.0191733418377722,0.04102741768299906,0.3416486921089668,0.0,0.005877622501421527,0.1526518183079364,0.0,0.018169246573354045,0.0530382738587196,0.0,0.006218783988696426,0.028965094576815106,0.014830909505376084,0.01055340759659468,0.037000941892188076,0.0,0.16014143170294498,143,Y,0.2797477054958561,12.623820304870605,c,143,False,False
1251,0.9973787680209698,761,W,0.5032615244989261,aromatic,0.5032615244989261,2.429986372614461,1.6057822686224597,0.41954236095147257,0.4121119533430715,0.568597904911528,0.5195000486089918,-0.0074304076084010795,13,4,-1.0403323285837147,0.5876196430941591,173.50497968594794,-1.1430709760888562,-0.01732069724250919,0.9260372078506502,0.5117470178073747,-0.9847957241340386,1.481826438728794,0.5137457687101871,7.432029654585958,0.030069896057411616,W:0.503;N:0.157;S:0.120;Q:0.056;A:0.035,0.10943589384401207,0.5032615244989261,0.3510533603000957,0.018169246573354045,0.008485493308448566,0.0,0.0,0.009594481475163346,0.03526312633220277,0.009594481475163346,0.0,0.018169246573354045,0.0,0.0,0.008485493308448566,0.033249689008737635,0.0,0.016036748193663467,0.018907527205080567,0.15711489633957038,0.0,0.05643933605133758,0.0,0.12020161525240272,0.01729751265678505,0.005978803104327641,0.5032615244989261,0.0,144,N,0.2768139374561799,9.593534469604492,b,144,False,False
1252,0.9960681520314548,760,E,0.48581345977708246,acidic,0.599563836313089,2.7046093583874313,1.8199132014794634,0.35394240049625103,0.3337171308905095,0.5426871041610686,0.5513496216478702,-0.020225269605741558,18,5,-1.7058890077559512,0.131025661142251,141.36351943534396,0.5221025125642311,-0.5992446193827997,0.009241448053448731,0.13564961570162254,0.0686262624619236,1.5878297106708426,0.5884845736549252,10.118385825461267,-0.4635837275786756,E:0.486;D:0.114;L:0.093;F:0.065;Y:0.060,0.12560085979979932,0.13245744639873058,0.0826976062937918,0.599563836313089,0.0031921693028919527,0.0016953763545099882,0.014836056881576963,0.03995664865561053,0.008622980776346689,0.03995664865561053,0.11375037653600648,0.48581345977708246,0.06536925991292075,0.0016953763545099882,0.0031921693028919527,0.0020420569210692365,0.0,0.09331652325989555,0.017531509705280987,0.04008066648825074,0.014836056881576963,0.01026768744902155,0.0,0.024475371036169515,0.00787388132034999,0.00408778913720686,0.007558888713205213,0.059529297772604614,145,Y,0.11200830872974468,3.7188854217529297,b,145,True,True
1253,0.9960681520314548,760,P,0.5554036888069339,proline,0.5554036888069339,2.213268817475002,1.8500141236272056,0.47131028928815455,0.32269697412966225,0.6130690464238128,0.4935246992436617,-0.1486133151584923,15,3,-1.2000381165101643,0.5807731670848942,118.49376596064148,0.41558420125176876,0.0517703629199977,0.7872764053468633,0.04218024594324176,0.6790713509678077,0.6740258214286983,0.11410868886145697,8.45262968989029,0.6199547554087692,P:0.555;A:0.143;N:0.127;W:0.040;K:0.034,0.1807760146837644,0.04218024594324176,0.1527167069782442,0.0012736939177678827,0.053044056837765585,0.01460559283228223,0.5554036888069339,0.0,0.14307526604764173,0.0,0.0012736939177678827,0.0,0.0026047115863772935,0.01460559283228223,0.0,0.014437002258694338,0.03363620002250138,0.0189971431488959,0.0,0.12715968541185318,0.5554036888069339,0.001361915724131294,0.019407856815264208,0.0009941284819643145,0.02320097736029539,0.004266603228532421,0.039575534356864464,0.0,146,N,0.19757232666015626,4.530325889587402,b,146,True,True
1254,0.9960681520314548,760,S,0.5882605631978948,polar,0.7979807042566904,2.1896852456198137,1.2235305971868646,0.4769437630366783,0.5520569464114019,0.603663893521149,0.6445768657629469,0.07511318337472361,16,4,-0.8264705374083043,0.7364367312500114,99.05835328482574,0.8040181615487357,-0.014200872938475544,0.9329043981565441,0.01757743038931088,0.8628267878820348,1.8302105197375165,0.6779009914500536,9.07300630020135,0.6829399783660567,S:0.588;N:0.106;T:0.096;C:0.067;P:0.046,0.037437089897933776,0.007719469238231733,0.7979807042566904,0.01578843667899251,0.010459728776488198,0.01785793756726836,0.04617334607914204,0.06658328750525327,0.027236955571666107,0.06658328750525327,0.014482675501994306,0.0013057611769982053,0.007719469238231733,0.01785793756726836,0.009857961151079146,0.002033921904761771,0.0,0.004136906433048587,0.0,0.10649994165317507,0.04617334607914204,0.00686424827851905,0.0006017676254090524,0.5882605631978948,0.09635595112710145,0.004029305988457316,0.0,0.0,147,S,0.39964144306798133,5.148030757904053,b,147,False,False
1255,0.9960681520314548,760,T,0.3522699337305357,polar,0.45212905147818067,2.98305876839666,2.243405017722342,0.2874284113850636,0.1786738342424533,0.37071589997601895,0.28205705075205467,-0.10875457714261028,16,6,-0.5471881304529648,0.22173800176587977,130.82462292430301,0.5725500184970667,-0.06914665680985879,0.4562580884791999,0.2069426349722489,-0.30367749318257165,1.6613530633017928,0.47521205795804455,8.684378746339291,0.3416063595839469,T:0.352;H:0.149;V:0.116;E:0.097;S:0.072,0.13466881911366918,0.05840461920307704,0.45212905147818067,0.10964347321865855,0.17418103060105444,0.008340440547973067,0.0,0.06263256583738692,0.004251333816487798,0.06263256583738692,0.012919327390064185,0.09672414582859437,0.0466256772260864,0.008340440547973067,0.14853801576917186,0.014741549390603893,0.0,0.0,0.0,0.0007838352810038664,0.0,0.027053877665954712,0.025643014831882572,0.07202140480068638,0.3522699337305357,0.11567593590657749,0.0015112545279690954,0.010267687449021548,148,H,0.033569280590329854,3.3015193939208984,b,148,True,True
1256,0.9947575360419397,759,E,0.5734956910159513,acidic,0.6262322888758131,2.2988313194866925,1.5337097413440763,0.45087173520056323,0.438498206390731,0.6285360172363602,0.5935471896073835,-0.012373528809832224,15,5,-2.262345930972477,0.3180182702993881,129.81547611424332,0.8168531474804609,-0.6218493403449794,-0.004835017984322176,0.006114593706624057,0.9517253082616605,1.8681053595997197,0.6738853141609922,10.98698431706417,0.21717841748273126,E:0.573;N:0.120;V:0.061;T:0.058;D:0.053,0.10797893668402742,0.006114593706624057,0.21609381686601856,0.6262322888758131,0.00438294853083368,0.0,0.005926325637528368,0.03327108969915498,0.026343183086273533,0.03327108969915498,0.052736597859861754,0.5734956910159513,0.0,0.0,0.0,0.01562897122646458,0.00438294853083368,0.0013161241826149582,0.0041587428172394116,0.11997297799649245,0.005926325637528368,0.004831047414660127,0.0,0.033541369697718086,0.0577484217571479,0.06053191537143493,0.0,0.006114593706624057,149,N,0.31325413630558896,5.9907379150390625,b,149,False,False
1257,0.9921363040629095,757,K,0.292068974199459,basic,0.4633008421954812,3.1397345047127003,1.6128163789116148,0.250002840187168,0.4095367166882239,0.3457055869553881,0.4653078917965896,0.15953387650105588,15,9,-0.7924714318764186,-0.5236412844433793,154.31886297208789,0.7535007329235132,0.3872061472577218,-0.08371125991897999,0.06864773656965499,0.49212622557582353,1.9301550246184747,-0.5066983699042333,8.822504754722281,0.04049775923793464,K:0.292;V:0.185;R:0.104;T:0.068;H:0.067,0.36396938592378225,0.0017686406863847487,0.14838515647735118,0.015903508642816137,0.4633008421954812,0.0,0.006672466074184495,0.0,0.00349477864859502,0.0,0.0,0.015903508642816137,0.0,0.0,0.06687909588327025,0.06236439029052268,0.292068974199459,0.05806826982992848,0.05475760167211241,0.016096071415625957,0.006672466074184495,0.0502153666610674,0.10435277211275193,0.014462335875257104,0.06761138252540069,0.1852843454826237,0.0,0.0017686406863847487,150,V,0.0023134638523233347,3.576688766479492,b,150,True,True
1272,0.9934469200524246,758,M,0.3317547746764521,aliphatic,0.9090855774309463,2.343013384245605,0.5731207723304199,0.44031784185890843,0.7901765028001704,0.4701648154661584,0.8543049069011365,0.34985866094126195,10,4,2.894558730569402,0.5638244517097327,161.3452158934726,0.919560419498728,0.007300081584586131,0.9816342551536462,0.04547095603502594,0.6552225736835595,0.18398234100280697,0.7542236689735579,5.7261909354674145,0.7626306619686389,M:0.332;I:0.275;L:0.212;V:0.091;H:0.031,0.9090855774309463,0.01448652923159986,0.04124182762978422,0.0,0.0351860657076696,0.0,0.0,0.0,0.0,0.0,0.0,0.0,0.01448652923159986,0.0,0.030984426803426078,0.2745208412949986,0.0,0.21173960404582784,0.3317547746764521,0.0011683165208866125,0.0,0.01735332109428215,0.004201638904243523,0.0,0.02272019001461546,0.09107035741366777,0.0,0.0,152,I,0.021094576356374673,9.532350540161133,b,152,True,False
1273,0.9947575360419397,759,Y,0.3927426023375131,aromatic,0.4877676812953649,2.6745310323475433,1.6960181672786736,0.36112729433615376,0.3790759638219998,0.4073063083710585,0.4067762229473201,0.017948669485846058,14,6,0.41924529682532474,0.4183162802774494,167.37395288592825,0.35285569984779797,0.0048019973661187106,0.9892653835662736,0.5119139497454593,-0.9847643488601157,1.2780946310246817,0.5019902918622937,6.481624855846299,0.7179241760027864,Y:0.393;T:0.201;M:0.084;F:0.079;I:0.079,0.2704852365300666,0.4877676812953649,0.20372178242655942,0.0,0.026533638971203664,0.0,0.0,0.011491660776805452,0.004558127814878148,0.011491660776805452,0.0,0.0,0.07926103452561595,0.0,0.02414626845009439,0.07921094830227145,0.0011596166091199433,0.07841842877077566,0.08431624762879061,0.0,0.0,0.0,0.0012277539119893279,0.003080547489457106,0.20064123493710231,0.023981484013350714,0.015764044432235853,0.3927426023375131,153,M,0.31916894231523785,13.284849166870117,b,153,False,False
1274,0.9947575360419397,759,P,0.521453755199653,proline,0.521453755199653,2.179618152722055,1.6113827403267087,0.4793485176646757,0.41006158173609586,0.4273317384228923,0.34257807448780964,-0.06928693592857982,11,3,0.031819927628617406,0.33765871228316224,114.29928008491308,0.7362896272843318,-0.030740931157204478,0.8115738284198805,0.0,1.0,0.20992045534001622,0.7830058582721842,7.856819458564594,0.7255859562287881,P:0.521;V:0.171;A:0.159;E:0.029;T:0.028,0.3544160578849647,0.0,0.05428982526236535,0.03871271965737979,0.007971788500175311,0.023155853495461787,0.521453755199653,0.0,0.15852918617876866,0.0,0.009549584384120399,0.02916313527325939,0.0,0.023155853495461787,0.0,0.0,0.007971788500175311,0.01708608642382278,0.008089633840478356,0.0,0.521453755199653,0.0,0.0,0.0264115490376192,0.02787827622474615,0.17071115144189491,0.0,0.0,154,A,0.18682861328125,15.656539916992188,b,154,True,False
1278,0.9960681520314548,760,R,0.24403509718662034,polar,0.3063524189967762,3.226584439789679,2.339337203135764,0.22925675336361895,0.14355239455772673,0.26581269044541345,0.15530540919745295,-0.08570435880589222,17,7,-2.2605123496465023,0.27464315515271265,131.62053531326706,0.14828177438987677,0.14191092689683643,-0.6856455966817911,0.018630227395075846,0.8547666271391215,2.5298548053852867,-0.6951343698669441,10.082120190956012,0.5468427626806579,R:0.244;Q:0.137;A:0.134;E:0.127;N:0.099,0.16005644959347964,0.01575467279162849,0.3063524189967762,0.14383427778703328,0.28833320382697236,0.05985133628656587,0.0,0.025817640717544114,0.13401569353313222,0.025817640717544114,0.017074974874128464,0.12675930291290483,0.005037422858354325,0.05985133628656587,0.0028755546034473544,0.002494565964637169,0.04142255203690464,0.0,0.0,0.09881860573625105,0.0,0.13706941590136873,0.24403509718662034,0.06916479127815889,0.0012996060809974928,0.02354619009571025,0.003853001654755118,0.006864248278519046,157,Q,0.7588218858506944,20.487201690673828,c,157,False,False
1279,0.9960681520314548,760,D,0.5160032674729726,acidic,0.5407353689569658,2.2645714093148097,1.9009590234308336,0.4590554957337507,0.304045692310253,0.5281639503843196,0.44941542486480235,-0.15500980342349768,11,4,-3.0119398893450837,0.7647710055386039,115.7015139038381,0.5303800586352605,-0.4171718931537752,-1.0196771878929223,0.0,1.0,2.01079620075454,0.48792886482041686,11.75841490480411,0.5811017087039291,D:0.516;N:0.150;K:0.118;G:0.098;P:0.033,0.018141568769371542,0.0,0.18619446959758232,0.5407353689569658,0.12356347580319077,0.0979935426600299,0.03337157421285954,0.0,0.0,0.0,0.5160032674729726,0.024732101483993223,0.0,0.0979935426600299,0.0,0.00787388132034999,0.11764958502636136,0.0,0.0,0.14950951782266195,0.03337157421285954,0.024908796859550723,0.005913890776829408,0.01177615491536965,0.0,0.01026768744902155,0.0,0.0,158,K,0.41179223787986624,17.131845474243164,c,158,False,False
1280,0.9960681520314548,760,G,0.47864350071633543,glycine,0.47864350071633543,2.0878928119231173,1.7361788301661498,0.501259206284624,0.36437286607412156,0.587516982451859,0.45725392689055333,-0.1368863402105024,13,2,-1.7735666637590544,0.6595490814376455,91.80908882639736,0.30466344509135,-0.046705949005638826,0.5313311799531287,0.015638067089180755,0.877720551046576,1.3600144248145571,-0.06934215726714776,10.176115116566681,0.6395881328374302,G:0.479;N:0.328;D:0.046;E:0.036;K:0.034,0.021042257084530936,0.0,0.3583270461890338,0.08203090712942775,0.0493992185040516,0.47864350071633543,0.0,0.010557070376620488,0.007873881320349989,0.010557070376620488,0.04599204834090294,0.03603885878852481,0.0,0.47864350071633543,0.015638067089180755,0.0,0.03376115141487084,0.0,0.00714601005830951,0.3281904239569691,0.0,0.007991435421070295,0.0,0.005896621189437338,0.016248565621557094,0.006022365705871436,0.0,0.0,159,N,0.32583661201672676,15.7454833984375,c,159,False,False
1281,0.9947575360419397,759,G,0.37167231115386107,aliphatic,0.4771041929464852,2.5687851684219325,1.6072578267172428,0.38638710451663894,0.4115717412713471,0.3668333530696115,0.435233100708066,0.025184636754708167,14,5,1.5157679884917763,0.3789766165267976,106.98075291111778,-0.1502481947860046,-0.016193175748222415,0.9343716266322379,0.010433371416479487,0.9179865087867334,0.28718462997831185,0.7346022091493245,7.577306964225799,0.5618325358910274,G:0.372;V:0.250;I:0.118;T:0.090;A:0.078,0.4771041929464852,0.010433371416479487,0.12012410033344666,0.016193175748222415,0.0,0.37167231115386107,0.0,0.004472848401504875,0.0781020640644984,0.004472848401504875,0.008243989645639126,0.00794918610258329,0.003231644924961836,0.37167231115386107,0.0,0.11823524709279679,0.0,0.010949863410780606,0.019685047082851567,0.002875502921951156,0.0,0.0,0.0,0.027055435577244876,0.09019316183425062,0.25013197129555786,0.00720172649151765,0.0,160,G,0.0,13.992758750915527,b,160,True,False
1282,0.9947575360419397,759,L,0.5747680542980443,aliphatic,0.9850834970208923,1.6161679609698787,0.12672613803266491,0.6139414403706662,0.9536046802831426,0.6857395363275556,0.9534820465893709,0.3396632399124764,7,3,3.8988458365828684,0.9243196683212951,163.29178091349485,0.9243197011039247,0.0,1.0,0.007949186102583293,0.9373570541159063,0.02090195062957387,0.9661937739946022,5.1733233263668925,0.9456998134379667,L:0.575;I:0.272;V:0.101;M:0.030,0.9850834970208923,0.007949186102583293,0.006967316876524624,0.0,0.0,0.0,0.0,0.0,0.00806786447551386,0.0,0.0,0.0,0.007949186102583293,0.0,0.0,0.2716813582948823,0.0,0.5747680542980443,0.029830988674908562,0.0,0.0,0.006967316876524624,0.0,0.0,0.0,0.10073523127754318,0.0,0.0,161,I,0.009332645363008915,9.19867992401123,b,161,True,False
1283,0.9947575360419397,759,K,0.42578200791478016,basic,0.6243570104491212,2.5771922527261086,1.577426966878221,0.38437888078276117,0.42249302634438723,0.38318637025900626,0.43298239320398546,0.03811414556162607,14,5,-2.133721514161519,-0.23231383611948053,157.92122798340793,0.7215240807553007,0.5176405021127644,-0.9078535394513385,0.0012876130456094834,0.9897849288683817,2.600527909221305,-0.4600464043423176,9.912394659967893,0.1906865784193944,K:0.426;R:0.199;E:0.098;V:0.090;I:0.067,0.20073732221423207,0.0012876130456094834,0.042535500776560514,0.10671650833635683,0.6243570104491212,0.001203564688244343,0.0,0.023162480489875507,0.02323034015897719,0.023162480489875507,0.008243989645639124,0.09847251869071771,0.0,0.001203564688244343,0.0,0.0669515154047939,0.42578200791478016,0.012987576056138667,0.007523637948037401,0.0,0.0,0.006065147998330387,0.19857500253434107,0.0,0.036470352778230124,0.0900442526462849,0.0,0.0012876130456094834,162,K,0.33896093853449416,11.126321792602539,b,162,False,False
1284,0.9947575360419397,759,G,0.5489426595859616,glycine,0.5489426595859616,2.4023332968206845,1.772389890817097,0.42614792848410665,0.3511157451496745,0.5822521539035269,0.5018239190795988,-0.07503218333443218,13,4,0.29779061983678373,0.5070475960570285,87.5142430193136,0.16935136020111574,-0.028202065243331242,0.8870966924972734,0.008067864475513858,0.9364294241978812,0.4569435998864812,0.5487040323638108,8.456323695765661,0.571722777059901,G:0.549;V:0.100;S:0.090;A:0.064;C:0.047,0.21979007443349635,0.008067864475513858,0.14772988858516561,0.028202065243331242,0.0,0.5489426595859616,0.0,0.04726744767653141,0.06434731109181277,0.04726744767653141,0.020252879140747953,0.007949186102583291,0.008067864475513858,0.5489426595859616,0.0,0.016617670651281495,0.0,0.03385053641644162,0.004581134420855427,0.02423290945585517,0.0,0.033579335097100954,0.0,0.08991764403220948,0.0,0.10039342185310506,0.0,0.0,163,V,0.0023134638523233347,7.1367692947387695,b,163,True,False
1285,0.9947575360419397,759,D,0.2633979785217716,acidic,0.36830670769758295,3.477891045039722,2.2016010588290786,0.1692264419163192,0.1939785540768365,0.2962611692511137,0.28177631517718527,0.024752112160517314,17,7,-2.108808342930332,0.3267469516425576,127.30656118310014,0.48959285321248025,-0.27312416731420125,-0.5953711796540724,0.07192739686874372,0.46973631450620124,2.0447389847208566,0.19599976729850432,10.468756015107438,0.08045858052598076,D:0.263;N:0.151;E:0.105;T:0.076;R:0.064,0.12451899174486883,0.053881556945889184,0.3058731549645408,0.36830670769758295,0.11142379631395077,0.0,0.030803022275040243,0.005192770058127147,0.05376470552655072,0.005192770058127147,0.2633979785217716,0.10490872917581133,0.018349381222428223,0.0,0.018045839922854526,0.0093662992571103,0.029083460312742258,0.036205478699895384,0.0,0.15072008310678572,0.030803022275040243,0.024587513609068374,0.064294496078354,0.05420670233254555,0.07635885591614118,0.02518250826131244,0.0,0.035532175723460964,164,N,0.29318587474333935,8.310491561889648,b,164,False,False
1286,0.9947575360419397,759,V,0.252575444842447,aliphatic,0.4299713193026453,3.05221730439613,1.9357301762117676,0.27090831852416664,0.2913157316625191,0.34260432060224955,0.3776132486532887,0.02040741313835248,15,6,2.078887498067708,0.2626203019141333,150.44385977782088,0.1382329097575491,-0.04056264023987195,0.8238776647549167,0.3404306911820698,-0.7836298665052734,0.6033896493574977,0.50291029993967,6.5562805374594255,0.36765706896984973,V:0.253;F:0.250;I:0.123;Y:0.091;S:0.059,0.4299713193026453,0.3404306911820698,0.11888246798429274,0.042480388542306485,0.0019177483024345248,0.012924333544410117,0.0,0.05339305114184104,0.04371322899564758,0.05339305114184104,0.03441252406679263,0.008067864475513855,0.24976317246321994,0.012924333544410117,0.0,0.12253881538251002,0.0019177483024345248,0.007789842185598796,0.0033539878964419273,0.040182602817455025,0.0,0.0,0.0,0.05904238236448415,0.019657482802353566,0.252575444842447,0.0,0.09066751871884984,165,F,0.03458893299102783,3.5851728916168213,b,165,True,True
1287,0.9947575360419397,759,K,0.220120830939582,polar,0.40160834399113887,3.3648144115409906,2.1179215945833234,0.1962373735215076,0.2246141874014822,0.22188819791879577,0.3178573014859095,0.028376813879974594,18,5,-1.8521647216749737,0.35002795112899643,131.77256156415933,0.43242343628688906,0.1211502458825728,-0.41330090668410957,0.07644146502690538,0.4391986911071478,2.054803836920142,0.31870956296898,9.954160678671045,0.34692291302866995,K:0.220;T:0.208;N:0.130;D:0.107;A:0.072,0.13415181780471544,0.028357958750430512,0.40160834399113887,0.12046316125771152,0.2848885627891117,0.004046495286604027,0.026483660120287817,0.0,0.07248815433316895,0.0,0.10719500986644384,0.013268151391267677,0.019149489123629276,0.004046495286604027,0.04808350627647487,0.014985271155911754,0.220120830939582,0.020723754660078864,0.006417425657384417,0.13028309103273017,0.026483660120287817,0.02201016289913822,0.016684225573054823,0.04146399217294023,0.2078510978863303,0.01953721199817145,0.0,0.009208469626801235,166,K,0.439649420269465,6.85422420501709,b,166,False,False
1288,0.9947575360419397,759,M,0.3495225783201012,aliphatic,0.6607101243523014,3.2363848647773885,1.6420082755988044,0.22691569844489623,0.3988493604650387,0.3429952193752952,0.40312806943507884,0.17193366202014249,20,6,1.1046749450364606,0.019178839348322096,161.45643808970735,0.5147303442093394,0.08810781828406074,0.503607168076122,0.10427557817129131,0.25805346240304583,0.8138885160568103,-0.08085674820980415,6.782354471335653,0.2683738125072246,M:0.350;I:0.175;L:0.069;W:0.067;K:0.055,0.6607101243523014,0.08955867653533693,0.0855730277119509,0.02073827408857177,0.12209130384499145,0.008354820974675927,0.011598831582257855,0.0013749409099136545,0.021863218487160614,0.0013749409099136545,0.0008871049097127561,0.019851169178859013,0.008067864475513857,0.008354820974675927,0.014716901635954379,0.17492661615330832,0.05492790813736992,0.0692700197801575,0.3495225783201012,0.014977947010118845,0.011598831582257855,0.03249339046869672,0.05244649407166715,0.009709791743231859,0.028391898489903478,0.045127691611573796,0.06701198809496473,0.014478823964858351,167,I,0.0,3.6764371395111084,b,167,True,True
1289,0.9947575360419397,759,A,0.3447087283626388,aliphatic,0.45302214342051905,3.062602899191853,2.103619244481518,0.26842748245727377,0.22985037715662693,0.3435646532329706,0.3339668192276426,-0.03857710530064684,19,5,0.3054963288616014,0.11591283246801798,130.39880027178936,-0.2299089212364014,0.18783314896572514,0.35947328747544416,0.1545366143187764,-0.03786720284529688,1.333127868500603,-0.9407074687877777,7.991148598313549,0.5091943554013585,A:0.345;R:0.176;F:0.106;T:0.091;S:0.052,0.45302214342051905,0.15321836501081942,0.1490134332953571,0.0015257079707500624,0.1905452813136365,0.033579335097100954,0.007942954091774066,0.011152779800042895,0.3447087283626388,0.011152779800042895,0.0,0.0015257079707500624,0.10570604446040693,0.033579335097100954,0.0013182493079570013,0.024667550676871135,0.013014444346738561,0.04737475187248125,0.007203775251071443,0.0031953564135261243,0.007942954091774066,0.0025184236707786255,0.17621258765894093,0.05184216842522941,0.09145748478582294,0.029067337257456343,0.002584384967618273,0.044927935582794204,168,R,0.38655920098297786,7.509240627288818,b,168,False,False
1290,0.9947575360419397,759,L,0.5061047971907714,aliphatic,0.5134641623293954,1.9867821116719884,1.574002831305185,0.5254118019583056,0.42374662617099856,0.6464348064277352,0.5793692106054624,-0.10166517578730705,10,4,1.4930049509561742,0.055226446964627196,171.6410588337626,0.8062525851437099,0.008210663510358415,0.9608735188374932,0.4677831236687815,-0.977647032148552,0.731136225292047,0.5075803434233555,6.145981028323993,0.384747450747027,L:0.506;Y:0.184;H:0.162;F:0.111;W:0.011,0.5134641623293954,0.3061846275393644,0.0015700929681357716,0.007949186102583293,0.16159849612941707,0.0,0.0,0.009233434931104042,0.0,0.009233434931104042,0.007949186102583293,0.0,0.11061474123968118,0.0,0.16159849612941707,0.005935894783786656,0.0,0.5061047971907714,0.0,0.0,0.0,0.0,0.0,0.0,0.0015700929681357716,0.0014234703548373212,0.011472532638695647,0.18409735366098756,169,H,0.044587241751807075,8.508548736572266,b,169,True,False
1291,0.9947575360419397,759,K,0.28255750008183583,basic,0.30462689176472213,3.0105454768263242,2.1161412563204687,0.2808625844898567,0.22526598161056643,0.3309287531149818,0.28812495403700633,-0.05559660287929025,14,6,-1.2143577953302183,-0.1410074132888839,145.52455940723112,0.5191849455528932,0.26151005031374214,-0.15082194853182251,0.008067864475513858,0.9364294241978812,1.8547105010324003,-0.09730557592511602,9.105384073065215,-0.14972579057380475,K:0.283;L:0.212;N:0.169;T:0.072;P:0.058,0.2725207583137308,0.008067864475513858,0.3026258027555507,0.04311684145098002,0.30462689176472213,0.0,0.05838380440766279,0.010658036831839768,0.0,0.010658036831839768,0.02539647559788265,0.017720365853097365,0.008067864475513858,0.0,0.0,0.0,0.28255750008183583,0.21244541812702836,0.05103205364774788,0.16879396209504877,0.05838380440766279,0.025753755032511372,0.02206939168288632,0.03646987309401838,0.07160821253397213,0.009043286538954596,0.0,0.0,170,N,0.223513911320613,11.633119583129883,b,170,False,False
1292,0.9947575360419397,759,L,0.5926281554525215,aliphatic,0.8317484494606212,1.8921743784821499,0.9188167271665044,0.548011015707814,0.66361481159397,0.6317383791724669,0.7211595924981684,0.11560379588615599,8,4,3.093731145689558,0.49270832448851054,156.78137066581274,0.7747473761405552,0.014459179433958805,0.8093298707567469,0.0,1.0,0.34923593916649653,0.6443761459028254,5.763543021325874,0.5449199623188924,L:0.593;I:0.133;V:0.106;T:0.099;K:0.030,0.8317484494606212,0.0,0.1015921133055903,0.01601705057809715,0.030476230012055957,0.0,0.0,0.020166156643635365,0.0,0.020166156643635365,0.01601705057809715,0.0,0.0,0.0,0.0,0.13279574375077352,0.030476230012055957,0.5926281554525215,0.0,0.0,0.0,0.002422764719318398,0.0,0.0,0.0991693485862719,0.1063245502573262,0.0,0.0,171,I,0.023368346509594604,15.087703704833984,c,171,True,False
1293,0.9947575360419397,759,E,0.3519727572541319,acidic,0.37698707351974003,2.858178531999648,2.094156856865388,0.3172589026173419,0.2333146230142733,0.3482567312420588,0.262702362798239,-0.0839442796030686,13,4,-1.9898181610419912,0.0636763089401371,141.2580696996998,0.516834260246227,-0.09669800570976422,-1.6691620682326334,0.0,1.0,1.9045976356351577,0.14495559167474148,10.359760057844287,0.16869782598804084,E:0.352;K:0.244;V:0.079;T:0.059;G:0.045,0.1894293039771467,0.0,0.09886589595424707,0.37698707351974003,0.28028906780997576,0.045113412099047526,0.00931524663984286,0.0,0.04418434311784258,0.0,0.02501431626560811,0.3519727572541319,0.0,0.045113412099047526,0.0,0.016636407437968077,0.24423995382781205,0.04124647315211256,0.008569620702128185,0.0,0.00931524663984286,0.03992626529292897,0.03604911398216373,0.0,0.0589396306613181,0.07879245956709528,0.0,0.0,172,E,0.5342052442610531,18.012935638427734,c,172,False,False
1294,0.9947575360419397,759,D,0.47403718630777153,acidic,0.47403718630777153,1.5729606487154575,1.4192860849417144,0.624262491856173,0.48038950209636555,0.6580831520597933,0.522754319392372,-0.14387298975980745,6,3,-2.0157290468274423,0.7279319595718898,89.12142583226296,0.6105946446451381,-0.47403718630777153,-0.027110648368554147,0.0,1.0,1.2266659109794884,0.42080395726601594,11.003759654676319,0.43638301769991716,D:0.474;G:0.405;S:0.070;N:0.039;T:0.010,0.001520223513661679,0.0,0.11959236406074257,0.47403718630777153,0.0,0.40485022611782423,0.0,0.0,0.0,0.0,0.47403718630777153,0.0,0.0,0.40485022611782423,0.0,0.0,0.0,0.0,0.0,0.039406810242460025,0.0,0.0,0.0,0.06990019539083481,0.010285358427447742,0.001520223513661679,0.0,0.0,173,D,0.592510717520442,20.089115142822266,c,173,False,False
1295,0.981651376146789,749,G,0.8979083760790868,glycine,0.8979083760790868,0.6785561323751829,0.597581062086018,0.8379113994221192,0.781221420753202,0.8533656531901492,0.8050504092524081,-0.05668997866891723,6,1,-0.6411517234993237,0.9056670421149098,65.46410879577694,0.8247291374151355,-0.05523958737270197,0.7850082013725139,0.0,1.0,0.22251210529900955,0.7417375987990291,9.272729227264072,0.8576611302382531,G:0.898;D:0.044;N:0.027;S:0.016;E:0.011,0.004200682225669534,0.0,0.04265135432254154,0.05523958737270197,0.0,0.8979083760790868,0.0,0.0,0.0,0.0,0.04396842912681278,0.011271158245889193,0.0,0.8979083760790868,0.0,0.0,0.0,0.0,0.0,0.026730221908522554,0.0,0.0,0.0,0.015921132414018983,0.0,0.004200682225669534,0.0,0.0,174,G,0.6652683111337515,18.175552368164062,c,174,False,False
1297,0.9895150720838795,755,G,0.5926929130913391,glycine,0.5926929130913391,1.952191216577958,1.5132663416793732,0.5336746257852778,0.4459826770632209,0.5251815297363759,0.4593944799517906,-0.08769194872205688,13,3,-1.018062791995241,0.7719794453315133,85.23570052278787,0.0628776671036082,0.12303818763131819,0.5325971561459318,0.01722355328610896,0.8655400073510086,0.9678123926317893,0.06293920951867682,9.368312974269234,0.8721266622207907,G:0.593;S:0.182;K:0.104;N:0.028;T:0.022,0.023563176198824184,0.0023458144189482727,0.23807105499324063,0.0034494443429425375,0.13987759695470536,0.5926929130913391,0.0,0.0,0.0167055029436802,0.0,0.0034494443429425375,0.0,0.0,0.5926929130913391,0.014877738867160687,0.0037180172720977585,0.10398821225223419,0.0,0.0,0.028151413725667637,0.0,0.005150007728282476,0.021011645835310473,0.18241633981778654,0.022353293721503992,0.003139655983046226,0.0,0.0023458144189482727,175,S,0.32202301025390623,15.891242980957031,b,175,False,False
1298,0.9895150720838795,755,H,0.37580336838228096,basic,0.5794594363836809,2.847376877220279,1.74322878958515,0.3198391240958286,0.36179182694270673,0.40161916775621975,0.44243991937114335,0.04195270284687813,15,5,-1.7555224021095985,-0.0344945593345003,157.86540154766726,0.6759384322795631,0.22330750122164839,0.27711468914128434,0.5213053433258172,-0.9822861507678529,2.1555182020977384,-0.21558400116577214,9.081279970189545,0.2563354324193893,H:0.376;R:0.148;V:0.131;Y:0.123;K:0.056,0.17222884847331194,0.14550197494353628,0.07654115057320428,0.01792890361797973,0.5794594363836809,0.008339686008286943,0.0,0.0,0.0006299010514177795,0.0,0.0,0.01792890361797973,0.022569556916865182,0.008339686008286943,0.37580336838228096,0.020990561558117887,0.055511218948000776,0.019519608508701946,0.0,0.04709102032774259,0.0,0.014757598458725351,0.14814484905339922,0.00685415640215127,0.007838375384585062,0.13108877735507432,0.0,0.12293241802667111,176,V,0.4452264719995959,12.587390899658203,b,176,False,False
1307,0.5976408912188729,456,Y,0.5648096581352146,aromatic,0.5805145063933579,1.9124040048540383,1.4594140343510063,0.5431787082944904,0.4656983809801669,0.5844647093323254,0.4547890622620001,-0.07748032731432353,9,4,-0.09361791058487023,0.25668378901404776,178.28863866958687,0.7556062689345248,0.012630094451812554,0.9954541170967338,0.7068154509114835,-0.646124596672524,1.4311876843138662,0.545720847285273,6.490745401327935,0.6016487293696167,Y:0.565;L:0.196;H:0.126;V:0.051;F:0.016,0.27248075829878815,0.5805145063933579,0.020703790789728463,0.0,0.12630094451812554,0.0,0.0,0.0,0.0,0.0,0.0,0.0,0.015704848258143358,0.0,0.12630094451812554,0.011088734090182534,0.0,0.19568983897439315,0.014342700354629052,0.0,0.0,0.007558897427729227,0.0,0.0,0.013144893361999237,0.051359484879583396,0.0,0.5648096581352146,-1,,,,,-1,False,False
1308,0.5976408912188729,456,R,0.312566096958445,basic,0.4403640821509322,3.247769137026145,1.941810155202552,0.22419630550250325,0.28908980910598614,0.34522584687354496,0.4538732667159193,0.0648935036034829,15,9,-1.9229123581248249,-0.0027555317605691965,148.8099724859991,0.3897004335230805,0.2972520047521037,-0.6001887537769093,0.09018625676343336,0.34820887149796653,2.713235036792917,-0.6952799903158682,9.404571948870222,0.2751075333926074,R:0.313;T:0.116;S:0.101;L:0.079;K:0.071,0.16525675920437943,0.033741996620317835,0.26832491875434583,0.09231224327002449,0.4403640821509322,0.0,0.0,0.0,0.020607722378583104,0.0,0.039326931416272026,0.05298531185375246,0.008522013102692424,0.0,0.056444260143115536,0.05800886705076924,0.07135372504937165,0.07918629692799804,0.005668517653640111,0.0,0.0,0.051740565482354416,0.312566096958445,0.1005594754266241,0.11602487784536733,0.0017853551933889402,0.0,0.02521998351762541,-1,,,,,-1,False,False
1309,0.5976408912188729,456,C,0.5252649510767738,cysteine,0.5252649510767738,2.028260362230679,1.7149562560038085,0.5155037762745004,0.37214259794445403,0.6318748436509363,0.5135889220818108,-0.14336117833004636,9,4,1.8905633549171468,0.7682579084275704,105.60333565921698,0.6901054501200139,0.013144893361999237,0.9465607640634179,0.02522492976489672,0.8046785364204052,0.7914436557120965,0.744468016445585,6.70244155043819,0.6601849541364633,C:0.525;A:0.240;S:0.085;V:0.065;G:0.032,0.3055572787874341,0.02522492976489672,0.09912480262530317,0.0,0.013144893361999237,0.03168314438359289,0.0,0.5252649510767738,0.24015247289571293,0.5252649510767738,0.0,0.0,0.010977720115537395,0.03168314438359289,0.0,0.0,0.013144893361999237,0.0,0.0,0.0,0.0,0.0,0.0,0.08464198808691267,0.0144828145383905,0.06540480589172121,0.0,0.014247209649359324,-1,,,,,-1,False,False
1318,0.9646133682830931,736,Q,0.2969220868455295,polar,0.4493895050499367,3.121499330716164,1.8463823678264664,0.25435872718511876,0.32402658516432836,0.2977088803855903,0.3036381747035344,0.0696678579792096,14,7,-2.6736217384742496,0.4688817044224709,136.6414452712932,0.7047254102080656,-0.2144875066056856,-0.41325431044399497,0.08768032077055385,0.3645743183715401,2.333453056485907,0.5640752255513696,10.70781093955912,0.3950395515067492,Q:0.297;D:0.179;E:0.126;N:0.075;H:0.067,0.07453797116315655,0.020375598082867062,0.4493895050499367,0.3048050909454035,0.15089183475863596,0.0,0.0,0.0,0.0,0.0,0.17857627222032044,0.12622881872508304,0.004486337724831191,0.0,0.0673047226876868,0.020878855966988453,0.06583073141296529,0.015068774334330109,0.0,0.07547971402943672,0.0,0.2969220868455295,0.01775638065798389,0.026888792140890377,0.05009891203408013,0.03859034086183799,0.0,0.01588926035803587,177,Q,0.039662306043836804,11.550838470458984,b,177,True,False
1319,0.9764089121887287,745,F,0.3339201612884246,aliphatic,0.6390217550634404,2.423908815503084,1.0719749002458814,0.4209941240114673,0.6075425401779826,0.5097310055410971,0.5943994368602139,0.1865484161665153,11,5,3.2578061302642896,0.8533459626349548,167.0661496367662,0.6784896840056069,0.0006526246545070063,0.9997329026037957,0.34945407725767014,-0.8058582677480386,0.051940707612000814,0.9462478446828056,5.433948626968939,0.9152746158186564,F:0.334;L:0.252;V:0.179;I:0.098;M:0.090,0.6390217550634404,0.3429278307126001,0.009348707994620283,0.0,0.006526246545070062,0.0,0.0,0.00217545968426917,0.020295596632274905,0.00217545968426917,0.0,0.0,0.3339201612884246,0.0,0.006526246545070062,0.09788480400547822,0.0,0.2519159017115094,0.08974826142609646,0.0,0.0,0.0,0.0,0.008309343480932442,0.001039364513687841,0.17917719128808143,0.0,0.009007669424175475,178,L,0.25702447084645136,11.98137092590332,b,178,False,False
1320,0.9764089121887287,745,K,0.2529014584471914,basic,0.47125454390474025,3.226822076485487,1.9150283715241296,0.2291999884216609,0.29889480620948683,0.21743833709741744,0.3085005618565484,0.06969481778782594,15,5,-2.014904238634408,0.2025582038826257,138.96584070510784,0.21580479120915552,0.32983672768679095,-0.5599715417494573,0.07914647329961112,0.42105445801765407,2.244959450445158,-0.49439091854303263,9.941177780273007,0.5199674965002605,K:0.253;A:0.197;R:0.152;H:0.066;Q:0.061,0.2582037618100561,0.012900512913789308,0.1584765005234916,0.08179645187070964,0.47125454390474025,0.01736822897721321,0.0,0.0,0.19675507010375212,0.0,0.04754643079550507,0.03425002107520457,0.0,0.01736822897721321,0.06624596038582181,0.0,0.2529014584471914,0.0,0.033077492241974635,0.027103002412506846,0.0,0.06055053468054914,0.15210712507172702,0.022249951706452886,0.04857301172398273,0.02837119946432936,0.0007729387357320009,0.012127574178057307,179,A,0.0,8.708863258361816,b,179,True,False
1321,0.9764089121887287,745,T,0.5291839945238849,polar,0.7435526563259947,1.998089921290306,1.1612443445746445,0.5227106738582346,0.5748603763018009,0.6354127848220954,0.7406156753136112,0.052149702443566315,8,3,-1.1654314845561307,0.7146118525148619,110.37489218055731,0.8056781460135811,-0.16727444543478814,0.35662185722782147,0.0,1.0,1.9228668056604827,0.7821286841593682,9.525762098128284,0.509171880474094,T:0.529;D:0.176;S:0.172;N:0.042;G:0.029,0.042942757607442816,0.0,0.7435526563259947,0.17571599323410067,0.008441547799312532,0.029347045033149277,0.0,0.0,0.014181346808751185,0.0,0.17571599323410067,0.0,0.0,0.029347045033149277,0.0,0.028761410798691628,0.0,0.0,0.0,0.042121767543729434,0.0,0.0,0.008441547799312532,0.17224689425838038,0.5291839945238849,0.0,0.0,0.0,180,D,0.2036587216075838,10.297567367553711,b,180,False,False
1322,0.9764089121887287,745,T,0.37388339779357993,polar,0.5358109010964667,2.548778489484319,1.6633080910514821,0.3911661558529781,0.39105135002158686,0.41853704145130965,0.44383174962748284,-0.00011480583139122924,13,5,-0.9915121683657254,0.32473879136909234,130.65929737715976,0.5614022123301731,0.035329672693694913,0.9613982606535955,0.3087658377720749,-0.6953916026946101,1.7515908103482272,0.5797034772235159,8.987747723494785,0.5178805226938363,T:0.374;H:0.275;N:0.105;V:0.058;S:0.057,0.12463614862210934,0.03419795684841271,0.5358109010964667,0.0,0.28244076552499087,0.02291422790802051,0.0,0.0,0.003211807310815221,0.0,0.0,0.0,0.03316234062671127,0.02291422790802051,0.2745678809236622,0.049857827385188055,0.007872884601328692,0.005241889335460272,0.007830385589168862,0.1051433600605805,0.0,0.0,0.0,0.056784143242306226,0.37388339779357993,0.05849423900147693,0.0,0.0010356162217014353,181,H,0.014376525368009294,6.048965930938721,b,181,True,False
1324,0.9973787680209698,761,Y,0.6922883043310567,aromatic,0.7293874204444384,1.9019550760859327,1.2868417878756555,0.5456746731244475,0.5288782795691735,0.6053436651590098,0.5786794918527296,-0.01679639355527396,14,2,-0.5954899234076921,0.5182389309784208,181.23316996877648,0.6356302724027653,-0.0018287667914171184,0.8635831177065978,0.7573875775273937,-0.4596435162907848,1.6896216882554609,0.5688705493364644,6.552769057645037,0.6814210867453467,Y:0.692;I:0.077;M:0.047;F:0.037;H:0.028,0.14893411074363466,0.7293874204444384,0.06084045840217868,0.018733317913252785,0.04210469249649542,0.0,0.0,0.0,0.008141851789576224,0.0,0.003887795929888116,0.014845521983364668,0.037099116113381694,0.0,0.028000157082955283,0.07656918380311244,0.0,0.007804411413993328,0.04703813680696091,0.0,0.0,0.01937453572887341,0.014104535413540138,0.015622039972532073,0.025843882700773195,0.009380526929991764,0.0,0.6922883043310567,182,Y,0.3914066213165399,9.721710205078125,b,182,False,False
1325,0.9973787680209698,761,K,0.3394823975916853,basic,0.5467179163929808,2.4842270679960667,1.4814838866115232,0.4065857343891257,0.45761845471060325,0.49709823105899176,0.598715290562053,0.05103272032147754,10,5,-3.2845922778263263,0.6666689757432189,154.50798015985274,0.7439954161865538,0.451290028615732,-0.5070288645675061,0.03844415565387016,0.7063564746343123,3.0203779823889167,0.29387083526850655,10.554650752578128,0.6935771285726158,K:0.339;Q:0.270;R:0.169;T:0.064;D:0.061,0.049904109708976144,0.0,0.3410054430633152,0.06082814768876571,0.5467179163929808,0.0015443831459621075,0.0,0.0,0.0,0.0,0.06082814768876571,0.0,0.0,0.0015443831459621075,0.03844415565387016,0.021594432263424484,0.3394823975916853,0.0,0.028309677445551663,0.007552387362829176,0.0,0.2698660937020022,0.16879136314742538,0.0,0.06358696199848385,0.0,0.0,0.0,183,Q,0.03947063446044922,4.799337863922119,b,183,True,True
1327,0.5792922673656619,442,A,0.4533244995859719,aliphatic,0.4567720487581168,1.8621810426907401,1.4768505709010533,0.5551756076894308,0.4593147437877704,0.5757184535940643,0.4732421128335581,-0.09586086390166038,7,3,0.45626827193625874,0.7591706215861576,94.4908254311311,0.8949044477361547,0.010679348927688499,0.9564757164294277,0.0,1.0,0.9718768016102569,0.4596360777796846,8.46193276743806,0.900145667696405,A:0.453;S:0.345;T:0.107;P:0.045;C:0.036,0.4567720487581168,0.0,0.4519541366053965,0.0,0.010679348927688499,0.0,0.04466398409240001,0.035930481616398315,0.4533244995859719,0.035930481616398315,0.0,0.0,0.0,0.0,0.0,0.0,0.010679348927688499,0.0,0.0,0.0,0.04466398409240001,0.0,0.0,0.34542006892892235,0.10653406767647418,0.003447549172144888,0.0,0.0,-1,,,,,-1,False,False
1330,0.9973787680209698,761,K,0.5291186720803779,basic,0.5504186936830106,2.3901261523280763,1.7251783127326725,0.42906388322013256,0.36840023194591587,0.46222834251342826,0.45653083248538373,-0.06066365127421669,15,4,-2.5178573483168813,0.18151090656504665,154.79212255085565,0.6504776311475516,0.4912988405526677,-0.47747712568001077,0.013175646326831705,0.8967173486785895,2.4170347648011408,0.2318866677463104,10.259644566389374,0.4076708845494512,K:0.529;Q:0.189;I:0.061;A:0.050;E:0.036,0.1614947431026981,0.008141851789576228,0.21597474644791056,0.05458943804681282,0.5504186936830106,0.00938052692999177,0.0,0.0,0.05019107337385206,0.0,0.01821424035367949,0.03637519769313333,0.008141851789576228,0.00938052692999177,0.005033794537255477,0.06069831013699766,0.5291186720803779,0.009405508004282056,0.026969557283148708,0.007792930148240649,0.0,0.18935872502092332,0.016266227065377153,0.0,0.018823091278746602,0.014230294304417614,0.0,0.0,184,Q,0.28566348605685765,8.979009628295898,b,184,False,False
1332,0.9960681520314548,760,K,0.6071689408705835,basic,0.6538482627962711,1.8276483479864525,1.1767111972039714,0.5634245290265771,0.569197854079541,0.5864605941835644,0.612878936275736,0.005773325052963907,11,4,-2.9255885215358415,0.6755291959819383,149.68076409516513,0.48296837245733837,0.642259121521038,-0.04200155528212646,0.0038905616384514205,0.969215298562025,2.7526840842731284,0.6713572348417615,10.508440718036837,0.7410861939876632,K:0.607;T:0.205;N:0.052;S:0.051;R:0.047,0.015574494556181014,0.0038905616384514205,0.30748656826970444,0.011589141275233018,0.6538482627962711,0.007610971464158854,0.0,0.0,0.0,0.0,0.003667263486446378,0.00792187778878664,0.0,0.007610971464158854,0.0,0.0039179536826308686,0.6071689408705835,0.0,0.0,0.051848109666162163,0.0,0.0,0.04667932192568758,0.05081548682707809,0.20482297177646416,0.011656540873550145,0.0,0.0038905616384514205,186,T,0.19120872852414153,11.115875244140625,b,186,True,False
1333,0.9960681520314548,760,P,0.5817838037860754,proline,0.5817838037860754,2.2321546802382555,1.9350854642237274,0.4667989704451777,0.2915517652012568,0.33299255673703165,0.1723326563639619,-0.1752472052439209,12,4,-0.9717825321405842,0.5001934472111185,118.11759022052651,0.5516753853450655,0.051146221065697405,0.43195969214455343,0.03294177384259197,0.7469448411397808,0.4813761443326662,0.3889879437818128,8.382082822352615,0.6377370282359933,P:0.582;A:0.105;K:0.087;V:0.063;G:0.034,0.16754935389580283,0.03294177384259197,0.04291825654559205,0.04467931807386634,0.09582553913956375,0.03430195471650784,0.5817838037860754,0.0,0.1046178255051333,0.0,0.025186033547810384,0.019493284526055955,0.03294177384259197,0.03430195471650784,0.0,0.0,0.0873543621840852,0.0,0.0,0.0017620237641010582,0.5817838037860754,0.0,0.008471176955478554,0.01912767908054415,0.022028553700946845,0.06293152839066952,0.0,0.0,187,P,0.17924124039943862,12.858490943908691,b,187,True,False
1334,0.5884665792922673,449,I,0.39896854623469685,aliphatic,0.8297917265978793,2.648105225073187,0.9539268885500718,0.3674397008061213,0.6507607375411397,0.3405225535971884,0.6088841028822727,0.2833210367350184,12,5,2.943437857957364,0.35815204377987053,148.34489263438206,0.3639729343571497,-0.028181157358385882,0.8871779672273005,0.02301803405416764,0.8213634321652252,0.2895109142925524,0.6457742457090232,6.270318457063811,0.3530280101637251,I:0.399;L:0.232;A:0.096;V:0.068;N:0.052,0.8297917265978793,0.02301803405416764,0.09036488430097751,0.028181157358385882,0.0,0.02864419768858962,0.0,0.0,0.09646709042164149,0.0,0.022088111569804555,0.006093045788581327,0.02301803405416764,0.02864419768858962,0.0,0.39896854623469685,0.0,0.23163225086428624,0.03499671597602938,0.052418830973825624,0.0,0.0,0.0,0.0104221330610341,0.027523920266117788,0.06772712310122533,0.0,0.0,188,I,0.3750152587890625,11.039275169372559,c,188,False,False
1335,0.5884665792922673,449,G,0.42540294061173806,glycine,0.42540294061173806,2.631323185251698,2.04157433396158,0.37144847358072697,0.2525654500300254,0.3112242712634714,0.1962822768142396,-0.11888302355070157,11,5,-1.4348406951833972,0.6498362881212457,101.26733234545753,-0.2011872497374083,0.0941228289118552,0.35110074442501493,0.15776243760826858,-0.055489226776911815,1.1924446314619042,-0.031188807531834728,9.6121695339164,0.8311044683264439,G:0.425;H:0.158;S:0.107;K:0.084;A:0.080,0.0799318297220555,0.0,0.15546661820702057,0.04322596031726512,0.279334983076562,0.42540294061173806,0.016637668065358754,0.0,0.0799318297220555,0.0,0.0,0.04322596031726512,0.0,0.42540294061173806,0.15776243760826858,0.0,0.08369722944714762,0.0,0.0,0.010422133061034103,0.016637668065358754,0.028644197688589626,0.037875316021145806,0.1073540629404769,0.009046224516919953,0.0,0.0,0.0,189,G,0.22515203402592585,15.091181755065918,c,189,False,False
1344,0.581913499344692,444,P,0.34726791934328183,aliphatic,0.3720470812133425,3.0414558552694997,2.081975974181145,0.27347893596596895,0.23777412880638793,0.19578618171473583,0.2506918960670377,-0.03570480715958102,14,6,-0.2881903660545921,0.14360598516590684,124.73791071113519,0.44977223338472183,0.002042310220467941,0.5772678716978678,0.013568751979385743,0.8936782010881116,0.7003627486890895,0.2337134643168417,8.233612693726158,0.2933373559354763,P:0.347;A:0.148;N:0.115;I:0.092;L:0.068,0.3720470812133425,0.013568751979385743,0.1504532748037043,0.050288976997779414,0.052331287218247355,0.014042708444258912,0.34726791934328183,0.0,0.14789041287100485,0.0,0.01885826482937163,0.03143071216840779,0.0,0.014042708444258912,0.0,0.09196738275540331,0.052331287218247355,0.06755821249502605,0.047836119574797956,0.11474687947260855,0.34726791934328183,0.0,0.0,0.007978446373487809,0.02772794895760793,0.016794953517110356,0.0,0.013568751979385743,192,P,0.7609862801413866,17.993242263793945,b,192,False,False
1345,0.9921363040629095,757,V,0.563743342464349,aliphatic,0.889169437016166,2.106887932917799,0.7491802524277738,0.49672178862242067,0.7257199037503755,0.5449681454472708,0.7001221737360424,0.22899811512795487,11,3,3.508389204649828,0.6707604323318676,145.02105903125803,0.6924690326606568,0.0021106198787905137,0.9199669123289846,0.03364294086750976,0.7417459349312413,0.10156971523221682,0.8777716071548288,5.993919946141675,0.7756787004526593,V:0.564;L:0.175;I:0.093;A:0.042;F:0.034,0.889169437016166,0.03364294086750976,0.025967098511744367,0.008660731714471308,0.010771351593261822,0.0016077219789228509,0.030180718317923846,0.0,0.042349084794963424,0.0,0.0,0.008660731714471308,0.03364294086750976,0.0016077219789228509,0.0,0.09269511941615578,0.010771351593261822,0.17547984175978282,0.014902048580914958,0.0,0.030180718317923846,0.0,0.0,0.025967098511744367,0.0,0.563743342464349,0.0,0.0,193,V,0.15148190246231255,15.166694641113281,b,193,True,False
1347,0.5950196592398427,454,K,0.41795615600900154,basic,0.4529632426321924,2.573522727780813,1.622907488343873,0.38525543046640576,0.4058422914048878,0.39520358519685983,0.41060777839790286,0.020586860938482054,12,6,-3.2793067023384657,0.7403732905870596,146.37609199299624,0.6342306930506418,0.30434879486451155,-1.0966429268018776,0.0,1.0,2.752592285508504,0.6740669681664757,11.026420582080757,0.7456278291792304,K:0.418;Q:0.164;N:0.134;E:0.082;D:0.067,0.03401811072817714,0.0,0.3644041988719496,0.14861444776768085,0.4529632426321924,0.0,0.0,0.0,0.01084395556303781,0.0,0.0667797045211184,0.08183474324656244,0.0,0.0,0.0,0.008305926550446577,0.41795615600900154,0.005593465626516604,0.0,0.13409431613822254,0.0,0.1635567749480616,0.03500708662319085,0.001942060817380545,0.06481104696828494,0.009274762988176146,0.0,0.0,-1,,,,,-1,False,False
1358,0.9947575360419397,759,L,0.3647070721052267,aliphatic,0.8154530845230086,2.5131322122915756,1.008996902430375,0.39968108175270944,0.6305992227940409,0.4338851699198055,0.6836628197737568,0.23091814104133146,10,6,2.4259733992207817,0.4330682206156563,154.74958225186293,0.49927682342200475,0.0,1.0,0.034376513778948,0.7363151109991545,0.24907271422465965,0.6372435121677982,5.988878780049895,0.5960647382864216,L:0.365;M:0.265;I:0.101;Q:0.077;V:0.075,0.8154530845230086,0.034376513778948,0.07735553993052918,0.0,0.0,0.06319952065270681,0.009615341114807524,0.0,0.009489573260039765,0.0,0.0,0.0,0.025873466562411945,0.06319952065270681,0.0,0.10084188263234124,0.0,0.3647070721052267,0.26543796395260877,0.0,0.009615341114807524,0.07735553993052918,0.0,0.0,0.0,0.07497659257279211,0.0,0.008503047216536053,195,L,0.24204838691066152,16.91434669494629,b,195,False,False
1359,0.9947575360419397,759,P,0.957635622584415,proline,0.957635622584415,0.3048105864492176,0.3048105864492176,0.9271890429669577,0.8884067262607728,0.911933677151495,0.8650256819398692,-0.03878231670618493,4,1,-1.570446999574124,0.9785851043602118,112.26518730411523,0.9812400186162852,-0.009489573260039765,0.9612782020473476,0.0,1.0,0.07547512600703246,0.9211407847146446,8.067002329314956,0.9535228438749028,P:0.958;S:0.028,0.004626814412068594,0.0,0.028247989743476462,0.009489573260039765,0.0,0.0,0.957635622584415,0.0,0.0,0.0,0.009489573260039765,0.0,0.0,0.0,0.0,0.0,0.0,0.004626814412068594,0.0,0.0,0.957635622584415,0.0,0.0,0.028247989743476462,0.0,0.0,0.0,0.0,196,P,0.054766301089112866,14.456806182861328,b,196,True,False
1361,0.9370904325032765,715,G,0.34309644393445105,acidic,0.37266943430568245,2.695097887179549,2.0955308487560877,0.3562144322176739,0.23281159503561777,0.33044402997673217,0.2194597348990498,-0.12340283718205614,14,6,-2.0763318247040234,0.5908475799171149,106.22340028508546,0.03136143154170923,-0.2532108457011574,-0.761212382077739,0.0054095879684717876,0.9572610305127968,1.3575076964347728,-0.13384809491491212,10.492800277178194,0.3573017466333902,G:0.343;D:0.274;E:0.099;P:0.081;R:0.064,0.03575443192373879,0.0,0.04335676213673309,0.37266943430568245,0.12432721777614963,0.34309644393445105,0.08079570992324497,0.0,0.0,0.0,0.27371234973704744,0.098957084568635,0.0,0.34309644393445105,0.0054095879684717876,0.013992057915326381,0.05460318982620911,0.011913401336444307,0.009848972671968104,0.014472608016996624,0.08079570992324497,0.014781750210030392,0.06431443998146873,0.004852866880353023,0.00924953702935305,0.0,0.0,0.0,197,D,0.49825970743604275,16.336259841918945,c,197,False,False
1362,0.9580602883355177,731,Y,0.34641033791619236,aromatic,0.5170002822918494,2.877164348265227,1.8425040977725393,0.31272370760179535,0.3254464467800424,0.33247128952470906,0.3806158303666649,0.012722739178247067,16,5,-0.47109036409289917,0.33497635688750693,154.09204721937766,-0.296435663862163,-0.014410535335589966,0.8608853377962085,0.5170002822918494,-0.9835961090446514,1.447518352865822,0.22257884087656243,7.611635769665021,0.17523145177026656,Y:0.346;N:0.173;F:0.140;A:0.112;V:0.051,0.17664770196569338,0.5170002822918494,0.2260213043067108,0.024193790923919,0.009783255588329034,0.005076270541952174,0.04127739438154618,0.0,0.11184086259130242,0.0,0.02227085752402996,0.0019229333998890398,0.14036291943189938,0.005076270541952174,0.0,0.005423387571519292,0.0016100640002742514,0.008850417151496221,0.0,0.17347213612878726,0.04127739438154618,0.004872175558536095,0.008173191588054783,0.04767699261938746,0.0,0.05053303465137543,0.030227024943757657,0.34641033791619236,198,N,0.5150966546474359,15.67635440826416,b,198,False,False
1363,0.9973787680209698,761,H,0.6984540699236085,basic,0.740932421244227,1.5890099091264795,1.2144966728021611,0.6204287601481908,0.5553643289027566,0.7655815643158275,0.697854283513261,-0.06506443124543426,10,3,-2.292408134854876,0.5682731765149022,158.24417753434088,0.8322910748775425,0.10465861663387231,0.8097813942710601,0.8106078294503382,-0.2195185369964232,1.7771265847617825,0.7034826404182297,9.386499578211108,0.44315351930245095,H:0.698;Y:0.107;M:0.098;K:0.042;V:0.014,0.12260981835389037,0.11215375952672971,0.007552387362829176,0.007665141679106998,0.740932421244227,0.00908647183321705,0.0,0.0,0.0,0.0,0.0,0.007665141679106998,0.004755786773725345,0.00908647183321705,0.6984540699236085,0.010126020657032563,0.04247835132061845,0.0,0.09847455749557756,0.0,0.0,0.007552387362829176,0.0,0.0,0.0,0.014009240201280256,0.0,0.10739797275300436,199,H,0.04412241067205157,12.029011726379395,b,199,True,False
1364,0.9973787680209698,761,F,0.5052850002986101,aromatic,0.768416452567098,2.342813139290744,1.1829937428084647,0.4403656749311594,0.5668977704781527,0.4925177203861507,0.5592204739518919,0.1265320955469933,15,3,0.9684176907070065,0.27928614325538914,180.1635265080411,0.5476086813496701,0.0156552647854512,0.8916943504100184,0.8285040922649207,-0.12866227643269879,0.8434709313659305,0.39513661696129265,6.312616514456644,0.4538761066531145,F:0.505;Y:0.228;H:0.060;V:0.044;N:0.037,0.08424903317686264,0.768416452567098,0.0613120131622269,0.008144180290160438,0.07787832080365205,0.0,0.0,0.0,0.012930489705861291,0.0,0.003362536803249617,0.004781643486910821,0.5052850002986101,0.0,0.06008763969782268,0.022830173779444383,0.017790681105829372,0.004373261723062566,0.0,0.03720475861293357,0.0,0.003046053740142434,0.0,0.006335135667433339,0.014726065141717556,0.044115107968494396,0.03550249514202932,0.22762895712645856,200,Y,0.2537815688680787,9.885601997375488,b,200,False,False
1365,0.9973787680209698,761,V,0.45036427849557237,aliphatic,0.894648003903711,2.1860501990095513,0.6283843535540177,0.47781207678403237,0.7699441217036482,0.494705656294675,0.7308987551891963,0.29213204491961586,12,4,3.5334752857462237,0.6516455180381832,147.91950137907227,0.7481769847409536,-0.008286116173143315,0.9617669724357045,0.009667438723219608,0.9239484487261158,0.1966749385453498,0.8019096277529563,5.934611695127762,0.7553815857553106,V:0.450;I:0.211;L:0.200;T:0.068;A:0.019,0.894648003903711,0.0,0.076362304600621,0.009252860045465276,0.009667438723219608,0.00803741095031329,0.0,0.0020319817766697784,0.01883906443565796,0.0020319817766697784,0.0,0.009252860045465276,0.0,0.00803741095031329,0.009667438723219608,0.21050167226546054,0.0,0.19953134116909027,0.015411647537929925,0.0,0.0,0.004077750030068223,0.0,0.003966145620394495,0.06831840895015828,0.45036427849557237,0.0,0.0,201,L,0.0020027000512649763,6.660702228546143,b,201,True,False
1366,0.9973787680209698,761,D,0.3107129298798153,acidic,0.4275715253653437,3.155419567122351,2.0005639261274974,0.24625610547406795,0.2675796453074869,0.3139258668867507,0.3252166510175143,0.021323539833418947,15,7,-2.4094807391231194,0.6220717025980396,127.90513580140316,0.3306652799236892,-0.3573313506074741,-0.4843114979535259,0.2004265823649602,-0.27300250680605953,2.024026410264894,0.5726158499070684,10.689550831187008,0.23115012543876057,D:0.311;S:0.129;E:0.117;H:0.109;T:0.064,0.0019574646234210825,0.09135022493318841,0.27340963944798996,0.4275715253653437,0.16840889644646426,0.03193497334995317,0.0,0.005367275833639505,0.0,0.005367275833639505,0.3107129298798153,0.1168585954855284,0.05510886047786384,0.03193497334995317,0.10907635743177178,0.0,0.023830043872663145,0.0,0.0,0.01644539068873299,0.0,0.0636176131431558,0.03550249514202933,0.1293278623778198,0.06401877323828137,0.0019574646234210825,0.0030042501296299036,0.033237114325694664,202,S,0.2714269084315146,6.9589715003967285,b,202,False,False
1376,0.9973787680209698,761,H,0.36533011212912075,basic,0.5991238726836094,2.880557240537628,1.7241399815374345,0.3119132379381878,0.36878037221155413,0.48913893906615635,0.5700496575528489,0.056867134273366315,18,5,-2.1064491776406027,0.2197368151139074,152.44940418555439,0.6157500496160125,0.22684595596669255,0.05469184360774848,0.4271111455153936,-0.9436894091494754,2.379767541377861,-0.16107669170910222,9.446683647913186,0.4417846200131411,H:0.365;R:0.191;T:0.126;I:0.075;Y:0.059,0.12203365655531452,0.06178103338627281,0.1700162425811239,0.0434808158007083,0.5991238726836094,0.0007178235495022498,0.0,0.0028465554434687797,0.015066472352820265,0.0028465554434687797,0.0,0.0434808158007083,0.0026080935730111786,0.0007178235495022498,0.36533011212912075,0.07522420431103416,0.04309587269604559,0.010428916944992657,0.007552387362829176,0.017829430933744977,0.0,0.0008386931500827015,0.19069788785844313,0.025373407795684876,0.12597471070161137,0.013761675583638264,0.0005244161782170642,0.05864852363504457,203,T,0.023632861847101255,3.544808864593506,b,203,True,True
1377,0.9973787680209698,761,R,0.36319847847715797,basic,0.6651168580975453,2.5933673780054303,1.4885722605003915,0.380515083381771,0.45502335177483866,0.4413537580937008,0.578056960310183,0.07450826839306768,15,4,-3.217394032575053,0.45761696734467183,161.12745730548,0.652039106194402,0.5957790651228428,-0.0070742451855982935,0.09962107407940969,0.2874880840131423,3.331348983471518,-0.20643640708819744,10.097304369364766,0.5817718837207311,R:0.363;K:0.230;Q:0.189;H:0.071;C:0.032,0.051361984864737156,0.028171465508456395,0.20892037513103645,0.005033145260844431,0.6651168580975453,0.009205928674864167,0.0,0.03219024246251613,0.004250711985605042,0.03219024246251613,0.0,0.005033145260844431,0.0,0.009205928674864167,0.0714496085709533,0.03190315873434342,0.23046877104943403,0.0,0.007552387362829176,0.004200656525256287,0.0,0.1885816555155288,0.36319847847715797,0.010411802700930605,0.005726260389320765,0.007655726781959523,0.028171465508456395,0.0,204,Q,0.43281412760416665,5.51182746887207,b,204,False,False
1378,0.9973787680209698,761,L,0.30378782454700454,aliphatic,0.676548518285065,2.751259494017469,1.1929530773057075,0.34279895216490464,0.5632515889141915,0.4586877468577655,0.7268820903226636,0.22045263674928683,12,5,2.361193568109531,0.2748122477270133,146.45669820724783,0.4187750295864848,-0.0011775309641210488,0.9951548143803913,0.03550249514202932,0.7279958214780509,0.6680293287655144,0.4539388028095761,6.386447759227046,0.4460242096521694,L:0.304;I:0.243;S:0.118;T:0.107;V:0.091,0.676548518285065,0.03550249514202932,0.2683856935100694,0.0011775309641210488,0.0,0.0,0.0039661456203944935,0.014419616478320556,0.008739525956933189,0.014419616478320556,0.0011775309641210488,0.0,0.0,0.0,0.0,0.24344391534552784,0.0,0.30378782454700454,0.029947584692027993,0.043478273054754275,0.0039661456203944935,0.0,0.0,0.11793402518042367,0.10697339527489146,0.0906296677435715,0.0,0.03550249514202932,205,S,0.0896575435515373,3.9952306747436523,b,205,True,True
1379,0.9973787680209698,761,E,0.37063506757477965,acidic,0.475993831153048,2.952947827108455,1.8127912742602759,0.2946210961205237,0.33632451793365625,0.3779235941780178,0.38517085087276715,0.04170342181313258,14,7,-1.6060966323697818,-0.056686114223627015,134.87734226443328,0.6896410601779392,-0.3637879165378633,-0.8569869216949899,0.05718033365830814,0.5717563729223075,1.6864041215626535,0.44131193943208746,10.378718285898728,0.04074073754042096,E:0.371;V:0.125;D:0.105;K:0.099;T:0.069,0.23192267459113242,0.0006927421364094417,0.12834600513451647,0.475993831153048,0.1630447469848935,0.0,0.0,0.0,0.06090773049261125,0.0,0.10535876357826833,0.37063506757477965,0.0006927421364094417,0.0,0.056487591521898695,0.037211892179546166,0.09900476810016563,0.008852021580452674,0.0,0.013886203327560059,0.0,0.01608682150152442,0.0075523873628291745,0.029460357291812646,0.06891262301361935,0.12495103033852233,0.0,0.0,206,A,0.41568214948787247,8.489092826843262,b,206,False,False
1380,0.9973787680209698,761,I,0.2316419637558718,aliphatic,0.4966421956739037,2.9741440390207705,1.8397009684018784,0.289557897716593,0.32647269192077266,0.3432555122880393,0.380086022859483,0.036914794204179646,14,6,0.27929549727222547,-0.8450674630287367,160.7664457803873,0.8143903902249148,0.2101064130356614,-0.32029416760390905,0.017347780464440386,0.8645873156073054,1.7221449553897759,-1.1253671554548421,7.88470328713396,-0.2659880127395937,I:0.232;L:0.211;R:0.193;K:0.095;Q:0.092,0.4966421956739037,0.017347780464440386,0.10781680093477777,0.07726652272345048,0.28737293575911194,0.0,0.0006578965771508614,0.012895867867164812,0.0,0.012895867867164812,0.01675161351232404,0.06051490921112644,0.017347780464440386,0.0,0.0,0.2316419637558718,0.09467739015792248,0.21053448330046934,0.013817590671091022,0.0,0.0006578965771508614,0.09157254172643971,0.19269554560118943,0.011813984244360635,0.004430274963977442,0.04064815794647161,0.0,0.0,207,L,0.12660453568643598,8.610570907592773,b,207,True,False
1381,0.9764089121887287,745,T,0.2501280643699914,polar,0.5073325057798324,3.0099501853555153,1.739622508801416,0.2810047834279189,0.3631121113966288,0.2886476603737784,0.3140488652130059,0.0821073279687099,17,5,0.020530757821439205,0.21879532940355373,127.96503841344095,0.26636748338602767,0.07901341588572487,0.35862695190491467,0.00675456095997219,0.9467071071152408,1.484206308665475,0.3411705300715081,8.310553550895168,0.28888024837743653,T:0.250;S:0.245;L:0.150;K:0.116;I:0.058,0.3076332021373363,0.00675456095997219,0.5073325057798324,0.0414598891583838,0.12047330504410866,0.009903851809290532,0.0064426851110760686,0.0,0.043775505815042165,0.0,0.014603156988445764,0.026856732169938034,0.002727612780702568,0.009903851809290532,0.0,0.05774846227854254,0.11596303522360785,0.1501168229273238,0.035720668552676006,0.008354208275268227,0.0064426851110760686,0.00379990756117716,0.004510269820500823,0.2450503255733956,0.2501280643699914,0.020271742563751756,0.004026948179269622,0.0,208,S,0.34283402965914817,12.457626342773438,b,208,False,False
1382,0.9842726081258192,751,K,0.39833296188286177,basic,0.5340150552476849,2.787446640356996,1.7349370547013372,0.3341548273398153,0.3648274887005263,0.2771274410291201,0.30238729431724165,0.030672661360711007,14,6,-2.818332092180328,0.6559668944573923,138.40408086817257,0.2560469022385725,0.3016044652048944,-1.0777282816479876,0.09836153596575169,0.2955124492805893,2.4715583731115984,0.5248929419303117,10.74634687575119,0.6880424984884204,K:0.398;S:0.173;D:0.100;H:0.091;N:0.053,0.04623156160485909,0.007831205194122946,0.248051126089734,0.15093329234832464,0.5340150552476849,0.012937759515274474,0.0,0.0,0.030391512382286302,0.0,0.10001830599491565,0.05091498635340898,0.0,0.012937759515274474,0.09053033077162874,0.0,0.39833296188286177,0.003820579377685403,0.0,0.05332928071645098,0.0,0.002779484972969525,0.045151762593194394,0.17295721999630706,0.018985140404006437,0.012019469844887387,0.0,0.007831205194122946,209,K,0.4080802788168697,15.307153701782227,b,209,False,False
1383,0.9868938401048493,753,D,0.3232173141814351,acidic,0.44658690478430774,2.9387892584848747,1.8720152005910315,0.298003192994881,0.3146422269741167,0.24806419365408394,0.27862972456170776,0.016639033979235718,15,6,-1.9809616315093221,0.18727791639135727,129.92438512004702,0.6230847873494645,-0.3808928590651242,-0.43953349158534394,0.19869484395454853,-0.26473671240886465,1.822210413261395,0.5495286717516352,10.590485312877624,0.05810205898477572,D:0.323;H:0.197;E:0.123;S:0.086;V:0.070,0.145283541565297,0.0013383782582973376,0.16198459304335563,0.44658690478430774,0.24331486484580964,0.0,0.0014917175029327478,0.0,0.006429192753516694,0.0,0.3232173141814351,0.1233695906028726,0.0,0.0,0.1973564656962512,0.021789674186948937,0.019543854578361095,0.04727585638990819,0.0,0.013104113277673099,0.0014917175029327478,0.003869329828228092,0.026414544571197317,0.0862616720882261,0.05874947784922834,0.06978881823492317,0.0,0.0013383782582973376,210,D,0.27144654427167664,16.537593841552734,c,210,False,False
1384,0.9895150720838795,755,P,0.20188516719932614,polar,0.25339967621722237,3.3246695437093687,2.460184913971492,0.20582689034517065,0.09930920788514985,0.24254234154369925,0.1682302242799839,-0.1065176824600208,14,8,-2.064081413524482,0.5427661390781249,117.08294937386844,0.45776394212374316,-0.09364860589572249,-0.5020387034452147,0.0020123639947098463,0.9840468191042677,1.5868150472015072,0.025895512163800705,10.15460006702098,0.36157340597870513,P:0.202;D:0.180;N:0.117;K:0.115;G:0.079,0.09023348914266852,0.0,0.25339967621722237,0.2336060518202351,0.14176857351975147,0.0791070421007964,0.20188516719932614,0.0,0.05155813712404853,0.0,0.17996624122915095,0.05363981059108417,0.0,0.0791070421007964,0.0020123639947098463,0.0,0.11462416041737199,0.01448118545481455,0.0,0.11686387210593803,0.20188516719932614,0.022382264240770167,0.025132049107669654,0.07412832395810313,0.04002521591241106,0.02419416656380544,0.0,0.0,211,P,0.8221093903547563,19.828102111816406,c,211,False,False
1385,0.9750982961992136,744,T,0.17577514264845553,polar,0.4296463320610113,3.1245035037831594,1.8802158407579628,0.2536411119649621,0.31163991562513826,0.2844448830777011,0.2948660700460872,0.05799880366017618,14,5,-2.4879834458470524,0.5604630416990002,129.46642355173887,0.5908224073520661,-0.13538025959172034,-0.8794655832317395,0.013614635224595053,0.8933236321424927,2.2502289406586753,0.5723336986513489,10.72698399258333,0.4130978838758067,T:0.176;N:0.174;E:0.170;K:0.151;D:0.136,0.06060071663765201,0.0,0.4296463320610113,0.3055820937680945,0.18245500587850969,0.013144875253380714,0.008570976401351712,0.0,0.0124934243443115,0.0,0.13586655120890545,0.16971554255918903,0.0,0.013144875253380714,0.013614635224595053,0.003850416323400753,0.15113689853545148,0.04425687596993976,0.0,0.17442035737646705,0.008570976401351712,0.03619440497613627,0.017703472118463143,0.04325642705995248,0.17577514264845553,0.0,0.0,0.0,212,N,0.6643892728365385,21.5902156829834,c,212,False,False
1389,0.9515072083879423,726,E,0.40960707114271705,acidic,0.778538434648054,2.111380206174216,1.1923666861238014,0.49564870674930095,0.5634662708005491,0.4801237539028499,0.518996802318899,0.06781756405124817,11,4,-3.1380482297205767,0.8251012511872805,124.06604439978,0.7392138544920428,-0.7223032312948163,-0.28963205354885035,0.003297076373839476,0.9738958034941446,2.000769569119374,0.7943488155501736,12.063118752693894,0.7406478562258165,E:0.410;D:0.369;N:0.063;K:0.054;A:0.044,0.043726608334139806,0.003297076373839476,0.10071126224009476,0.778538434648054,0.05623520335323755,0.009359719078988254,0.008131695971646364,0.0,0.043726608334139806,0.0,0.3689313635053369,0.40960707114271705,0.0,0.009359719078988254,0.0,0.0,0.05444861312128983,0.0,0.0,0.06339723207178934,0.008131695971646364,0.0,0.0017865902319477139,0.024314223957470276,0.012999806210835142,0.0,0.0,0.003297076373839476,213,E,0.1613795532773963,18.043651580810547,c,213,True,False
1392,0.5334207077326344,407,Y,0.37909335552461815,aromatic,0.43409000830719363,2.471809691606555,1.9466738050494856,0.4095519078061717,0.2873091931009346,0.4006311218457195,0.2721122361904884,-0.12224271470523707,12,4,-1.3842517826609968,0.73093066860533,138.13185185120045,-1.011090644104693,-0.16602488515538752,0.3050765475983054,0.4412292559754179,-0.9584547913274335,1.4116545964529135,0.44469996292402536,8.521529583073603,0.1071560869740491,Y:0.379;G:0.270;E:0.151;N:0.052;F:0.048,0.005297624551287083,0.43409000830719363,0.08699300786681675,0.18146042247544153,0.021860860221455874,0.27029807657780525,0.0,0.0,0.005297624551287083,0.0,0.030341724830155722,0.1511186976452858,0.048439062049754,0.27029807657780525,0.007139247668224303,0.0,0.01472161255323157,0.0,0.0,0.05156010099019587,0.0,0.0,0.0,0.01939707680673376,0.016035830069887128,0.0,0.00655759073282147,0.37909335552461815,-1,,,,,-1,False,False
1393,0.9554390563564875,729,D,0.3862348950908352,polar,0.43302154850429864,2.6621336859985174,1.7258946325258595,0.36408868312142506,0.368137982292132,0.310586515809291,0.3507284021152266,0.004049299170706955,12,4,-2.4521198516687748,0.6453950461326525,120.98962304670809,0.656688601083778,-0.3499324509569728,-0.5046210710404722,0.03214025857566383,0.7528973615867218,2.12409947509349,0.6525157554250134,10.980599628441892,0.2963771358351267,D:0.386;T:0.210;N:0.150;K:0.060;Q:0.045,0.030534771655072356,0.03214025857566383,0.43302154850429864,0.41881217575248486,0.06887972479551202,0.016611520716968396,0.0,0.0,0.008362956886613121,0.0,0.3862348950908352,0.03257728066164964,0.03214025857566383,0.016611520716968396,0.0,0.0,0.059608689726501365,0.0,0.022171814768459235,0.15040131032128623,0.0,0.044849471734079216,0.00927103506901065,0.027943012641896123,0.20982775380703705,0.0,0.0,0.0,216,D,0.21288651382367227,15.369677543640137,c,216,False,False
1394,0.9567496723460026,730,H,0.35248881623604633,basic,0.49503346378761887,3.1222551496420037,1.9562627207902823,0.25417818260503977,0.2837986244176406,0.19414965634726833,0.24801249343800236,0.029620441812600817,18,5,-1.459084001128578,0.13362669917251768,151.62024796567437,0.5422993941286091,0.16803421484594586,0.4743728019328258,0.4843735867892417,-0.9839521779342502,1.7968667740732691,0.45955167927286356,9.017752964581616,0.25481865263020687,H:0.352;K:0.141;T:0.099;Y:0.098;I:0.080,0.15778441848473473,0.13188477055319536,0.18567037948557497,0.00975931432923137,0.49503346378761887,0.0,0.009169202084756368,0.010698451274888176,0.02354912815737908,0.010698451274888176,0.004467448455671326,0.005291865873560044,0.034177130472797634,0.0,0.35248881623604633,0.07959963487987995,0.14059680884080586,0.004794392863493063,0.016940079287228453,0.048810941825012985,0.009169202084756368,0.014575460634615973,0.001947838710766712,0.023462069035072777,0.09882190799087323,0.03290118329675419,0.0,0.09770764008039773,217,H,0.033465440784181864,13.372720718383789,b,217,True,False
1395,0.9934469200524246,758,V,0.4573054046972173,aliphatic,0.8630299900712262,2.354879578985075,0.682503014871096,0.4374833307437074,0.7501309037406185,0.44606611803434537,0.6689697970979713,0.31264757299691115,10,5,3.201419171793521,0.6637258348432153,157.5760269133117,0.6635213844509643,0.009566152114820878,0.9609687431426573,0.11575481733275295,0.18693106732482268,0.15286470056220858,0.795807908580384,5.712477286272319,0.9310927596611063,V:0.457;M:0.188;I:0.116;L:0.098;F:0.050,0.8630299900712262,0.11575481733275295,0.011649040481199862,0.0,0.009566152114820878,0.0,0.0,0.0,0.0038819640497956415,0.0,0.0,0.0,0.05001440483637821,0.0,0.0,0.11597478147212538,0.0,0.09759987031694144,0.1882679695351465,0.0,0.0,0.0,0.009566152114820878,0.0,0.011649040481199862,0.4573054046972173,0.04974496596704506,0.015995446529329695,218,M,0.0,7.471550941467285,b,218,True,False
1396,0.9934469200524246,758,E,0.270243067177941,aliphatic,0.2835647017013475,3.2238801883832697,2.3324368230806938,0.22990272545813273,0.1460786716446233,0.22246969854579213,0.17203795706785796,-0.08382405381350944,16,6,-0.7529648650442271,-0.3382478815319969,135.12525733844183,0.5899141123478124,-0.12962752235731062,-0.6498112819579529,0.004678610849254655,0.9630090188108663,1.5986506543689676,0.12266451087744701,9.367689783193915,-0.13303277667360258,E:0.270;V:0.189;K:0.123;C:0.074;N:0.065,0.2835647017013475,0.0,0.18616479045751677,0.27366763200447114,0.14825085941148972,0.03472064646994569,0.0,0.07363136995522912,0.035423888928759244,0.07363136995522912,0.0034245648265301644,0.270243067177941,0.0,0.03472064646994569,0.004678610849254655,0.04534076528722679,0.12333006864226047,0.0079398829073524,0.005937310811620177,0.06469395282686619,0.0,0.060102159437732824,0.0202421799199746,0.012500948783552901,0.04886772940936484,0.18892285376638893,0.0,0.0,219,V,0.15936814231434088,9.60788345336914,b,219,True,False
1397,0.9934469200524246,758,L,0.4384755805937528,aliphatic,0.6149920649693413,2.071552547248434,1.2404431709791865,0.5051624509947125,0.5458651356254733,0.5362046203093711,0.6046758759471234,0.04070268463076088,9,4,1.3078405624519152,-0.3873710398374539,157.48304761535803,0.8505872208780503,-0.01131735194755564,0.9539052446855215,0.047479062747617734,0.6407537375818286,1.0090714725670986,-0.07416897292166391,6.96392536485455,0.006899807292778726,L:0.438;Q:0.326;I:0.089;V:0.061;F:0.044,0.6149920649693413,0.047479062747617734,0.3262115203354853,0.01131735194755564,0.0,0.0,0.0,0.0,0.011089108362297005,0.0,0.0,0.01131735194755564,0.04357795891485201,0.0,0.0,0.08939263734799244,0.0,0.4384755805937528,0.01545026361089089,0.0,0.0,0.3262115203354853,0.0,0.0,0.0,0.06058447505440826,0.0,0.003901103832765729,220,L,0.005782280988361112,3.7045297622680664,b,220,True,True
1398,0.9934469200524246,758,Y,0.1921836130700728,aliphatic,0.286323729619072,3.552691914921271,2.2549729572612027,0.15135854898509038,0.17443873119502684,0.14934519799129475,0.1466327727934278,0.023080182209936462,17,7,-0.3336392313140407,-0.09706422732355469,154.64975619726638,0.400166646349864,0.08974840212832022,0.282162139331278,0.3447284509784649,-0.7943783901593875,1.6048187146744328,0.0861929329304052,7.9379828076368515,0.0832961039186424,Y:0.192;V:0.131;L:0.124;H:0.119;K:0.082,0.286323729619072,0.22561847154243792,0.17133950391136504,0.051638896908522317,0.24858628052926682,0.0,0.0,0.016493117489335858,0.008696467842646197,0.016493117489335858,0.0165386047377136,0.03510029217080871,0.033434858472365096,0.0,0.11910997943602698,0.010175913810343875,0.08231173307854386,0.12391744073256132,0.01243765153714657,0.01221924766657944,0.0,0.024804323557431642,0.047164568014695964,0.0647023204854714,0.06961361220188254,0.13109625569637404,0.0,0.1921836130700728,221,L,0.27369245842321593,7.246955871582031,b,221,False,False
1404,0.9973787680209698,761,E,0.9456906328579145,acidic,0.9469719284249962,0.41580432536470224,0.40174685612254507,0.9006756582146256,0.8529176843514052,0.9155385224314484,0.8707397760678776,-0.04775797386322034,6,1,-3.374976411625489,0.9270921905619148,136.99812893883455,0.9221633909033716,-0.9378854565917791,0.6851457972077548,0.0,1.0,1.9825630875213511,0.8837888304695717,12.1437338771986,0.9262399912695041,E:0.946;A:0.019;Q:0.014;G:0.010,0.01932615222589611,0.0,0.01439562383509117,0.9469719284249962,0.00908647183321705,0.01021982368079944,0.0,0.0,0.01932615222589611,0.0,0.0012812955670816462,0.9456906328579145,0.0,0.01021982368079944,0.0,0.0,0.0,0.0,0.0,0.0,0.0,0.01439562383509117,0.00908647183321705,0.0,0.0,0.0,0.0,0.0,222,E,0.017820954857385746,2.734550952911377,b,222,True,True
1405,0.9973787680209698,761,H,0.17118759962196284,basic,0.2706230726427206,3.6495820657586653,2.3446870445031256,0.12821412775048924,0.14159378045864301,0.18680875831166233,0.16436016243145157,0.013379652708153777,17,7,-0.40467370533465896,-0.023143005480177337,149.12032718504307,0.0005706009877858298,0.06838226061165688,0.4041351533220655,0.4196301019539229,-0.9345818277718403,1.4913207183599126,-0.17959836238445948,8.163549907166395,0.13812927052806712,H:0.171;V:0.124;F:0.124;T:0.100;R:0.087,0.21657563355407847,0.24844250233196005,0.16612327571718088,0.0481719723712972,0.2706230726427206,0.05006354338276267,0.0,0.0,0.037626605209348754,0.0,0.0481719723712972,0.0,0.12354881758239657,0.05006354338276267,0.17118759962196284,0.019142178345947208,0.012246596293407358,0.025871315993924105,0.009542615159456777,0.029000890587830223,0.0,0.0068422386195505615,0.08718887672735044,0.030060193258887598,0.10021995325091251,0.12439291884540163,0.03795964828445111,0.08693403646511239,223,F,0.31849053700764973,7.371018409729004,b,223,False,False
1420,0.9973787680209698,761,A,0.49705555140470736,aliphatic,0.738764610157944,2.4594285474177724,1.1941690826949405,0.41250942633612453,0.5628064008915252,0.5619840074560694,0.6864831599130163,0.1502969745554007,13,4,1.416563794407067,0.35587105495845506,110.78995201054121,0.3616623710917849,-0.01062672426217173,0.928819000247891,0.015269089938009751,0.8805609572348998,0.5264252798645723,0.36803266339743723,7.908367574403355,0.595720978967925,A:0.497;V:0.163;Q:0.098;S:0.052;L:0.048,0.738764610157944,0.015269089938009751,0.18287334441512504,0.014009240201280257,0.0033825159391085284,0.04328547734554775,0.0,0.002415722002984681,0.49705555140470736,0.002415722002984681,0.0,0.014009240201280257,0.015269089938009751,0.04328547734554775,0.0,0.030721338527284925,0.0,0.048035601953897916,0.0,0.014857251437656874,0.0,0.09847455749557757,0.0033825159391085284,0.0520090302318335,0.017532505250057093,0.16295211827205383,0.0,0.0,224,V,0.053209672028991,6.217329025268555,b,224,True,False
1421,0.9973787680209698,761,V,0.26837781253209103,aliphatic,0.37687914734592515,3.148605546595515,2.200205203803767,0.24788378960925928,0.1944895863009939,0.2928756372942585,0.2976215232740026,-0.05339420330826539,14,6,-0.09571107493429709,-0.32722311676255367,142.50183450615464,0.5828783249330345,-0.049552024637174896,-0.2650734008275517,0.1200844811265669,0.1606493061821137,1.4529666265900638,0.10535081329264262,8.59632068880147,0.006232973279804543,V:0.268;E:0.182;T:0.131;K:0.096;Y:0.070,0.37687914734592515,0.07464366107628459,0.18629886943730553,0.18159364624994917,0.17293835965802834,0.0,0.0,0.0076463162325072186,0.048848261856392704,0.0076463162325072186,0.0,0.18159364624994917,0.0043766216384913325,0.0,0.045440820050282306,0.05965307295744142,0.09560759700371242,0.0,0.0,0.007655726781959523,0.0,0.0241913291936311,0.03188994260403362,0.023430457128622822,0.1310213563330921,0.26837781253209103,0.0,0.07026703943779326,225,T,0.30604646372240646,9.92593765258789,b,225,False,False
1422,0.9973787680209698,761,A,0.8674716581991808,aliphatic,0.921652161290941,0.7652163283826697,0.43253484962607447,0.8172106361006084,0.8416459859929452,0.8583353704705958,0.9008074971420806,0.024435349892336755,5,2,1.7302714343217758,0.9024919318753173,89.99475384712925,0.8399674681010956,-0.007665141679107001,0.9686651071516112,0.0,1.0,0.015330283358214002,0.9834817703006279,8.067524443744116,0.9265011018781218,A:0.867;G:0.071;V:0.045,0.921652161290941,0.0,0.0,0.007665141679107001,0.0,0.07068269702995197,0.0,0.0,0.8674716581991808,0.0,0.0,0.007665141679107001,0.0,0.07068269702995197,0.0,0.0,0.0,0.009086471833217051,0.0,0.0,0.0,0.0,0.0,0.0,0.0,0.045094031258543034,0.0,0.0,226,A,0.03876079145328019,11.870455741882324,b,226,True,False
1424,0.580602883355177,443,R,0.45068112754512807,basic,0.7620522943013146,2.6336100514440552,1.2787115460197724,0.37090220345929936,0.5318548176072999,0.3819302431958369,0.5533751746936806,0.16095261414800055,15,3,-3.2404354755816254,0.5571995554545686,157.42686743225897,0.5107625272952263,0.5692133654183025,-0.02455198527011815,0.24667491443262476,-0.47612456076591325,3.3736129117296385,-0.4143693630004024,10.09888836581192,0.6888642127880831,R:0.451;H:0.202;K:0.109;S:0.040;N:0.031,0.030452446101535895,0.044461931322871066,0.12092712661989913,0.01084724408423382,0.7620522943013146,0.016174536100981705,0.0,0.015084421469163731,0.01397124761593473,0.015084421469163731,0.01084724408423382,0.0,0.01739369886318589,0.016174536100981705,0.2022129831097537,0.01436501111500717,0.10915818364643291,0.002116187370593995,0.0,0.03131009020274717,0.0,0.024227038845644637,0.45068112754512807,0.04040836778322766,0.024981629788279672,0.0,0.0,0.027068232459685176,-1,,,,,-1,False,False
1427,0.5530799475753604,422,H,0.24917655669059696,aromatic,0.3489472773094776,3.159445684513867,2.149685433103291,0.24529437555576505,0.21298522540164078,0.21938073237756428,0.158260018342264,-0.03230915015412428,17,6,-0.48704437893907077,0.0922998744427469,157.56570765613228,0.2418650893508878,0.05443585482468406,0.8085609134983103,0.5981238340000745,-0.9094089301499007,1.475187934839127,0.3226615309370441,7.786928895182404,0.20590730188157536,H:0.249;Y:0.248;F:0.101;S:0.086;V:0.078,0.1973794189604929,0.3489472773094776,0.12648358131139453,0.008712085393222085,0.28740684123944343,0.007271481236943789,0.010973086406876834,0.012826228142148783,0.020394104767530757,0.012826228142148783,0.002528878145708424,0.006183207247513661,0.10052331033157344,0.007271481236943789,0.24917655669059696,0.023945295272098002,0.017343825173476202,0.0669009148014185,0.00788275476672775,0.04030555355346314,0.010973086406876834,0.0,0.020886459375370245,0.08617802775793139,0.0,0.07825634935271789,0.0,0.24842396697790417,-1,,,,,-1,False,False
1428,0.5412844036697247,413,S,0.46119332549443043,polar,0.635525996527959,2.6651181242482425,1.8861206132084254,0.3633757820122482,0.30947813740047636,0.37388942642654,0.276912042242041,-0.05389764461177182,13,4,-0.7584418907833077,0.5457069815852311,104.17857455330173,0.4683097010905457,-0.04613535441521519,0.8026198591205083,0.0898052205186042,0.3506908627432519,1.726611325595534,0.5690390231621487,9.034852048725666,0.41664414622771684,S:0.461;N:0.142;C:0.104;G:0.076;D:0.037,0.03592439707926813,0.054294759317758,0.635525996527959,0.04968640053529982,0.03551046120084622,0.07629282130535847,0.009042963627474605,0.10372220040603575,0.00783939715946582,0.10372220040603575,0.036971618345455065,0.012714782189844752,0.034487966001322264,0.07629282130535847,0.03551046120084622,0.0,0.0,0.0,0.0,0.14182982202841674,0.009042963627474605,0.0,0.0,0.46119332549443043,0.032502849005111904,0.028084999919802314,0.0,0.01980679331643573,-1,,,,,-1,False,False
1436,0.745740498034076,569,D,0.26508098525400375,acidic,0.3116302182084827,3.3404494975917363,2.5715046083973907,0.20205748864066697,0.058554294227628145,0.17569896290510234,0.11285680500455753,-0.14350319441303883,17,6,-1.501245458136529,0.47118971831399836,110.60745817555741,0.131704643825017,-0.30184072027046677,0.06847184211872182,0.0747294956707292,0.4507420395692828,1.2394722985519335,0.3760937404053325,9.89140344427427,0.063419038137835,D:0.265;G:0.203;P:0.087;S:0.076;N:0.059,0.10961855861303353,0.028194704896526403,0.19154841754990765,0.3116302182084827,0.05167080963479845,0.2032475411378694,0.08659025125613636,0.017499498703245464,0.028624551710468824,0.017499498703245464,0.26508098525400375,0.046549232954478936,0.0,0.2032475411378694,0.04653479077420279,0.0035255900517764094,0.005136018860595655,0.05090758989094033,0.02165136306576995,0.059481199657948236,0.08659025125613636,0.01946198564724005,0.0,0.07598701197380615,0.03661822027091323,0.004909463894078027,0.028194704896526403,0.0,228,G,0.5542401533860427,15.350605964660645,c,228,False,False
1437,0.8427260812581914,643,L,0.5046470116577609,aliphatic,0.8452482849610399,2.304424902506071,0.9810788223093196,0.44953558038511177,0.6408202259209834,0.5264839305843749,0.6822332730603959,0.19128464553587166,12,4,3.4328293334069704,0.7522188899373115,155.91238178820166,0.6121712836065869,0.002732744736601917,0.9938560796903295,0.06541986950390104,0.514329407526713,0.12127107945846302,0.8872082778718345,5.507664915034873,0.8073242397887898,L:0.505;I:0.182;V:0.109;F:0.052;A:0.047,0.8452482849610399,0.051710189963159715,0.023268009833902824,0.0,0.015071456323269105,0.0065257009096928035,0.01766954121239979,0.04050681679653582,0.04740575707950161,0.04050681679653582,0.0,0.0,0.051710189963159715,0.0065257009096928035,0.013709679540741319,0.18180336399232225,0.0,0.5046470116577609,0.002177957227033232,0.0,0.01766954121239979,0.0,0.0013617767825277853,0.0,0.023268009833902824,0.10921419500442182,0.0,0.0,229,I,0.17543835325289497,17.565988540649414,c,229,True,False
1573,0.5137614678899083,392,D,0.7987514513442189,acidic,0.82055872686064,1.2159031273655985,0.9624284683349091,0.7095538203109362,0.6476482501069039,0.5984335127829659,0.47410939866556245,-0.06190557020403231,7,2,-3.355278692089125,0.9293878691944064,113.72299593370745,0.7137741538875818,-0.7562680737067045,-0.2890400768652601,0.0,1.0,2.0654202392947107,0.6482362881450383,12.481672256023465,0.8083836097363803,D:0.799;G:0.062;Q:0.039;R:0.036;K:0.028,0.0,0.0,0.05322732043130869,0.82055872686064,0.0642906531539356,0.06192329955411574,0.0,0.0,0.0,0.0,0.7987514513442189,0.021807275516421146,0.0,0.06192329955411574,0.0,0.0,0.02841622074508677,0.0,0.0,0.014265913153148714,0.0,0.03896140727815998,0.035874432408848834,0.0,0.0,0.0,0.0,0.0,234,D,,,,-1,False,False
1574,0.5347313237221494,408,E,0.800410710892379,acidic,0.8514118527018735,1.132274774809406,0.7770407991162578,0.7295303587102266,0.7155199640128806,0.6501874236492748,0.6204082717165373,-0.014010394697345996,7,3,-3.214617484767335,0.9115654851141914,134.84268385245483,0.8783916952518538,-0.8192513390649007,0.12500918417694373,0.0,1.0,2.017315723206758,0.9484337242587922,11.901805852045998,0.8067980600750583,E:0.800;T:0.088;D:0.051;K:0.032;G:0.013,0.0,0.0,0.10343330439194097,0.8514118527018735,0.032160513636972816,0.012994329269212715,0.0,0.0,0.0,0.0,0.051001141809494464,0.800410710892379,0.0,0.012994329269212715,0.0,0.0,0.032160513636972816,0.0,0.0,0.0,0.0,0.011143868108210322,0.0,0.004461216415511195,0.08782821986821945,0.0,0.0,0.0,235,E,,,,-1,False,False
1575,0.5334207077326344,407,L,0.6303487991209926,aliphatic,0.7597936530250191,1.8464456833892662,1.1556983971551054,0.5589343569617102,0.5768907861892708,0.48197639360817224,0.544991576848049,0.017956429227560577,8,5,2.235127836442906,0.3466298697929653,147.41538325944825,0.39357040607080984,-0.07056592547575717,0.6786307197161401,0.0,1.0,0.4441153413907707,0.5742661394235913,6.4131891345263075,0.13219096162659205,L:0.630;T:0.117;D:0.077;M:0.066;A:0.064,0.7597936530250191,0.0,0.12974905020114683,0.07677812405246613,0.006212198576708954,0.027466974144658988,0.0,0.0,0.06351990803834902,0.0,0.07677812405246613,0.0,0.0,0.027466974144658988,0.0,0.0,0.0,0.6303487991209926,0.06592494586567742,0.0,0.0,0.0,0.006212198576708954,0.013013792531928811,0.11673525766921801,0.0,0.0,0.0,236,L,,,,-1,False,False
1576,0.5150720838794234,393,Y,0.8788593148312943,aromatic,0.9116553502155136,0.6917325659217965,0.48796018969008537,0.8347639078996387,0.8213543838609327,0.8358114666361756,0.8168923069984577,-0.013409524038705989,4,2,-0.7302976296240642,0.688332072983229,189.97098383779698,0.8715052726871896,0.0,1.0,0.9116553502155136,0.36022608483362517,1.7868357403982054,0.7932125886787184,6.137093536302527,0.9658389746242066,Y:0.879;I:0.074;F:0.033;S:0.015,0.07378609441667804,0.9116553502155136,0.014558555367808338,0.0,0.0,0.0,0.0,0.0,0.0,0.0,0.0,0.0,0.03279603538421928,0.0,0.0,0.07378609441667804,0.0,0.0,0.0,0.0,0.0,0.0,0.0,0.014558555367808338,0.0,0.0,0.0,0.8788593148312943,237,Y,,,,-1,False,False
1577,0.5163826998689384,394,K,0.6986415812237095,basic,0.7919033808766299,1.7787700170504346,1.0985449348292469,0.575100232600679,0.597815065889565,0.43157948360672493,0.47472049628909907,0.022714833288886016,11,2,-3.2624954930206425,0.5664863377265175,160.993107550277,0.7051390750976956,0.7611860276712316,-0.0019428056734567267,0.0,1.0,2.8551640649904027,0.3261624426577683,10.722935533052409,0.6121241037295899,K:0.699;R:0.093;L:0.043;Q:0.032;N:0.030,0.078490819504493,0.0,0.08442301936767155,0.030717353205398364,0.7919033808766299,0.01446542704580705,0.0,0.0,0.013489820643793598,0.0,0.024601045027640614,0.00611630817775775,0.0,0.01446542704580705,0.0,0.0,0.6986415812237095,0.04311212417593931,0.0218888746847601,0.03040731231151442,0.0,0.032242265597017275,0.09326179965292049,0.0,0.02177344145913985,0.0,0.0,0.0,238,K,,,,-1,False,False
