campaign,scaffold,pos_1based,scaffold_aa,role,constraint,avgfp_pos,occupancy,top_aa,top_aa_freq,top_class,top_class_freq,C_id,C_chem,rsa,chromo_dist,allowed_mass,aromatic_mass,hbond_mass,chem_locked
conventional24,mTagBFP2,43,Q,editable,none,42,0.9973787680209698,Q,0.4781060606883464,polar,0.4963759808617817,0.4115868611197624,0.3555569519637959,0.0260351000733636,3.422226428985596,,0.1391769603817275,0.6119251451399674,False
conventional24,mTagBFP2,45,M,editable,none,44,0.9973787680209698,L,0.235084652291817,aliphatic,0.793289295350877,0.2801018100881152,0.6301158364089667,0.0060081001537949,4.30495023727417,,0.0045613448373717,0.14510976139897488,False
conventional24,mTagBFP2,63,A,editable,none,61,1.0,S,0.3351386071825256,polar,0.4786929782174166,0.3597254873702923,0.4808123692613391,0.0,2.901694059371948,,0.0,0.4800762180070008,False
conventional24,mTagBFP2,64,T,editable,none,62,1.0,T,0.4497277059936817,polar,0.5431734278145725,0.431211239349668,0.3630472853424568,0.0124588262203127,2.915830612182617,,0.0988520607091794,0.6844198641564895,False
conventional24,mTagBFP2,65,S,editable,none,63,1.0,T,0.2391090598130673,polar,0.5416818127764231,0.2537148988175461,0.4171967832618755,0.0410363147425097,3.359091758728028,,0.0233298591785343,0.5650116719549573,False
conventional24,mTagBFP2,66,F,editable,none,64,1.0,F,0.5035139281915332,aromatic,0.5035139281915332,0.4953116214791273,0.4585722582033482,0.0016772612929344,1.3350549936294556,,0.5096784107011496,0.053659709373622105,False
conventional24,mTagBFP2,67,L,editable,none,65,1.0,Q,0.1954685091015756,polar,0.3934687291418402,0.2176233200086887,0.1687668185237535,0.0118139020858272,0.0,,0.08512946049563411,0.5270465642026374,False
conventional24,mTagBFP2,68,Y,editable,aromatic,66,1.0,Y,0.9105966838848194,aromatic,0.9448225557647424,0.8574358276008713,0.8785051033206344,0.0104249892579285,0.0,0.952706230985442,0.952706230985442,0.9898539831737143,True
conventional24,mTagBFP2,69,G,fixed,none,67,1.0,G,0.9976270043968976,glycine,0.9976270043968976,0.994240831808988,0.9911732456399632,0.0034341637331705,0.0,,0.0,0.0,True
conventional24,mTagBFP2,70,S,editable,none,68,1.0,N,0.2616930593257684,polar,0.4897181121817692,0.3063088690699302,0.3552310426408895,0.0110455984356759,1.327847242355347,,0.208541578663609,0.5668207680778344,False
conventional24,mTagBFP2,71,K,editable,hbond,69,1.0,R,0.3277312414833944,basic,0.6396309062234704,0.3461894815558213,0.4159401826750644,0.0476293351915147,3.4206199645996094,0.8903954636788927,0.2039248052350799,0.8903954636788927,False
conventional24,mTagBFP2,94,W,editable,hbond,94,1.0,W,0.4532432771217071,aromatic,0.5616281222919792,0.420554451116197,0.5041956158492447,0.0295708423190646,2.9600610733032227,0.8634125359852144,0.5616281222919791,0.8634125359852144,False
conventional24,mTagBFP2,96,R,fixed,none,96,1.0,R,0.990812270576496,basic,1.0,0.9819988119618076,1.0,0.0356546770917238,2.6702418327331543,,0.0,0.9999999999999999,True
conventional24,mTagBFP2,110,Q,editable,hbond,110,0.9973787680209698,A,0.2877682424719584,polar,0.4062921719319726,0.3177700173643289,0.27574868723973,0.056168748426807,6.076101779937744,0.5749339786651662,0.25686478969179727,0.5749339786651662,False
conventional24,mTagBFP2,112,T,editable,none,112,0.9973787680209698,I,0.3235341401082222,aliphatic,0.5314550261523421,0.4245286658910918,0.4063355822500318,0.0023134638523233,3.6002357006073,,0.2210689336198482,0.4670886696297224,False
conventional24,mTagBFP2,147,F,editable,none,147,0.9960681520314548,S,0.5882605631978948,polar,0.7979807042566904,0.4769437630366783,0.5520569464114019,0.3996414430679813,5.148030757904053,,0.0175774303893108,0.8242288697121707,False
conventional24,mTagBFP2,149,E,editable,none,149,0.9947575360419396,E,0.5734956910159513,acidic,0.6262322888758131,0.4508717352005632,0.438498206390731,0.3132541363055889,5.990737915039063,,0.006114593706624,0.8528236479792892,False
conventional24,mTagBFP2,162,N,editable,hbond,165,0.9947575360419396,V,0.252575444842447,aliphatic,0.4299713193026453,0.2709083185241666,0.2913157316625191,0.0345889329910278,3.5851728916168213,0.2539481235478833,0.3404306911820697,0.2539481235478833,False
conventional24,mTagBFP2,164,M,editable,none,167,0.9947575360419396,M,0.3495225783201012,aliphatic,0.6607101243523014,0.2269156984448962,0.3988493604650387,0.0,3.676437139511109,,0.1042755781712911,0.3098934177053367,False
conventional24,mTagBFP2,178,A,editable,none,178,0.9764089121887288,F,0.3339201612884246,aliphatic,0.6390217550634404,0.4209941240114673,0.6075425401779826,0.2570244708464513,11.98137092590332,,0.34945407725767,0.024882623963865598,False
conventional24,mTagBFP2,180,T,editable,none,180,0.9764089121887288,T,0.5291839945238849,polar,0.7435526563259947,0.5227106738582346,0.5748603763018009,0.2036587216075838,10.297567367553713,,0.0,0.9277101973594077,False
conventional24,mTagBFP2,182,Y,editable,none,182,0.9973787680209698,Y,0.6922883043310567,aromatic,0.7293874204444384,0.5456746731244475,0.5288782795691735,0.3914066213165399,9.721710205078123,,0.7573875775273935,0.8139667731429832,False
conventional24,mTagBFP2,201,Y,editable,none,203,0.9973787680209698,H,0.3653301121291207,basic,0.5991238726836094,0.3119132379381878,0.3687803722115541,0.0236328618471012,3.544808864593506,,0.4271111455153933,0.8717938708787026,False
conventional24,mTagBFP2,203,L,editable,none,205,0.9973787680209698,L,0.3037878245470045,aliphatic,0.676548518285065,0.3427989521649046,0.5632515889141915,0.0896575435515373,3.995230674743652,,0.0355024951420293,0.3050657196162195,False
conventional24,mTagBFP2,217,Q,editable,none,220,0.9934469200524246,L,0.4384755805937528,aliphatic,0.6149920649693413,0.5051624509947125,0.5458651356254733,0.0057822809883611,3.7045297622680655,,0.0474790627476177,0.3414299761158066,False
conventional24,mTagBFP2,219,E,fixed,none,222,0.9973787680209698,E,0.9456906328579144,acidic,0.9469719284249962,0.9006756582146256,0.8529176843514052,0.0178209548573857,2.734550952911377,,0.0,0.9704540240933041,True
conventional24,EGFP,43,L,editable,none,42,0.9973787680209698,Q,0.4781060606883464,polar,0.4963759808617817,0.4115868611197624,0.3555569519637959,0.0260351000733636,3.422226428985596,,0.1391769603817275,0.6119251451399674,False
conventional24,EGFP,45,L,editable,none,44,0.9973787680209698,L,0.235084652291817,aliphatic,0.793289295350877,0.2801018100881152,0.6301158364089667,0.0060081001537949,4.30495023727417,,0.0045613448373717,0.14510976139897488,False
conventional24,EGFP,47,F,editable,none,46,0.9973787680209698,L,0.3947880379327619,aliphatic,0.7298224613559946,0.4237633249303617,0.6856357300940457,0.0,5.331122398376465,,0.2681890826155981,0.0714569480305388,False
conventional24,EGFP,61,L,editable,none,60,1.0,L,0.8397483249800257,aliphatic,1.0,0.8037886965082748,1.0,0.0,4.841289520263672,,0.0,0.0,True
conventional24,EGFP,62,V,editable,none,61,1.0,S,0.3351386071825256,polar,0.4786929782174166,0.3597254873702923,0.4808123692613391,0.0,2.901694059371948,,0.0,0.4800762180070008,False
conventional24,EGFP,63,T,editable,none,62,1.0,T,0.4497277059936817,polar,0.5431734278145725,0.431211239349668,0.3630472853424568,0.0124588262203127,2.915830612182617,,0.0988520607091794,0.6844198641564895,False
conventional24,EGFP,64,T,editable,none,63,1.0,T,0.2391090598130673,polar,0.5416818127764231,0.2537148988175461,0.4171967832618755,0.0410363147425097,3.359091758728028,,0.0233298591785343,0.5650116719549573,False
conventional24,EGFP,65,L,editable,none,64,1.0,F,0.5035139281915332,aromatic,0.5035139281915332,0.4953116214791273,0.4585722582033482,0.0016772612929344,1.3350549936294556,,0.5096784107011496,0.053659709373622105,False
conventional24,EGFP,66,T,editable,none,65,1.0,Q,0.1954685091015756,polar,0.3934687291418402,0.2176233200086887,0.1687668185237535,0.0118139020858272,0.0,,0.08512946049563411,0.5270465642026374,False
conventional24,EGFP,67,Y,editable,aromatic,66,1.0,Y,0.9105966838848194,aromatic,0.9448225557647424,0.8574358276008713,0.8785051033206344,0.0104249892579285,0.0,0.952706230985442,0.952706230985442,0.9898539831737143,True
conventional24,EGFP,68,G,fixed,none,67,1.0,G,0.9976270043968976,glycine,0.9976270043968976,0.994240831808988,0.9911732456399632,0.0034341637331705,0.0,,0.0,0.0,True
conventional24,EGFP,69,V,editable,none,68,1.0,N,0.2616930593257684,polar,0.4897181121817692,0.3063088690699302,0.3552310426408895,0.0110455984356759,1.327847242355347,,0.208541578663609,0.5668207680778344,False
conventional24,EGFP,70,Q,editable,none,69,1.0,R,0.3277312414833944,basic,0.6396309062234704,0.3461894815558213,0.4159401826750644,0.0476293351915147,3.4206199645996094,,0.2039248052350799,0.8903954636788927,False
conventional24,EGFP,93,Y,editable,none,92,1.0,Y,0.5548584422767627,aromatic,0.8425922479907035,0.5883935441414059,0.7097952803742985,0.0,4.378256320953369,,0.8452766868329271,0.6018414134283337,False
conventional24,EGFP,95,Q,editable,hbond,94,1.0,W,0.4532432771217071,aromatic,0.5616281222919792,0.420554451116197,0.5041956158492447,0.0295708423190646,2.9600610733032227,0.8634125359852144,0.5616281222919791,0.8634125359852144,False
conventional24,EGFP,97,R,fixed,none,96,1.0,R,0.990812270576496,basic,1.0,0.9819988119618076,1.0,0.0356546770917238,2.6702418327331543,,0.0,0.9999999999999999,True
conventional24,EGFP,113,V,editable,none,112,0.9973787680209698,I,0.3235341401082222,aliphatic,0.5314550261523421,0.4245286658910918,0.4063355822500318,0.0023134638523233,3.6002357006073,,0.2210689336198482,0.4670886696297224,False
conventional24,EGFP,122,N,editable,none,121,0.9973787680209698,Y,0.3155586620805021,polar,0.3564666910845089,0.4136888829919863,0.2266627467206347,0.0092334246024107,3.695613384246826,,0.46619382146045163,0.8219272916405056,False
conventional24,EGFP,146,Y,editable,none,145,0.9960681520314548,E,0.4858134597770824,acidic,0.599563836313089,0.353942400496251,0.3337171308905095,0.1120083087297446,3.7188854217529297,,0.1356496157016224,0.7525417983955821,False
conventional24,EGFP,147,N,editable,none,146,0.9960681520314548,P,0.5554036888069339,proline,0.5554036888069339,0.4713102892881545,0.3226969741296622,0.1975723266601562,4.530325889587402,,0.0421802459432416,0.2466099920906416,False
conventional24,EGFP,149,H,editable,hbond,148,0.9960681520314548,T,0.3522699337305357,polar,0.4521290514781806,0.2874284113850636,0.1786738342424533,0.0335692805903298,3.3015193939208984,0.7477324972748837,0.2069426349722487,0.7477324972748837,False
conventional24,EGFP,151,V,editable,none,150,0.9921363040629096,K,0.292068974199459,basic,0.4633008421954812,0.250002840187168,0.4095367166882239,0.0023134638523233,3.576688766479492,,0.06864773656965491,0.6293581480020329,False
conventional24,EGFP,166,F,editable,none,165,0.9947575360419396,V,0.252575444842447,aliphatic,0.4299713193026453,0.2709083185241666,0.2913157316625191,0.0345889329910278,3.5851728916168213,,0.3404306911820697,0.2539481235478833,False
conventional24,EGFP,168,I,editable,none,167,0.9947575360419396,M,0.3495225783201012,aliphatic,0.6607101243523014,0.2269156984448962,0.3988493604650387,0.0,3.676437139511109,,0.1042755781712911,0.3098934177053367,False
conventional24,EGFP,204,T,editable,hbond,203,0.9973787680209698,H,0.3653301121291207,basic,0.5991238726836094,0.3119132379381878,0.3687803722115541,0.0236328618471012,3.544808864593506,0.8717938708787026,0.4271111455153933,0.8717938708787026,False
conventional24,EGFP,206,S,editable,none,205,0.9973787680209698,L,0.3037878245470045,aliphatic,0.676548518285065,0.3427989521649046,0.5632515889141915,0.0896575435515373,3.995230674743652,,0.0355024951420293,0.3050657196162195,False
conventional24,EGFP,221,L,editable,none,220,0.9934469200524246,L,0.4384755805937528,aliphatic,0.6149920649693413,0.5051624509947125,0.5458651356254733,0.0057822809883611,3.7045297622680655,,0.0474790627476177,0.3414299761158066,False
conventional24,EGFP,223,E,fixed,none,222,0.9973787680209698,E,0.9456906328579144,acidic,0.9469719284249962,0.9006756582146256,0.8529176843514052,0.0178209548573857,2.734550952911377,,0.0,0.9704540240933041,True
conventional24,mVenus,43,L,editable,none,42,0.9973787680209698,Q,0.4781060606883464,polar,0.4963759808617817,0.4115868611197624,0.3555569519637959,0.0260351000733636,3.422226428985596,,0.1391769603817275,0.6119251451399674,False
conventional24,mVenus,45,L,editable,none,44,0.9973787680209698,L,0.235084652291817,aliphatic,0.793289295350877,0.2801018100881152,0.6301158364089667,0.0060081001537949,4.30495023727417,,0.0045613448373717,0.14510976139897488,False
conventional24,mVenus,61,L,editable,none,60,1.0,L,0.8397483249800257,aliphatic,1.0,0.8037886965082748,1.0,0.0,4.841289520263672,,0.0,0.0,True
conventional24,mVenus,62,V,editable,none,61,1.0,S,0.3351386071825256,polar,0.4786929782174166,0.3597254873702923,0.4808123692613391,0.0,2.901694059371948,,0.0,0.4800762180070008,False
conventional24,mVenus,63,T,editable,none,62,1.0,T,0.4497277059936817,polar,0.5431734278145725,0.431211239349668,0.3630472853424568,0.0124588262203127,2.915830612182617,,0.0988520607091794,0.6844198641564895,False
conventional24,mVenus,64,T,editable,none,63,1.0,T,0.2391090598130673,polar,0.5416818127764231,0.2537148988175461,0.4171967832618755,0.0410363147425097,3.359091758728028,,0.0233298591785343,0.5650116719549573,False
conventional24,mVenus,65,L,editable,none,64,1.0,F,0.5035139281915332,aromatic,0.5035139281915332,0.4953116214791273,0.4585722582033482,0.0016772612929344,1.3350549936294556,,0.5096784107011496,0.053659709373622105,False
conventional24,mVenus,66,G,editable,none,65,1.0,Q,0.1954685091015756,polar,0.3934687291418402,0.2176233200086887,0.1687668185237535,0.0118139020858272,0.0,,0.08512946049563411,0.5270465642026374,False
conventional24,mVenus,67,Y,editable,aromatic,66,1.0,Y,0.9105966838848194,aromatic,0.9448225557647424,0.8574358276008713,0.8785051033206344,0.0104249892579285,0.0,0.952706230985442,0.952706230985442,0.9898539831737143,True
conventional24,mVenus,68,G,fixed,none,67,1.0,G,0.9976270043968976,glycine,0.9976270043968976,0.994240831808988,0.9911732456399632,0.0034341637331705,0.0,,0.0,0.0,True
conventional24,mVenus,69,L,editable,none,68,1.0,N,0.2616930593257684,polar,0.4897181121817692,0.3063088690699302,0.3552310426408895,0.0110455984356759,1.327847242355347,,0.208541578663609,0.5668207680778344,False
conventional24,mVenus,70,Q,editable,hbond,69,1.0,R,0.3277312414833944,basic,0.6396309062234704,0.3461894815558213,0.4159401826750644,0.0476293351915147,3.4206199645996094,0.8903954636788927,0.2039248052350799,0.8903954636788927,False
conventional24,mVenus,93,Y,editable,none,92,1.0,Y,0.5548584422767627,aromatic,0.8425922479907035,0.5883935441414059,0.7097952803742985,0.0,4.378256320953369,,0.8452766868329271,0.6018414134283337,False
conventional24,mVenus,95,Q,editable,hbond,94,1.0,W,0.4532432771217071,aromatic,0.5616281222919792,0.420554451116197,0.5041956158492447,0.0295708423190646,2.9600610733032227,0.8634125359852144,0.5616281222919791,0.8634125359852144,False
conventional24,mVenus,97,R,fixed,none,96,1.0,R,0.990812270576496,basic,1.0,0.9819988119618076,1.0,0.0356546770917238,2.6702418327331543,,0.0,0.9999999999999999,True
conventional24,mVenus,113,V,editable,none,112,0.9973787680209698,I,0.3235341401082222,aliphatic,0.5314550261523421,0.4245286658910918,0.4063355822500318,0.0023134638523233,3.6002357006073,,0.2210689336198482,0.4670886696297224,False
conventional24,mVenus,122,N,editable,none,121,0.9973787680209698,Y,0.3155586620805021,polar,0.3564666910845089,0.4136888829919863,0.2266627467206347,0.0092334246024107,3.695613384246826,,0.46619382146045163,0.8219272916405056,False
conventional24,mVenus,146,Y,editable,none,145,0.9960681520314548,E,0.4858134597770824,acidic,0.599563836313089,0.353942400496251,0.3337171308905095,0.1120083087297446,3.7188854217529297,,0.1356496157016224,0.7525417983955821,False
conventional24,mVenus,147,N,editable,none,146,0.9960681520314548,P,0.5554036888069339,proline,0.5554036888069339,0.4713102892881545,0.3226969741296622,0.1975723266601562,4.530325889587402,,0.0421802459432416,0.2466099920906416,False
conventional24,mVenus,148,S,editable,none,147,0.9960681520314548,S,0.5882605631978948,polar,0.7979807042566904,0.4769437630366783,0.5520569464114019,0.3996414430679813,5.148030757904053,,0.0175774303893108,0.8242288697121707,False
conventional24,mVenus,149,H,editable,hbond,148,0.9960681520314548,T,0.3522699337305357,polar,0.4521290514781806,0.2874284113850636,0.1786738342424533,0.0335692805903298,3.3015193939208984,0.7477324972748837,0.2069426349722487,0.7477324972748837,False
conventional24,mVenus,151,V,editable,none,150,0.9921363040629096,K,0.292068974199459,basic,0.4633008421954812,0.250002840187168,0.4095367166882239,0.0023134638523233,3.576688766479492,,0.06864773656965491,0.6293581480020329,False
conventional24,mVenus,166,F,editable,none,165,0.9947575360419396,V,0.252575444842447,aliphatic,0.4299713193026453,0.2709083185241666,0.2913157316625191,0.0345889329910278,3.5851728916168213,,0.3404306911820697,0.2539481235478833,False
conventional24,mVenus,168,I,editable,none,167,0.9947575360419396,M,0.3495225783201012,aliphatic,0.6607101243523014,0.2269156984448962,0.3988493604650387,0.0,3.676437139511109,,0.1042755781712911,0.3098934177053367,False
conventional24,mVenus,184,Q,editable,none,183,0.9973787680209698,K,0.3394823975916853,basic,0.5467179163929808,0.4065857343891257,0.4576184547106032,0.0394706344604492,4.799337863922119,,0.0384441556538701,0.9485515071450614,False
conventional24,mVenus,204,Y,editable,none,203,0.9973787680209698,H,0.3653301121291207,basic,0.5991238726836094,0.3119132379381878,0.3687803722115541,0.0236328618471012,3.544808864593506,,0.4271111455153933,0.8717938708787026,False
conventional24,mVenus,206,S,editable,none,205,0.9973787680209698,L,0.3037878245470045,aliphatic,0.676548518285065,0.3427989521649046,0.5632515889141915,0.0896575435515373,3.995230674743652,,0.0355024951420293,0.3050657196162195,False
conventional24,mVenus,221,L,editable,none,220,0.9934469200524246,L,0.4384755805937528,aliphatic,0.6149920649693413,0.5051624509947125,0.5458651356254733,0.0057822809883611,3.7045297622680655,,0.0474790627476177,0.3414299761158066,False
conventional24,mVenus,223,E,fixed,none,222,0.9973787680209698,E,0.9456906328579144,acidic,0.9469719284249962,0.9006756582146256,0.8529176843514052,0.0178209548573857,2.734550952911377,,0.0,0.9704540240933041,True
conventional24,mCherry,19,F,editable,none,14,0.9973787680209698,I,0.3219183749186244,aliphatic,0.5889951318036287,0.3319347815611364,0.4411253685556727,0.0145411188832394,7.077704429626465,,0.3175564613288127,0.22414453305641752,False
conventional24,mCherry,47,Q,editable,none,42,0.9973787680209698,Q,0.4781060606883464,polar,0.4963759808617817,0.4115868611197624,0.3555569519637959,0.0260351000733636,3.422226428985596,,0.1391769603817275,0.6119251451399674,False
conventional24,mCherry,48,T,editable,none,43,0.9973787680209698,T,0.4906309834522263,polar,0.6356534222694089,0.4053868428809284,0.4423122409673832,0.2926360729128815,7.4938883781433105,,0.0060959776494622,0.920287107354532,False
conventional24,mCherry,49,A,editable,none,44,0.9973787680209698,L,0.235084652291817,aliphatic,0.793289295350877,0.2801018100881152,0.6301158364089667,0.0060081001537949,4.30495023727417,,0.0045613448373717,0.14510976139897488,False
conventional24,mCherry,67,S,editable,none,61,1.0,S,0.3351386071825256,polar,0.4786929782174166,0.3597254873702923,0.4808123692613391,0.0,2.901694059371948,,0.0,0.4800762180070008,False
conventional24,mCherry,68,P,editable,none,62,1.0,T,0.4497277059936817,polar,0.5431734278145725,0.431211239349668,0.3630472853424568,0.0124588262203127,2.915830612182617,,0.0988520607091794,0.6844198641564895,False
conventional24,mCherry,69,Q,editable,none,63,1.0,T,0.2391090598130673,polar,0.5416818127764231,0.2537148988175461,0.4171967832618755,0.0410363147425097,3.359091758728028,,0.0233298591785343,0.5650116719549573,False
conventional24,mCherry,70,F,editable,none,64,1.0,F,0.5035139281915332,aromatic,0.5035139281915332,0.4953116214791273,0.4585722582033482,0.0016772612929344,1.3350549936294556,,0.5096784107011496,0.053659709373622105,False
conventional24,mCherry,71,M,editable,none,65,1.0,Q,0.1954685091015756,polar,0.3934687291418402,0.2176233200086887,0.1687668185237535,0.0118139020858272,0.0,,0.08512946049563411,0.5270465642026374,False
conventional24,mCherry,72,Y,editable,aromatic,66,1.0,Y,0.9105966838848194,aromatic,0.9448225557647424,0.8574358276008713,0.8785051033206344,0.0104249892579285,0.0,0.952706230985442,0.952706230985442,0.9898539831737143,True
conventional24,mCherry,73,G,fixed,none,67,1.0,G,0.9976270043968976,glycine,0.9976270043968976,0.994240831808988,0.9911732456399632,0.0034341637331705,0.0,,0.0,0.0,True
conventional24,mCherry,74,S,editable,none,68,1.0,N,0.2616930593257684,polar,0.4897181121817692,0.3063088690699302,0.3552310426408895,0.0110455984356759,1.327847242355347,,0.208541578663609,0.5668207680778344,False
conventional24,mCherry,75,K,editable,none,69,1.0,R,0.3277312414833944,basic,0.6396309062234704,0.3461894815558213,0.4159401826750644,0.0476293351915147,3.4206199645996094,,0.2039248052350799,0.8903954636788927,False
conventional24,mCherry,98,W,editable,none,94,1.0,W,0.4532432771217071,aromatic,0.5616281222919792,0.420554451116197,0.5041956158492447,0.0295708423190646,2.9600610733032227,,0.5616281222919791,0.8634125359852144,False
conventional24,mCherry,100,R,fixed,none,96,1.0,R,0.990812270576496,basic,1.0,0.9819988119618076,1.0,0.0356546770917238,2.6702418327331543,,0.0,0.9999999999999999,True
conventional24,mCherry,114,Q,editable,none,110,0.9973787680209698,A,0.2877682424719584,polar,0.4062921719319726,0.3177700173643289,0.27574868723973,0.056168748426807,6.076101779937744,,0.25686478969179727,0.5749339786651662,False
conventional24,mCherry,125,Y,editable,none,121,0.9973787680209698,Y,0.3155586620805021,polar,0.3564666910845089,0.4136888829919863,0.2266627467206347,0.0092334246024107,3.695613384246826,,0.46619382146045163,0.8219272916405056,False
conventional24,mCherry,148,W,editable,none,144,0.9973787680209698,W,0.5032615244989261,aromatic,0.5032615244989261,0.4195423609514725,0.4121119533430715,0.2768139374561799,9.593534469604492,,0.5117470178073746,0.8809696246808242,False
conventional24,mCherry,149,E,editable,none,145,0.9960681520314548,E,0.4858134597770824,acidic,0.599563836313089,0.353942400496251,0.3337171308905095,0.1120083087297446,3.7188854217529297,,0.1356496157016224,0.7525417983955821,False
conventional24,mCherry,150,A,editable,none,146,0.9960681520314548,P,0.5554036888069339,proline,0.5554036888069339,0.4713102892881545,0.3226969741296622,0.1975723266601562,4.530325889587402,,0.0421802459432416,0.2466099920906416,False
conventional24,mCherry,151,S,editable,hbond,147,0.9960681520314548,S,0.5882605631978948,polar,0.7979807042566904,0.4769437630366783,0.5520569464114019,0.3996414430679813,5.148030757904053,0.8242288697121707,0.0175774303893108,0.8242288697121707,False
conventional24,mCherry,166,I,editable,none,165,0.9947575360419396,V,0.252575444842447,aliphatic,0.4299713193026453,0.2709083185241666,0.2913157316625191,0.0345889329910278,3.5851728916168213,,0.3404306911820697,0.2539481235478833,False
conventional24,mCherry,168,Q,editable,none,167,0.9947575360419396,M,0.3495225783201012,aliphatic,0.6607101243523014,0.2269156984448962,0.3988493604650387,0.0,3.676437139511109,,0.1042755781712911,0.3098934177053367,False
conventional24,mCherry,186,Y,editable,none,182,0.9973787680209698,Y,0.6922883043310567,aromatic,0.7293874204444384,0.5456746731244475,0.5288782795691735,0.3914066213165399,9.721710205078123,,0.7573875775273935,0.8139667731429832,False
conventional24,mCherry,202,I,editable,none,203,0.9973787680209698,H,0.3653301121291207,basic,0.5991238726836094,0.3119132379381878,0.3687803722115541,0.0236328618471012,3.544808864593506,,0.4271111455153933,0.8717938708787026,False
conventional24,mCherry,204,L,editable,none,205,0.9973787680209698,L,0.3037878245470045,aliphatic,0.676548518285065,0.3427989521649046,0.5632515889141915,0.0896575435515373,3.995230674743652,,0.0355024951420293,0.3050657196162195,False
conventional24,mCherry,218,Q,editable,none,220,0.9934469200524246,L,0.4384755805937528,aliphatic,0.6149920649693413,0.5051624509947125,0.5458651356254733,0.0057822809883611,3.7045297622680655,,0.0474790627476177,0.3414299761158066,False
conventional24,mCherry,219,Y,editable,none,221,0.9934469200524246,Y,0.1921836130700728,aliphatic,0.286323729619072,0.1513585489850903,0.1744387311950268,0.2736924584232159,7.246955871582031,,0.3447284509784647,0.6637482944192266,False
conventional24,mCherry,220,E,fixed,none,222,0.9973787680209698,E,0.9456906328579144,acidic,0.9469719284249962,0.9006756582146256,0.8529176843514052,0.0178209548573857,2.734550952911377,,0.0,0.9704540240933041,True
conventional24,mKate2,40,Q,editable,none,42,0.9973787680209698,Q,0.4781060606883464,polar,0.4963759808617817,0.4115868611197624,0.3555569519637959,0.0260351000733636,3.422226428985596,,0.1391769603817275,0.6119251451399674,False
conventional24,mKate2,41,T,editable,none,43,0.9973787680209698,T,0.4906309834522263,polar,0.6356534222694089,0.4053868428809284,0.4423122409673832,0.2926360729128815,7.4938883781433105,,0.0060959776494622,0.920287107354532,False
conventional24,mKate2,42,M,editable,none,44,0.9973787680209698,L,0.235084652291817,aliphatic,0.793289295350877,0.2801018100881152,0.6301158364089667,0.0060081001537949,4.30495023727417,,0.0045613448373717,0.14510976139897488,False
conventional24,mKate2,60,A,editable,none,61,1.0,S,0.3351386071825256,polar,0.4786929782174166,0.3597254873702923,0.4808123692613391,0.0,2.901694059371948,,0.0,0.4800762180070008,False
conventional24,mKate2,61,T,editable,none,62,1.0,T,0.4497277059936817,polar,0.5431734278145725,0.431211239349668,0.3630472853424568,0.0124588262203127,2.915830612182617,,0.0988520607091794,0.6844198641564895,False
conventional24,mKate2,62,S,editable,none,63,1.0,T,0.2391090598130673,polar,0.5416818127764231,0.2537148988175461,0.4171967832618755,0.0410363147425097,3.359091758728028,,0.0233298591785343,0.5650116719549573,False
conventional24,mKate2,63,F,editable,none,64,1.0,F,0.5035139281915332,aromatic,0.5035139281915332,0.4953116214791273,0.4585722582033482,0.0016772612929344,1.3350549936294556,,0.5096784107011496,0.053659709373622105,False
conventional24,mKate2,64,M,editable,none,65,1.0,Q,0.1954685091015756,polar,0.3934687291418402,0.2176233200086887,0.1687668185237535,0.0118139020858272,0.0,,0.08512946049563411,0.5270465642026374,False
conventional24,mKate2,65,Y,editable,aromatic,66,1.0,Y,0.9105966838848194,aromatic,0.9448225557647424,0.8574358276008713,0.8785051033206344,0.0104249892579285,0.0,0.952706230985442,0.952706230985442,0.9898539831737143,True
conventional24,mKate2,66,G,fixed,none,67,1.0,G,0.9976270043968976,glycine,0.9976270043968976,0.994240831808988,0.9911732456399632,0.0034341637331705,0.0,,0.0,0.0,True
conventional24,mKate2,67,S,editable,none,68,1.0,N,0.2616930593257684,polar,0.4897181121817692,0.3063088690699302,0.3552310426408895,0.0110455984356759,1.327847242355347,,0.208541578663609,0.5668207680778344,False
conventional24,mKate2,68,K,editable,hbond,69,1.0,R,0.3277312414833944,basic,0.6396309062234704,0.3461894815558213,0.4159401826750644,0.0476293351915147,3.4206199645996094,0.8903954636788927,0.2039248052350799,0.8903954636788927,False
conventional24,mKate2,91,W,editable,hbond,94,1.0,W,0.4532432771217071,aromatic,0.5616281222919792,0.420554451116197,0.5041956158492447,0.0295708423190646,2.9600610733032227,0.8634125359852144,0.5616281222919791,0.8634125359852144,False
conventional24,mKate2,93,R,fixed,none,96,1.0,R,0.990812270576496,basic,1.0,0.9819988119618076,1.0,0.0356546770917238,2.6702418327331543,,0.0,0.9999999999999999,True
conventional24,mKate2,107,Q,editable,none,110,0.9973787680209698,A,0.2877682424719584,polar,0.4062921719319726,0.3177700173643289,0.27574868723973,0.056168748426807,6.076101779937744,,0.25686478969179727,0.5749339786651662,False
conventional24,mKate2,109,T,editable,none,112,0.9973787680209698,I,0.3235341401082222,aliphatic,0.5314550261523421,0.4245286658910918,0.4063355822500318,0.0023134638523233,3.6002357006073,,0.2210689336198482,0.4670886696297224,False
conventional24,mKate2,118,Y,editable,none,121,0.9973787680209698,Y,0.3155586620805021,polar,0.3564666910845089,0.4136888829919863,0.2266627467206347,0.0092334246024107,3.695613384246826,,0.46619382146045163,0.8219272916405056,False
conventional24,mKate2,142,E,editable,none,145,0.9960681520314548,E,0.4858134597770824,acidic,0.599563836313089,0.353942400496251,0.3337171308905095,0.1120083087297446,3.7188854217529297,,0.1356496157016224,0.7525417983955821,False
conventional24,mKate2,143,A,editable,none,146,0.9960681520314548,P,0.5554036888069339,proline,0.5554036888069339,0.4713102892881545,0.3226969741296622,0.1975723266601562,4.530325889587402,,0.0421802459432416,0.2466099920906416,False
conventional24,mKate2,144,S,editable,hbond,147,0.9960681520314548,S,0.5882605631978948,polar,0.7979807042566904,0.4769437630366783,0.5520569464114019,0.3996414430679813,5.148030757904053,0.8242288697121707,0.0175774303893108,0.8242288697121707,False
conventional24,mKate2,146,E,editable,none,149,0.9947575360419396,E,0.5734956910159513,acidic,0.6262322888758131,0.4508717352005632,0.438498206390731,0.3132541363055889,5.990737915039063,,0.006114593706624,0.8528236479792892,False
conventional24,mKate2,161,M,editable,none,167,0.9947575360419396,M,0.3495225783201012,aliphatic,0.6607101243523014,0.2269156984448962,0.3988493604650387,0.0,3.676437139511109,,0.1042755781712911,0.3098934177053367,False
conventional24,mKate2,175,L,editable,none,178,0.9764089121887288,F,0.3339201612884246,aliphatic,0.6390217550634404,0.4209941240114673,0.6075425401779826,0.2570244708464513,11.98137092590332,,0.34945407725767,0.024882623963865598,False
conventional24,mKate2,179,Y,editable,none,182,0.9973787680209698,Y,0.6922883043310567,aromatic,0.7293874204444384,0.5456746731244475,0.5288782795691735,0.3914066213165399,9.721710205078123,,0.7573875775273935,0.8139667731429832,False
conventional24,mKate2,198,R,editable,none,203,0.9973787680209698,H,0.3653301121291207,basic,0.5991238726836094,0.3119132379381878,0.3687803722115541,0.0236328618471012,3.544808864593506,,0.4271111455153933,0.8717938708787026,False
conventional24,mKate2,200,L,editable,none,205,0.9973787680209698,L,0.3037878245470045,aliphatic,0.676548518285065,0.3427989521649046,0.5632515889141915,0.0896575435515373,3.995230674743652,,0.0355024951420293,0.3050657196162195,False
conventional24,mKate2,214,Q,editable,none,220,0.9934469200524246,L,0.4384755805937528,aliphatic,0.6149920649693413,0.5051624509947125,0.5458651356254733,0.0057822809883611,3.7045297622680655,,0.0474790627476177,0.3414299761158066,False
conventional24,mKate2,215,H,editable,none,221,0.9934469200524246,Y,0.1921836130700728,aliphatic,0.286323729619072,0.1513585489850903,0.1744387311950268,0.2736924584232159,7.246955871582031,,0.3447284509784647,0.6637482944192266,False
conventional24,mKate2,216,E,fixed,none,222,0.9973787680209698,E,0.9456906328579144,acidic,0.9469719284249962,0.9006756582146256,0.8529176843514052,0.0178209548573857,2.734550952911377,,0.0,0.9704540240933041,True
conventional24,mScarlet-2A,15,F,editable,none,14,0.9973787680209698,I,0.3219183749186244,aliphatic,0.5889951318036287,0.3319347815611364,0.4411253685556727,0.0145411188832394,7.077704429626465,,0.3175564613288127,0.22414453305641752,False
conventional24,mScarlet-2A,43,Q,editable,none,42,0.9973787680209698,Q,0.4781060606883464,polar,0.4963759808617817,0.4115868611197624,0.3555569519637959,0.0260351000733636,3.422226428985596,,0.1391769603817275,0.6119251451399674,False
conventional24,mScarlet-2A,44,T,editable,none,43,0.9973787680209698,T,0.4906309834522263,polar,0.6356534222694089,0.4053868428809284,0.4423122409673832,0.2926360729128815,7.4938883781433105,,0.0060959776494622,0.920287107354532,False
conventional24,mScarlet-2A,45,A,editable,none,44,0.9973787680209698,L,0.235084652291817,aliphatic,0.793289295350877,0.2801018100881152,0.6301158364089667,0.0060081001537949,4.30495023727417,,0.0045613448373717,0.14510976139897488,False
conventional24,mScarlet-2A,63,S,editable,none,61,1.0,S,0.3351386071825256,polar,0.4786929782174166,0.3597254873702923,0.4808123692613391,0.0,2.901694059371948,,0.0,0.4800762180070008,False
conventional24,mScarlet-2A,64,P,editable,none,62,1.0,T,0.4497277059936817,polar,0.5431734278145725,0.431211239349668,0.3630472853424568,0.0124588262203127,2.915830612182617,,0.0988520607091794,0.6844198641564895,False
conventional24,mScarlet-2A,65,Q,editable,none,63,1.0,T,0.2391090598130673,polar,0.5416818127764231,0.2537148988175461,0.4171967832618755,0.0410363147425097,3.359091758728028,,0.0233298591785343,0.5650116719549573,False
conventional24,mScarlet-2A,66,F,editable,none,64,1.0,F,0.5035139281915332,aromatic,0.5035139281915332,0.4953116214791273,0.4585722582033482,0.0016772612929344,1.3350549936294556,,0.5096784107011496,0.053659709373622105,False
conventional24,mScarlet-2A,67,M,editable,none,65,1.0,Q,0.1954685091015756,polar,0.3934687291418402,0.2176233200086887,0.1687668185237535,0.0118139020858272,0.0,,0.08512946049563411,0.5270465642026374,False
conventional24,mScarlet-2A,68,Y,editable,aromatic,66,1.0,Y,0.9105966838848194,aromatic,0.9448225557647424,0.8574358276008713,0.8785051033206344,0.0104249892579285,0.0,0.952706230985442,0.952706230985442,0.9898539831737143,True
conventional24,mScarlet-2A,69,G,fixed,none,67,1.0,G,0.9976270043968976,glycine,0.9976270043968976,0.994240831808988,0.9911732456399632,0.0034341637331705,0.0,,0.0,0.0,True
conventional24,mScarlet-2A,70,S,editable,none,68,1.0,N,0.2616930593257684,polar,0.4897181121817692,0.3063088690699302,0.3552310426408895,0.0110455984356759,1.327847242355347,,0.208541578663609,0.5668207680778344,False
conventional24,mScarlet-2A,71,R,editable,hbond,69,1.0,R,0.3277312414833944,basic,0.6396309062234704,0.3461894815558213,0.4159401826750644,0.0476293351915147,3.4206199645996094,0.8903954636788927,0.2039248052350799,0.8903954636788927,False
conventional24,mScarlet-2A,94,W,editable,hbond,94,1.0,W,0.4532432771217071,aromatic,0.5616281222919792,0.420554451116197,0.5041956158492447,0.0295708423190646,2.9600610733032227,0.8634125359852144,0.5616281222919791,0.8634125359852144,False
conventional24,mScarlet-2A,96,R,fixed,none,96,1.0,R,0.990812270576496,basic,1.0,0.9819988119618076,1.0,0.0356546770917238,2.6702418327331543,,0.0,0.9999999999999999,True
conventional24,mScarlet-2A,110,Q,editable,hbond,110,0.9973787680209698,A,0.2877682424719584,polar,0.4062921719319726,0.3177700173643289,0.27574868723973,0.056168748426807,6.076101779937744,0.5749339786651662,0.25686478969179727,0.5749339786651662,False
conventional24,mScarlet-2A,112,T,editable,none,112,0.9973787680209698,I,0.3235341401082222,aliphatic,0.5314550261523421,0.4245286658910918,0.4063355822500318,0.0023134638523233,3.6002357006073,,0.2210689336198482,0.4670886696297224,False
conventional24,mScarlet-2A,121,Y,editable,none,121,0.9973787680209698,Y,0.3155586620805021,polar,0.3564666910845089,0.4136888829919863,0.2266627467206347,0.0092334246024107,3.695613384246826,,0.46619382146045163,0.8219272916405056,False
conventional24,mScarlet-2A,144,W,editable,none,144,0.9973787680209698,W,0.5032615244989261,aromatic,0.5032615244989261,0.4195423609514725,0.4121119533430715,0.2768139374561799,9.593534469604492,,0.5117470178073746,0.8809696246808242,False
conventional24,mScarlet-2A,145,E,editable,none,145,0.9960681520314548,E,0.4858134597770824,acidic,0.599563836313089,0.353942400496251,0.3337171308905095,0.1120083087297446,3.7188854217529297,,0.1356496157016224,0.7525417983955821,False
conventional24,mScarlet-2A,147,S,editable,hbond,147,0.9960681520314548,S,0.5882605631978948,polar,0.7979807042566904,0.4769437630366783,0.5520569464114019,0.3996414430679813,5.148030757904053,0.8242288697121707,0.0175774303893108,0.8242288697121707,False
conventional24,mScarlet-2A,162,I,editable,none,165,0.9947575360419396,V,0.252575444842447,aliphatic,0.4299713193026453,0.2709083185241666,0.2913157316625191,0.0345889329910278,3.5851728916168213,,0.3404306911820697,0.2539481235478833,False
conventional24,mScarlet-2A,164,M,editable,none,167,0.9947575360419396,M,0.3495225783201012,aliphatic,0.6607101243523014,0.2269156984448962,0.3988493604650387,0.0,3.676437139511109,,0.1042755781712911,0.3098934177053367,False
conventional24,mScarlet-2A,182,Y,editable,none,182,0.9973787680209698,Y,0.6922883043310567,aromatic,0.7293874204444384,0.5456746731244475,0.5288782795691735,0.3914066213165399,9.721710205078123,,0.7573875775273935,0.8139667731429832,False
conventional24,mScarlet-2A,198,R,editable,none,203,0.9973787680209698,H,0.3653301121291207,basic,0.5991238726836094,0.3119132379381878,0.3687803722115541,0.0236328618471012,3.544808864593506,,0.4271111455153933,0.8717938708787026,False
conventional24,mScarlet-2A,200,L,editable,none,205,0.9973787680209698,L,0.3037878245470045,aliphatic,0.676548518285065,0.3427989521649046,0.5632515889141915,0.0896575435515373,3.995230674743652,,0.0355024951420293,0.3050657196162195,False
conventional24,mScarlet-2A,214,Q,editable,none,220,0.9934469200524246,L,0.4384755805937528,aliphatic,0.6149920649693413,0.5051624509947125,0.5458651356254733,0.0057822809883611,3.7045297622680655,,0.0474790627476177,0.3414299761158066,False
conventional24,mScarlet-2A,215,Y,editable,none,221,0.9934469200524246,Y,0.1921836130700728,aliphatic,0.286323729619072,0.1513585489850903,0.1744387311950268,0.2736924584232159,7.246955871582031,,0.3447284509784647,0.6637482944192266,False
conventional24,mScarlet-2A,216,E,fixed,none,222,0.9973787680209698,E,0.9456906328579144,acidic,0.9469719284249962,0.9006756582146256,0.8529176843514052,0.0178209548573857,2.734550952911377,,0.0,0.9704540240933041,True
conventional24,td-RFP639,39,Q,editable,none,42,0.9973787680209698,Q,0.4781060606883464,polar,0.4963759808617817,0.4115868611197624,0.3555569519637959,0.0260351000733636,3.422226428985596,,0.1391769603817275,0.6119251451399674,False
conventional24,td-RFP639,40,T,editable,none,43,0.9973787680209698,T,0.4906309834522263,polar,0.6356534222694089,0.4053868428809284,0.4423122409673832,0.2926360729128815,7.4938883781433105,,0.0060959776494622,0.920287107354532,False
conventional24,td-RFP639,41,M,editable,none,44,0.9973787680209698,L,0.235084652291817,aliphatic,0.793289295350877,0.2801018100881152,0.6301158364089667,0.0060081001537949,4.30495023727417,,0.0045613448373717,0.14510976139897488,False
conventional24,td-RFP639,59,A,editable,none,61,1.0,S,0.3351386071825256,polar,0.4786929782174166,0.3597254873702923,0.4808123692613391,0.0,2.901694059371948,,0.0,0.4800762180070008,False
conventional24,td-RFP639,60,T,editable,none,62,1.0,T,0.4497277059936817,polar,0.5431734278145725,0.431211239349668,0.3630472853424568,0.0124588262203127,2.915830612182617,,0.0988520607091794,0.6844198641564895,False
conventional24,td-RFP639,61,S,editable,none,63,1.0,T,0.2391090598130673,polar,0.5416818127764231,0.2537148988175461,0.4171967832618755,0.0410363147425097,3.359091758728028,,0.0233298591785343,0.5650116719549573,False
conventional24,td-RFP639,62,F,editable,none,64,1.0,F,0.5035139281915332,aromatic,0.5035139281915332,0.4953116214791273,0.4585722582033482,0.0016772612929344,1.3350549936294556,,0.5096784107011496,0.053659709373622105,False
conventional24,td-RFP639,63,M,editable,none,65,1.0,Q,0.1954685091015756,polar,0.3934687291418402,0.2176233200086887,0.1687668185237535,0.0118139020858272,0.0,,0.08512946049563411,0.5270465642026374,False
conventional24,td-RFP639,64,Y,editable,aromatic,66,1.0,Y,0.9105966838848194,aromatic,0.9448225557647424,0.8574358276008713,0.8785051033206344,0.0104249892579285,0.0,0.952706230985442,0.952706230985442,0.9898539831737143,True
conventional24,td-RFP639,65,G,fixed,none,67,1.0,G,0.9976270043968976,glycine,0.9976270043968976,0.994240831808988,0.9911732456399632,0.0034341637331705,0.0,,0.0,0.0,True
conventional24,td-RFP639,66,S,editable,none,68,1.0,N,0.2616930593257684,polar,0.4897181121817692,0.3063088690699302,0.3552310426408895,0.0110455984356759,1.327847242355347,,0.208541578663609,0.5668207680778344,False
conventional24,td-RFP639,67,K,editable,none,69,1.0,R,0.3277312414833944,basic,0.6396309062234704,0.3461894815558213,0.4159401826750644,0.0476293351915147,3.4206199645996094,,0.2039248052350799,0.8903954636788927,False
conventional24,td-RFP639,90,W,editable,hbond,94,1.0,W,0.4532432771217071,aromatic,0.5616281222919792,0.420554451116197,0.5041956158492447,0.0295708423190646,2.9600610733032227,0.8634125359852144,0.5616281222919791,0.8634125359852144,False
conventional24,td-RFP639,92,R,fixed,none,96,1.0,R,0.990812270576496,basic,1.0,0.9819988119618076,1.0,0.0356546770917238,2.6702418327331543,,0.0,0.9999999999999999,True
conventional24,td-RFP639,106,Q,editable,hbond,110,0.9973787680209698,A,0.2877682424719584,polar,0.4062921719319726,0.3177700173643289,0.27574868723973,0.056168748426807,6.076101779937744,0.5749339786651662,0.25686478969179727,0.5749339786651662,False
conventional24,td-RFP639,108,T,editable,none,112,0.9973787680209698,I,0.3235341401082222,aliphatic,0.5314550261523421,0.4245286658910918,0.4063355822500318,0.0023134638523233,3.6002357006073,,0.2210689336198482,0.4670886696297224,False
conventional24,td-RFP639,117,Y,editable,none,121,0.9973787680209698,Y,0.3155586620805021,polar,0.3564666910845089,0.4136888829919863,0.2266627467206347,0.0092334246024107,3.695613384246826,,0.46619382146045163,0.8219272916405056,False
conventional24,td-RFP639,141,E,editable,none,145,0.9960681520314548,E,0.4858134597770824,acidic,0.599563836313089,0.353942400496251,0.3337171308905095,0.1120083087297446,3.7188854217529297,,0.1356496157016224,0.7525417983955821,False
conventional24,td-RFP639,142,P,editable,none,146,0.9960681520314548,P,0.5554036888069339,proline,0.5554036888069339,0.4713102892881545,0.3226969741296622,0.1975723266601562,4.530325889587402,,0.0421802459432416,0.2466099920906416,False
conventional24,td-RFP639,143,S,editable,hbond,147,0.9960681520314548,S,0.5882605631978948,polar,0.7979807042566904,0.4769437630366783,0.5520569464114019,0.3996414430679813,5.148030757904053,0.8242288697121707,0.0175774303893108,0.8242288697121707,False
conventional24,td-RFP639,158,C,editable,none,165,0.9947575360419396,V,0.252575444842447,aliphatic,0.4299713193026453,0.2709083185241666,0.2913157316625191,0.0345889329910278,3.5851728916168213,,0.3404306911820697,0.2539481235478833,False
conventional24,td-RFP639,160,M,editable,none,167,0.9947575360419396,M,0.3495225783201012,aliphatic,0.6607101243523014,0.2269156984448962,0.3988493604650387,0.0,3.676437139511109,,0.1042755781712911,0.3098934177053367,False
conventional24,td-RFP639,174,F,editable,none,178,0.9764089121887288,F,0.3339201612884246,aliphatic,0.6390217550634404,0.4209941240114673,0.6075425401779826,0.2570244708464513,11.98137092590332,,0.34945407725767,0.024882623963865598,False
conventional24,td-RFP639,178,Y,editable,none,182,0.9973787680209698,Y,0.6922883043310567,aromatic,0.7293874204444384,0.5456746731244475,0.5288782795691735,0.3914066213165399,9.721710205078123,,0.7573875775273935,0.8139667731429832,False
conventional24,td-RFP639,197,H,editable,none,203,0.9973787680209698,H,0.3653301121291207,basic,0.5991238726836094,0.3119132379381878,0.3687803722115541,0.0236328618471012,3.544808864593506,,0.4271111455153933,0.8717938708787026,False
conventional24,td-RFP639,198,R,editable,none,204,0.9973787680209698,R,0.3631984784771579,basic,0.6651168580975453,0.380515083381771,0.4550233517748386,0.4328141276041666,5.51182746887207,,0.0996210740794096,0.907241843997882,False
conventional24,td-RFP639,199,L,editable,none,205,0.9973787680209698,L,0.3037878245470045,aliphatic,0.676548518285065,0.3427989521649046,0.5632515889141915,0.0896575435515373,3.995230674743652,,0.0355024951420293,0.3050657196162195,False
conventional24,td-RFP639,213,Q,editable,none,220,0.9934469200524246,L,0.4384755805937528,aliphatic,0.6149920649693413,0.5051624509947125,0.5458651356254733,0.0057822809883611,3.7045297622680655,,0.0474790627476177,0.3414299761158066,False
conventional24,td-RFP639,214,H,editable,none,221,0.9934469200524246,Y,0.1921836130700728,aliphatic,0.286323729619072,0.1513585489850903,0.1744387311950268,0.2736924584232159,7.246955871582031,,0.3447284509784647,0.6637482944192266,False
conventional24,td-RFP639,215,E,fixed,none,222,0.9973787680209698,E,0.9456906328579144,acidic,0.9469719284249962,0.9006756582146256,0.8529176843514052,0.0178209548573857,2.734550952911377,,0.0,0.9704540240933041,True
conventional24,DimVenus,43,L,editable,none,42,0.9973787680209698,Q,0.4781060606883464,polar,0.4963759808617817,0.4115868611197624,0.3555569519637959,0.0260351000733636,3.422226428985596,,0.1391769603817275,0.6119251451399674,False
conventional24,DimVenus,45,L,editable,none,44,0.9973787680209698,L,0.235084652291817,aliphatic,0.793289295350877,0.2801018100881152,0.6301158364089667,0.0060081001537949,4.30495023727417,,0.0045613448373717,0.14510976139897488,False
conventional24,DimVenus,61,L,editable,none,60,1.0,L,0.8397483249800257,aliphatic,1.0,0.8037886965082748,1.0,0.0,4.841289520263672,,0.0,0.0,True
conventional24,DimVenus,62,V,editable,none,61,1.0,S,0.3351386071825256,polar,0.4786929782174166,0.3597254873702923,0.4808123692613391,0.0,2.901694059371948,,0.0,0.4800762180070008,False
conventional24,DimVenus,63,T,editable,none,62,1.0,T,0.4497277059936817,polar,0.5431734278145725,0.431211239349668,0.3630472853424568,0.0124588262203127,2.915830612182617,,0.0988520607091794,0.6844198641564895,False
conventional24,DimVenus,64,T,editable,none,63,1.0,T,0.2391090598130673,polar,0.5416818127764231,0.2537148988175461,0.4171967832618755,0.0410363147425097,3.359091758728028,,0.0233298591785343,0.5650116719549573,False
conventional24,DimVenus,65,L,editable,none,64,1.0,F,0.5035139281915332,aromatic,0.5035139281915332,0.4953116214791273,0.4585722582033482,0.0016772612929344,1.3350549936294556,,0.5096784107011496,0.053659709373622105,False
conventional24,DimVenus,66,G,editable,none,65,1.0,Q,0.1954685091015756,polar,0.3934687291418402,0.2176233200086887,0.1687668185237535,0.0118139020858272,0.0,,0.08512946049563411,0.5270465642026374,False
conventional24,DimVenus,67,Y,editable,aromatic,66,1.0,Y,0.9105966838848194,aromatic,0.9448225557647424,0.8574358276008713,0.8785051033206344,0.0104249892579285,0.0,0.952706230985442,0.952706230985442,0.9898539831737143,True
conventional24,DimVenus,68,G,fixed,none,67,1.0,G,0.9976270043968976,glycine,0.9976270043968976,0.994240831808988,0.9911732456399632,0.0034341637331705,0.0,,0.0,0.0,True
conventional24,DimVenus,69,L,editable,none,68,1.0,N,0.2616930593257684,polar,0.4897181121817692,0.3063088690699302,0.3552310426408895,0.0110455984356759,1.327847242355347,,0.208541578663609,0.5668207680778344,False
conventional24,DimVenus,70,Q,editable,hbond,69,1.0,R,0.3277312414833944,basic,0.6396309062234704,0.3461894815558213,0.4159401826750644,0.0476293351915147,3.4206199645996094,0.8903954636788927,0.2039248052350799,0.8903954636788927,False
conventional24,DimVenus,93,Y,editable,none,92,1.0,Y,0.5548584422767627,aromatic,0.8425922479907035,0.5883935441414059,0.7097952803742985,0.0,4.378256320953369,,0.8452766868329271,0.6018414134283337,False
conventional24,DimVenus,95,Q,editable,hbond,94,1.0,W,0.4532432771217071,aromatic,0.5616281222919792,0.420554451116197,0.5041956158492447,0.0295708423190646,2.9600610733032227,0.8634125359852144,0.5616281222919791,0.8634125359852144,False
conventional24,DimVenus,97,R,fixed,none,96,1.0,R,0.990812270576496,basic,1.0,0.9819988119618076,1.0,0.0356546770917238,2.6702418327331543,,0.0,0.9999999999999999,True
conventional24,DimVenus,113,V,editable,none,112,0.9973787680209698,I,0.3235341401082222,aliphatic,0.5314550261523421,0.4245286658910918,0.4063355822500318,0.0023134638523233,3.6002357006073,,0.2210689336198482,0.4670886696297224,False
conventional24,DimVenus,122,N,editable,none,121,0.9973787680209698,Y,0.3155586620805021,polar,0.3564666910845089,0.4136888829919863,0.2266627467206347,0.0092334246024107,3.695613384246826,,0.46619382146045163,0.8219272916405056,False
conventional24,DimVenus,146,W,editable,none,145,0.9960681520314548,E,0.4858134597770824,acidic,0.599563836313089,0.353942400496251,0.3337171308905095,0.1120083087297446,3.7188854217529297,,0.1356496157016224,0.7525417983955821,False
conventional24,DimVenus,147,N,editable,none,146,0.9960681520314548,P,0.5554036888069339,proline,0.5554036888069339,0.4713102892881545,0.3226969741296622,0.1975723266601562,4.530325889587402,,0.0421802459432416,0.2466099920906416,False
conventional24,DimVenus,148,S,editable,none,147,0.9960681520314548,S,0.5882605631978948,polar,0.7979807042566904,0.4769437630366783,0.5520569464114019,0.3996414430679813,5.148030757904053,,0.0175774303893108,0.8242288697121707,False
conventional24,DimVenus,149,H,editable,hbond,148,0.9960681520314548,T,0.3522699337305357,polar,0.4521290514781806,0.2874284113850636,0.1786738342424533,0.0335692805903298,3.3015193939208984,0.7477324972748837,0.2069426349722487,0.7477324972748837,False
conventional24,DimVenus,151,V,editable,none,150,0.9921363040629096,K,0.292068974199459,basic,0.4633008421954812,0.250002840187168,0.4095367166882239,0.0023134638523233,3.576688766479492,,0.06864773656965491,0.6293581480020329,False
conventional24,DimVenus,166,F,editable,none,165,0.9947575360419396,V,0.252575444842447,aliphatic,0.4299713193026453,0.2709083185241666,0.2913157316625191,0.0345889329910278,3.5851728916168213,,0.3404306911820697,0.2539481235478833,False
conventional24,DimVenus,168,I,editable,none,167,0.9947575360419396,M,0.3495225783201012,aliphatic,0.6607101243523014,0.2269156984448962,0.3988493604650387,0.0,3.676437139511109,,0.1042755781712911,0.3098934177053367,False
conventional24,DimVenus,184,Q,editable,none,183,0.9973787680209698,K,0.3394823975916853,basic,0.5467179163929808,0.4065857343891257,0.4576184547106032,0.0394706344604492,4.799337863922119,,0.0384441556538701,0.9485515071450614,False
conventional24,DimVenus,204,Y,editable,none,203,0.9973787680209698,H,0.3653301121291207,basic,0.5991238726836094,0.3119132379381878,0.3687803722115541,0.0236328618471012,3.544808864593506,,0.4271111455153933,0.8717938708787026,False
conventional24,DimVenus,206,S,editable,none,205,0.9973787680209698,L,0.3037878245470045,aliphatic,0.676548518285065,0.3427989521649046,0.5632515889141915,0.0896575435515373,3.995230674743652,,0.0355024951420293,0.3050657196162195,False
conventional24,DimVenus,221,L,editable,none,220,0.9934469200524246,L,0.4384755805937528,aliphatic,0.6149920649693413,0.5051624509947125,0.5458651356254733,0.0057822809883611,3.7045297622680655,,0.0474790627476177,0.3414299761158066,False
conventional24,DimVenus,223,E,fixed,none,222,0.9973787680209698,E,0.9456906328579144,acidic,0.9469719284249962,0.9006756582146256,0.8529176843514052,0.0178209548573857,2.734550952911377,,0.0,0.9704540240933041,True
conventional24,moxDendra2,43,Q,editable,none,42,0.9973787680209698,Q,0.4781060606883464,polar,0.4963759808617817,0.4115868611197624,0.3555569519637959,0.0260351000733636,3.422226428985596,,0.1391769603817275,0.6119251451399674,False
conventional24,moxDendra2,44,T,editable,none,43,0.9973787680209698,T,0.4906309834522263,polar,0.6356534222694089,0.4053868428809284,0.4423122409673832,0.2926360729128815,7.4938883781433105,,0.0060959776494622,0.920287107354532,False
conventional24,moxDendra2,45,A,editable,none,44,0.9973787680209698,L,0.235084652291817,aliphatic,0.793289295350877,0.2801018100881152,0.6301158364089667,0.0060081001537949,4.30495023727417,,0.0045613448373717,0.14510976139897488,False
conventional24,moxDendra2,63,T,editable,none,61,1.0,S,0.3351386071825256,polar,0.4786929782174166,0.3597254873702923,0.4808123692613391,0.0,2.901694059371948,,0.0,0.4800762180070008,False
conventional24,moxDendra2,64,T,editable,none,62,1.0,T,0.4497277059936817,polar,0.5431734278145725,0.431211239349668,0.3630472853424568,0.0124588262203127,2.915830612182617,,0.0988520607091794,0.6844198641564895,False
conventional24,moxDendra2,65,A,editable,none,63,1.0,T,0.2391090598130673,polar,0.5416818127764231,0.2537148988175461,0.4171967832618755,0.0410363147425097,3.359091758728028,,0.0233298591785343,0.5650116719549573,False
conventional24,moxDendra2,66,V,editable,none,64,1.0,F,0.5035139281915332,aromatic,0.5035139281915332,0.4953116214791273,0.4585722582033482,0.0016772612929344,1.3350549936294556,,0.5096784107011496,0.053659709373622105,False
conventional24,moxDendra2,67,H,editable,none,65,1.0,Q,0.1954685091015756,polar,0.3934687291418402,0.2176233200086887,0.1687668185237535,0.0118139020858272,0.0,,0.08512946049563411,0.5270465642026374,False
conventional24,moxDendra2,68,Y,editable,aromatic,66,1.0,Y,0.9105966838848194,aromatic,0.9448225557647424,0.8574358276008713,0.8785051033206344,0.0104249892579285,0.0,0.952706230985442,0.952706230985442,0.9898539831737143,True
conventional24,moxDendra2,69,G,fixed,none,67,1.0,G,0.9976270043968976,glycine,0.9976270043968976,0.994240831808988,0.9911732456399632,0.0034341637331705,0.0,,0.0,0.0,True
conventional24,moxDendra2,70,N,editable,none,68,1.0,N,0.2616930593257684,polar,0.4897181121817692,0.3063088690699302,0.3552310426408895,0.0110455984356759,1.327847242355347,,0.208541578663609,0.5668207680778344,False
conventional24,moxDendra2,71,R,editable,none,69,1.0,R,0.3277312414833944,basic,0.6396309062234704,0.3461894815558213,0.4159401826750644,0.0476293351915147,3.4206199645996094,,0.2039248052350799,0.8903954636788927,False
conventional24,moxDendra2,92,Y,editable,none,92,1.0,Y,0.5548584422767627,aromatic,0.8425922479907035,0.5883935441414059,0.7097952803742985,0.0,4.378256320953369,,0.8452766868329271,0.6018414134283337,False
conventional24,moxDendra2,94,W,editable,hbond,94,1.0,W,0.4532432771217071,aromatic,0.5616281222919792,0.420554451116197,0.5041956158492447,0.0295708423190646,2.9600610733032227,0.8634125359852144,0.5616281222919791,0.8634125359852144,False
conventional24,moxDendra2,96,R,fixed,none,96,1.0,R,0.990812270576496,basic,1.0,0.9819988119618076,1.0,0.0356546770917238,2.6702418327331543,,0.0,0.9999999999999999,True
conventional24,moxDendra2,110,S,editable,none,110,0.9973787680209698,A,0.2877682424719584,polar,0.4062921719319726,0.3177700173643289,0.27574868723973,0.056168748426807,6.076101779937744,,0.25686478969179727,0.5749339786651662,False
conventional24,moxDendra2,112,I,editable,none,112,0.9973787680209698,I,0.3235341401082222,aliphatic,0.5314550261523421,0.4245286658910918,0.4063355822500318,0.0023134638523233,3.6002357006073,,0.2210689336198482,0.4670886696297224,False
conventional24,moxDendra2,121,Q,editable,none,121,0.9973787680209698,Y,0.3155586620805021,polar,0.3564666910845089,0.4136888829919863,0.2266627467206347,0.0092334246024107,3.695613384246826,,0.46619382146045163,0.8219272916405056,False
conventional24,moxDendra2,145,E,editable,none,145,0.9960681520314548,E,0.4858134597770824,acidic,0.599563836313089,0.353942400496251,0.3337171308905095,0.1120083087297446,3.7188854217529297,,0.1356496157016224,0.7525417983955821,False
conventional24,moxDendra2,146,P,editable,none,146,0.9960681520314548,P,0.5554036888069339,proline,0.5554036888069339,0.4713102892881545,0.3226969741296622,0.1975723266601562,4.530325889587402,,0.0421802459432416,0.2466099920906416,False
conventional24,moxDendra2,147,S,editable,hbond,147,0.9960681520314548,S,0.5882605631978948,polar,0.7979807042566904,0.4769437630366783,0.5520569464114019,0.3996414430679813,5.148030757904053,0.8242288697121707,0.0175774303893108,0.8242288697121707,False
conventional24,moxDendra2,149,E,editable,none,149,0.9947575360419396,E,0.5734956910159513,acidic,0.6262322888758131,0.4508717352005632,0.438498206390731,0.3132541363055889,5.990737915039063,,0.006114593706624,0.8528236479792892,False
conventional24,moxDendra2,162,I,editable,none,165,0.9947575360419396,V,0.252575444842447,aliphatic,0.4299713193026453,0.2709083185241666,0.2913157316625191,0.0345889329910278,3.5851728916168213,,0.3404306911820697,0.2539481235478833,False
conventional24,moxDendra2,164,M,editable,none,167,0.9947575360419396,M,0.3495225783201012,aliphatic,0.6607101243523014,0.2269156984448962,0.3988493604650387,0.0,3.676437139511109,,0.1042755781712911,0.3098934177053367,False
conventional24,moxDendra2,178,F,editable,none,178,0.9764089121887288,F,0.3339201612884246,aliphatic,0.6390217550634404,0.4209941240114673,0.6075425401779826,0.2570244708464513,11.98137092590332,,0.34945407725767,0.024882623963865598,False
conventional24,moxDendra2,198,H,editable,none,203,0.9973787680209698,H,0.3653301121291207,basic,0.5991238726836094,0.3119132379381878,0.3687803722115541,0.0236328618471012,3.544808864593506,,0.4271111455153933,0.8717938708787026,False
conventional24,moxDendra2,199,R,editable,none,204,0.9973787680209698,R,0.3631984784771579,basic,0.6651168580975453,0.380515083381771,0.4550233517748386,0.4328141276041666,5.51182746887207,,0.0996210740794096,0.907241843997882,False
conventional24,moxDendra2,200,I,editable,none,205,0.9973787680209698,L,0.3037878245470045,aliphatic,0.676548518285065,0.3427989521649046,0.5632515889141915,0.0896575435515373,3.995230674743652,,0.0355024951420293,0.3050657196162195,False
conventional24,moxDendra2,214,L,editable,none,220,0.9934469200524246,L,0.4384755805937528,aliphatic,0.6149920649693413,0.5051624509947125,0.5458651356254733,0.0057822809883611,3.7045297622680655,,0.0474790627476177,0.3414299761158066,False
conventional24,moxDendra2,215,Y,editable,none,221,0.9934469200524246,Y,0.1921836130700728,aliphatic,0.286323729619072,0.1513585489850903,0.1744387311950268,0.2736924584232159,7.246955871582031,,0.3447284509784647,0.6637482944192266,False
conventional24,moxDendra2,216,E,fixed,none,222,0.9973787680209698,E,0.9456906328579144,acidic,0.9469719284249962,0.9006756582146256,0.8529176843514052,0.0178209548573857,2.734550952911377,,0.0,0.9704540240933041,True
conventional24,PA-GFP,43,L,editable,none,42,0.9973787680209698,Q,0.4781060606883464,polar,0.4963759808617817,0.4115868611197624,0.3555569519637959,0.0260351000733636,3.422226428985596,,0.1391769603817275,0.6119251451399674,False
conventional24,PA-GFP,45,L,editable,none,44,0.9973787680209698,L,0.235084652291817,aliphatic,0.793289295350877,0.2801018100881152,0.6301158364089667,0.0060081001537949,4.30495023727417,,0.0045613448373717,0.14510976139897488,False
conventional24,PA-GFP,47,F,editable,none,46,0.9973787680209698,L,0.3947880379327619,aliphatic,0.7298224613559946,0.4237633249303617,0.6856357300940457,0.0,5.331122398376465,,0.2681890826155981,0.0714569480305388,False
conventional24,PA-GFP,61,L,editable,none,60,1.0,L,0.8397483249800257,aliphatic,1.0,0.8037886965082748,1.0,0.0,4.841289520263672,,0.0,0.0,True
conventional24,PA-GFP,62,V,editable,none,61,1.0,S,0.3351386071825256,polar,0.4786929782174166,0.3597254873702923,0.4808123692613391,0.0,2.901694059371948,,0.0,0.4800762180070008,False
conventional24,PA-GFP,63,T,editable,none,62,1.0,T,0.4497277059936817,polar,0.5431734278145725,0.431211239349668,0.3630472853424568,0.0124588262203127,2.915830612182617,,0.0988520607091794,0.6844198641564895,False
conventional24,PA-GFP,64,T,editable,none,63,1.0,T,0.2391090598130673,polar,0.5416818127764231,0.2537148988175461,0.4171967832618755,0.0410363147425097,3.359091758728028,,0.0233298591785343,0.5650116719549573,False
conventional24,PA-GFP,65,F,editable,none,64,1.0,F,0.5035139281915332,aromatic,0.5035139281915332,0.4953116214791273,0.4585722582033482,0.0016772612929344,1.3350549936294556,,0.5096784107011496,0.053659709373622105,False
conventional24,PA-GFP,66,S,editable,none,65,1.0,Q,0.1954685091015756,polar,0.3934687291418402,0.2176233200086887,0.1687668185237535,0.0118139020858272,0.0,,0.08512946049563411,0.5270465642026374,False
conventional24,PA-GFP,67,Y,editable,aromatic,66,1.0,Y,0.9105966838848194,aromatic,0.9448225557647424,0.8574358276008713,0.8785051033206344,0.0104249892579285,0.0,0.952706230985442,0.952706230985442,0.9898539831737143,True
conventional24,PA-GFP,68,G,fixed,none,67,1.0,G,0.9976270043968976,glycine,0.9976270043968976,0.994240831808988,0.9911732456399632,0.0034341637331705,0.0,,0.0,0.0,True
conventional24,PA-GFP,69,V,editable,none,68,1.0,N,0.2616930593257684,polar,0.4897181121817692,0.3063088690699302,0.3552310426408895,0.0110455984356759,1.327847242355347,,0.208541578663609,0.5668207680778344,False
conventional24,PA-GFP,70,Q,editable,hbond,69,1.0,R,0.3277312414833944,basic,0.6396309062234704,0.3461894815558213,0.4159401826750644,0.0476293351915147,3.4206199645996094,0.8903954636788927,0.2039248052350799,0.8903954636788927,False
conventional24,PA-GFP,93,Y,editable,none,92,1.0,Y,0.5548584422767627,aromatic,0.8425922479907035,0.5883935441414059,0.7097952803742985,0.0,4.378256320953369,,0.8452766868329271,0.6018414134283337,False
conventional24,PA-GFP,95,Q,editable,hbond,94,1.0,W,0.4532432771217071,aromatic,0.5616281222919792,0.420554451116197,0.5041956158492447,0.0295708423190646,2.9600610733032227,0.8634125359852144,0.5616281222919791,0.8634125359852144,False
conventional24,PA-GFP,97,R,fixed,none,96,1.0,R,0.990812270576496,basic,1.0,0.9819988119618076,1.0,0.0356546770917238,2.6702418327331543,,0.0,0.9999999999999999,True
conventional24,PA-GFP,113,V,editable,none,112,0.9973787680209698,I,0.3235341401082222,aliphatic,0.5314550261523421,0.4245286658910918,0.4063355822500318,0.0023134638523233,3.6002357006073,,0.2210689336198482,0.4670886696297224,False
conventional24,PA-GFP,122,N,editable,none,121,0.9973787680209698,Y,0.3155586620805021,polar,0.3564666910845089,0.4136888829919863,0.2266627467206347,0.0092334246024107,3.695613384246826,,0.46619382146045163,0.8219272916405056,False
conventional24,PA-GFP,146,Y,editable,none,145,0.9960681520314548,E,0.4858134597770824,acidic,0.599563836313089,0.353942400496251,0.3337171308905095,0.1120083087297446,3.7188854217529297,,0.1356496157016224,0.7525417983955821,False
conventional24,PA-GFP,147,N,editable,none,146,0.9960681520314548,P,0.5554036888069339,proline,0.5554036888069339,0.4713102892881545,0.3226969741296622,0.1975723266601562,4.530325889587402,,0.0421802459432416,0.2466099920906416,False
conventional24,PA-GFP,166,F,editable,none,165,0.9947575360419396,V,0.252575444842447,aliphatic,0.4299713193026453,0.2709083185241666,0.2913157316625191,0.0345889329910278,3.5851728916168213,,0.3404306911820697,0.2539481235478833,False
conventional24,PA-GFP,168,I,editable,none,167,0.9947575360419396,M,0.3495225783201012,aliphatic,0.6607101243523014,0.2269156984448962,0.3988493604650387,0.0,3.676437139511109,,0.1042755781712911,0.3098934177053367,False
conventional24,PA-GFP,184,Q,editable,none,183,0.9973787680209698,K,0.3394823975916853,basic,0.5467179163929808,0.4065857343891257,0.4576184547106032,0.0394706344604492,4.799337863922119,,0.0384441556538701,0.9485515071450614,False
conventional24,PA-GFP,204,H,editable,none,203,0.9973787680209698,H,0.3653301121291207,basic,0.5991238726836094,0.3119132379381878,0.3687803722115541,0.0236328618471012,3.544808864593506,,0.4271111455153933,0.8717938708787026,False
conventional24,PA-GFP,206,S,editable,hbond,205,0.9973787680209698,L,0.3037878245470045,aliphatic,0.676548518285065,0.3427989521649046,0.5632515889141915,0.0896575435515373,3.995230674743652,0.3050657196162195,0.0355024951420293,0.3050657196162195,False
conventional24,PA-GFP,221,L,editable,none,220,0.9934469200524246,L,0.4384755805937528,aliphatic,0.6149920649693413,0.5051624509947125,0.5458651356254733,0.0057822809883611,3.7045297622680655,,0.0474790627476177,0.3414299761158066,False
conventional24,PA-GFP,223,E,fixed,none,222,0.9973787680209698,E,0.9456906328579144,acidic,0.9469719284249962,0.9006756582146256,0.8529176843514052,0.0178209548573857,2.734550952911377,,0.0,0.9704540240933041,True
conventional24,tdKatushka2,39,Q,editable,none,42,0.9973787680209698,Q,0.4781060606883464,polar,0.4963759808617817,0.4115868611197624,0.3555569519637959,0.0260351000733636,3.422226428985596,,0.1391769603817275,0.6119251451399674,False
conventional24,tdKatushka2,40,T,editable,none,43,0.9973787680209698,T,0.4906309834522263,polar,0.6356534222694089,0.4053868428809284,0.4423122409673832,0.2926360729128815,7.4938883781433105,,0.0060959776494622,0.920287107354532,False
conventional24,tdKatushka2,41,M,editable,none,44,0.9973787680209698,L,0.235084652291817,aliphatic,0.793289295350877,0.2801018100881152,0.6301158364089667,0.0060081001537949,4.30495023727417,,0.0045613448373717,0.14510976139897488,False
conventional24,tdKatushka2,59,A,editable,none,61,1.0,S,0.3351386071825256,polar,0.4786929782174166,0.3597254873702923,0.4808123692613391,0.0,2.901694059371948,,0.0,0.4800762180070008,False
conventional24,tdKatushka2,60,T,editable,none,62,1.0,T,0.4497277059936817,polar,0.5431734278145725,0.431211239349668,0.3630472853424568,0.0124588262203127,2.915830612182617,,0.0988520607091794,0.6844198641564895,False
conventional24,tdKatushka2,61,S,editable,none,63,1.0,T,0.2391090598130673,polar,0.5416818127764231,0.2537148988175461,0.4171967832618755,0.0410363147425097,3.359091758728028,,0.0233298591785343,0.5650116719549573,False
conventional24,tdKatushka2,62,F,editable,none,64,1.0,F,0.5035139281915332,aromatic,0.5035139281915332,0.4953116214791273,0.4585722582033482,0.0016772612929344,1.3350549936294556,,0.5096784107011496,0.053659709373622105,False
conventional24,tdKatushka2,63,M,editable,none,65,1.0,Q,0.1954685091015756,polar,0.3934687291418402,0.2176233200086887,0.1687668185237535,0.0118139020858272,0.0,,0.08512946049563411,0.5270465642026374,False
conventional24,tdKatushka2,64,Y,editable,aromatic,66,1.0,Y,0.9105966838848194,aromatic,0.9448225557647424,0.8574358276008713,0.8785051033206344,0.0104249892579285,0.0,0.952706230985442,0.952706230985442,0.9898539831737143,True
conventional24,tdKatushka2,65,G,fixed,none,67,1.0,G,0.9976270043968976,glycine,0.9976270043968976,0.994240831808988,0.9911732456399632,0.0034341637331705,0.0,,0.0,0.0,True
conventional24,tdKatushka2,66,S,editable,none,68,1.0,N,0.2616930593257684,polar,0.4897181121817692,0.3063088690699302,0.3552310426408895,0.0110455984356759,1.327847242355347,,0.208541578663609,0.5668207680778344,False
conventional24,tdKatushka2,67,K,editable,none,69,1.0,R,0.3277312414833944,basic,0.6396309062234704,0.3461894815558213,0.4159401826750644,0.0476293351915147,3.4206199645996094,,0.2039248052350799,0.8903954636788927,False
conventional24,tdKatushka2,90,W,editable,hbond,94,1.0,W,0.4532432771217071,aromatic,0.5616281222919792,0.420554451116197,0.5041956158492447,0.0295708423190646,2.9600610733032227,0.8634125359852144,0.5616281222919791,0.8634125359852144,False
conventional24,tdKatushka2,92,R,fixed,none,96,1.0,R,0.990812270576496,basic,1.0,0.9819988119618076,1.0,0.0356546770917238,2.6702418327331543,,0.0,0.9999999999999999,True
conventional24,tdKatushka2,106,Q,editable,hbond,110,0.9973787680209698,A,0.2877682424719584,polar,0.4062921719319726,0.3177700173643289,0.27574868723973,0.056168748426807,6.076101779937744,0.5749339786651662,0.25686478969179727,0.5749339786651662,False
conventional24,tdKatushka2,108,T,editable,none,112,0.9973787680209698,I,0.3235341401082222,aliphatic,0.5314550261523421,0.4245286658910918,0.4063355822500318,0.0023134638523233,3.6002357006073,,0.2210689336198482,0.4670886696297224,False
conventional24,tdKatushka2,117,Y,editable,none,121,0.9973787680209698,Y,0.3155586620805021,polar,0.3564666910845089,0.4136888829919863,0.2266627467206347,0.0092334246024107,3.695613384246826,,0.46619382146045163,0.8219272916405056,False
conventional24,tdKatushka2,141,E,editable,none,145,0.9960681520314548,E,0.4858134597770824,acidic,0.599563836313089,0.353942400496251,0.3337171308905095,0.1120083087297446,3.7188854217529297,,0.1356496157016224,0.7525417983955821,False
conventional24,tdKatushka2,143,N,editable,none,147,0.9960681520314548,S,0.5882605631978948,polar,0.7979807042566904,0.4769437630366783,0.5520569464114019,0.3996414430679813,5.148030757904053,,0.0175774303893108,0.8242288697121707,False
conventional24,tdKatushka2,160,M,editable,none,167,0.9947575360419396,M,0.3495225783201012,aliphatic,0.6607101243523014,0.2269156984448962,0.3988493604650387,0.0,3.676437139511109,,0.1042755781712911,0.3098934177053367,False
conventional24,tdKatushka2,174,F,editable,none,178,0.9764089121887288,F,0.3339201612884246,aliphatic,0.6390217550634404,0.4209941240114673,0.6075425401779826,0.2570244708464513,11.98137092590332,,0.34945407725767,0.024882623963865598,False
conventional24,tdKatushka2,178,Y,editable,none,182,0.9973787680209698,Y,0.6922883043310567,aromatic,0.7293874204444384,0.5456746731244475,0.5288782795691735,0.3914066213165399,9.721710205078123,,0.7573875775273935,0.8139667731429832,False
conventional24,tdKatushka2,197,H,editable,none,203,0.9973787680209698,H,0.3653301121291207,basic,0.5991238726836094,0.3119132379381878,0.3687803722115541,0.0236328618471012,3.544808864593506,,0.4271111455153933,0.8717938708787026,False
conventional24,tdKatushka2,198,R,editable,none,204,0.9973787680209698,R,0.3631984784771579,basic,0.6651168580975453,0.380515083381771,0.4550233517748386,0.4328141276041666,5.51182746887207,,0.0996210740794096,0.907241843997882,False
conventional24,tdKatushka2,199,L,editable,none,205,0.9973787680209698,L,0.3037878245470045,aliphatic,0.676548518285065,0.3427989521649046,0.5632515889141915,0.0896575435515373,3.995230674743652,,0.0355024951420293,0.3050657196162195,False
conventional24,tdKatushka2,213,Q,editable,none,220,0.9934469200524246,L,0.4384755805937528,aliphatic,0.6149920649693413,0.5051624509947125,0.5458651356254733,0.0057822809883611,3.7045297622680655,,0.0474790627476177,0.3414299761158066,False
conventional24,tdKatushka2,214,H,editable,none,221,0.9934469200524246,Y,0.1921836130700728,aliphatic,0.286323729619072,0.1513585489850903,0.1744387311950268,0.2736924584232159,7.246955871582031,,0.3447284509784647,0.6637482944192266,False
conventional24,tdKatushka2,215,E,fixed,none,222,0.9973787680209698,E,0.9456906328579144,acidic,0.9469719284249962,0.9006756582146256,0.8529176843514052,0.0178209548573857,2.734550952911377,,0.0,0.9704540240933041,True
conventional24,DsRed-Express,14,F,editable,none,14,0.9973787680209698,I,0.3219183749186244,aliphatic,0.5889951318036287,0.3319347815611364,0.4411253685556727,0.0145411188832394,7.077704429626465,,0.3175564613288127,0.22414453305641752,False
conventional24,DsRed-Express,42,Q,editable,hbond,42,0.9973787680209698,Q,0.4781060606883464,polar,0.4963759808617817,0.4115868611197624,0.3555569519637959,0.0260351000733636,3.422226428985596,0.6119251451399674,0.1391769603817275,0.6119251451399674,False
conventional24,DsRed-Express,43,T,editable,none,43,0.9973787680209698,T,0.4906309834522263,polar,0.6356534222694089,0.4053868428809284,0.4423122409673832,0.2926360729128815,7.4938883781433105,,0.0060959776494622,0.920287107354532,False
conventional24,DsRed-Express,44,A,editable,none,44,0.9973787680209698,L,0.235084652291817,aliphatic,0.793289295350877,0.2801018100881152,0.6301158364089667,0.0060081001537949,4.30495023727417,,0.0045613448373717,0.14510976139897488,False
conventional24,DsRed-Express,62,S,editable,none,61,1.0,S,0.3351386071825256,polar,0.4786929782174166,0.3597254873702923,0.4808123692613391,0.0,2.901694059371948,,0.0,0.4800762180070008,False
conventional24,DsRed-Express,63,P,editable,none,62,1.0,T,0.4497277059936817,polar,0.5431734278145725,0.431211239349668,0.3630472853424568,0.0124588262203127,2.915830612182617,,0.0988520607091794,0.6844198641564895,False
conventional24,DsRed-Express,64,Q,editable,none,63,1.0,T,0.2391090598130673,polar,0.5416818127764231,0.2537148988175461,0.4171967832618755,0.0410363147425097,3.359091758728028,,0.0233298591785343,0.5650116719549573,False
conventional24,DsRed-Express,65,F,editable,none,64,1.0,F,0.5035139281915332,aromatic,0.5035139281915332,0.4953116214791273,0.4585722582033482,0.0016772612929344,1.3350549936294556,,0.5096784107011496,0.053659709373622105,False
conventional24,DsRed-Express,66,Q,editable,none,65,1.0,Q,0.1954685091015756,polar,0.3934687291418402,0.2176233200086887,0.1687668185237535,0.0118139020858272,0.0,,0.08512946049563411,0.5270465642026374,False
conventional24,DsRed-Express,67,Y,editable,aromatic,66,1.0,Y,0.9105966838848194,aromatic,0.9448225557647424,0.8574358276008713,0.8785051033206344,0.0104249892579285,0.0,0.952706230985442,0.952706230985442,0.9898539831737143,True
conventional24,DsRed-Express,68,G,fixed,none,67,1.0,G,0.9976270043968976,glycine,0.9976270043968976,0.994240831808988,0.9911732456399632,0.0034341637331705,0.0,,0.0,0.0,True
conventional24,DsRed-Express,69,S,editable,none,68,1.0,N,0.2616930593257684,polar,0.4897181121817692,0.3063088690699302,0.3552310426408895,0.0110455984356759,1.327847242355347,,0.208541578663609,0.5668207680778344,False
conventional24,DsRed-Express,70,K,editable,none,69,1.0,R,0.3277312414833944,basic,0.6396309062234704,0.3461894815558213,0.4159401826750644,0.0476293351915147,3.4206199645996094,,0.2039248052350799,0.8903954636788927,False
conventional24,DsRed-Express,93,W,editable,hbond,94,1.0,W,0.4532432771217071,aromatic,0.5616281222919792,0.420554451116197,0.5041956158492447,0.0295708423190646,2.9600610733032227,0.8634125359852144,0.5616281222919791,0.8634125359852144,False
conventional24,DsRed-Express,95,R,fixed,none,96,1.0,R,0.990812270576496,basic,1.0,0.9819988119618076,1.0,0.0356546770917238,2.6702418327331543,,0.0,0.9999999999999999,True
conventional24,DsRed-Express,109,Q,editable,none,110,0.9973787680209698,A,0.2877682424719584,polar,0.4062921719319726,0.3177700173643289,0.27574868723973,0.056168748426807,6.076101779937744,,0.25686478969179727,0.5749339786651662,False
conventional24,DsRed-Express,120,Y,editable,none,121,0.9973787680209698,Y,0.3155586620805021,polar,0.3564666910845089,0.4136888829919863,0.2266627467206347,0.0092334246024107,3.695613384246826,,0.46619382146045163,0.8219272916405056,False
conventional24,DsRed-Express,144,E,editable,none,145,0.9960681520314548,E,0.4858134597770824,acidic,0.599563836313089,0.353942400496251,0.3337171308905095,0.1120083087297446,3.7188854217529297,,0.1356496157016224,0.7525417983955821,False
conventional24,DsRed-Express,145,A,editable,none,146,0.9960681520314548,P,0.5554036888069339,proline,0.5554036888069339,0.4713102892881545,0.3226969741296622,0.1975723266601562,4.530325889587402,,0.0421802459432416,0.2466099920906416,False
conventional24,DsRed-Express,146,S,editable,hbond,147,0.9960681520314548,S,0.5882605631978948,polar,0.7979807042566904,0.4769437630366783,0.5520569464114019,0.3996414430679813,5.148030757904053,0.8242288697121707,0.0175774303893108,0.8242288697121707,False
conventional24,DsRed-Express,161,I,editable,none,165,0.9947575360419396,V,0.252575444842447,aliphatic,0.4299713193026453,0.2709083185241666,0.2913157316625191,0.0345889329910278,3.5851728916168213,,0.3404306911820697,0.2539481235478833,False
conventional24,DsRed-Express,163,K,editable,hbond,167,0.9947575360419396,M,0.3495225783201012,aliphatic,0.6607101243523014,0.2269156984448962,0.3988493604650387,0.0,3.676437139511109,0.3098934177053367,0.1042755781712911,0.3098934177053367,False
conventional24,DsRed-Express,177,F,editable,none,178,0.9764089121887288,F,0.3339201612884246,aliphatic,0.6390217550634404,0.4209941240114673,0.6075425401779826,0.2570244708464513,11.98137092590332,,0.34945407725767,0.024882623963865598,False
conventional24,DsRed-Express,197,S,editable,none,203,0.9973787680209698,H,0.3653301121291207,basic,0.5991238726836094,0.3119132379381878,0.3687803722115541,0.0236328618471012,3.544808864593506,,0.4271111455153933,0.8717938708787026,False
conventional24,DsRed-Express,198,K,editable,none,204,0.9973787680209698,R,0.3631984784771579,basic,0.6651168580975453,0.380515083381771,0.4550233517748386,0.4328141276041666,5.51182746887207,,0.0996210740794096,0.907241843997882,False
conventional24,DsRed-Express,199,L,editable,none,205,0.9973787680209698,L,0.3037878245470045,aliphatic,0.676548518285065,0.3427989521649046,0.5632515889141915,0.0896575435515373,3.995230674743652,,0.0355024951420293,0.3050657196162195,False
conventional24,DsRed-Express,213,Q,editable,hbond,220,0.9934469200524246,L,0.4384755805937528,aliphatic,0.6149920649693413,0.5051624509947125,0.5458651356254733,0.0057822809883611,3.7045297622680655,0.3414299761158066,0.0474790627476177,0.3414299761158066,False
conventional24,DsRed-Express,214,Y,editable,none,221,0.9934469200524246,Y,0.1921836130700728,aliphatic,0.286323729619072,0.1513585489850903,0.1744387311950268,0.2736924584232159,7.246955871582031,,0.3447284509784647,0.6637482944192266,False
conventional24,DsRed-Express,215,E,fixed,none,222,0.9973787680209698,E,0.9456906328579144,acidic,0.9469719284249962,0.9006756582146256,0.8529176843514052,0.0178209548573857,2.734550952911377,,0.0,0.9704540240933041,True
conventional24,mEosFP,38,Q,editable,hbond,42,0.9973787680209698,Q,0.4781060606883464,polar,0.4963759808617817,0.4115868611197624,0.3555569519637959,0.0260351000733636,3.422226428985596,0.6119251451399674,0.1391769603817275,0.6119251451399674,False
conventional24,mEosFP,39,S,editable,none,43,0.9973787680209698,T,0.4906309834522263,polar,0.6356534222694089,0.4053868428809284,0.4423122409673832,0.2926360729128815,7.4938883781433105,,0.0060959776494622,0.920287107354532,False
conventional24,mEosFP,40,M,editable,none,44,0.9973787680209698,L,0.235084652291817,aliphatic,0.793289295350877,0.2801018100881152,0.6301158364089667,0.0060081001537949,4.30495023727417,,0.0045613448373717,0.14510976139897488,False
conventional24,mEosFP,58,T,editable,none,61,1.0,S,0.3351386071825256,polar,0.4786929782174166,0.3597254873702923,0.4808123692613391,0.0,2.901694059371948,,0.0,0.4800762180070008,False
conventional24,mEosFP,59,T,editable,none,62,1.0,T,0.4497277059936817,polar,0.5431734278145725,0.431211239349668,0.3630472853424568,0.0124588262203127,2.915830612182617,,0.0988520607091794,0.6844198641564895,False
conventional24,mEosFP,60,A,editable,none,63,1.0,T,0.2391090598130673,polar,0.5416818127764231,0.2537148988175461,0.4171967832618755,0.0410363147425097,3.359091758728028,,0.0233298591785343,0.5650116719549573,False
conventional24,mEosFP,61,F,editable,none,64,1.0,F,0.5035139281915332,aromatic,0.5035139281915332,0.4953116214791273,0.4585722582033482,0.0016772612929344,1.3350549936294556,,0.5096784107011496,0.053659709373622105,False
conventional24,mEosFP,62,H,editable,none,65,1.0,Q,0.1954685091015756,polar,0.3934687291418402,0.2176233200086887,0.1687668185237535,0.0118139020858272,0.0,,0.08512946049563411,0.5270465642026374,False
conventional24,mEosFP,63,Y,editable,aromatic,66,1.0,Y,0.9105966838848194,aromatic,0.9448225557647424,0.8574358276008713,0.8785051033206344,0.0104249892579285,0.0,0.952706230985442,0.952706230985442,0.9898539831737143,True
conventional24,mEosFP,64,G,fixed,none,67,1.0,G,0.9976270043968976,glycine,0.9976270043968976,0.994240831808988,0.9911732456399632,0.0034341637331705,0.0,,0.0,0.0,True
conventional24,mEosFP,65,N,editable,none,68,1.0,N,0.2616930593257684,polar,0.4897181121817692,0.3063088690699302,0.3552310426408895,0.0110455984356759,1.327847242355347,,0.208541578663609,0.5668207680778344,False
conventional24,mEosFP,66,R,editable,hbond,69,1.0,R,0.3277312414833944,basic,0.6396309062234704,0.3461894815558213,0.4159401826750644,0.0476293351915147,3.4206199645996094,0.8903954636788927,0.2039248052350799,0.8903954636788927,False
conventional24,mEosFP,87,Y,editable,none,92,1.0,Y,0.5548584422767627,aromatic,0.8425922479907035,0.5883935441414059,0.7097952803742985,0.0,4.378256320953369,,0.8452766868329271,0.6018414134283337,False
conventional24,mEosFP,89,W,editable,hbond,94,1.0,W,0.4532432771217071,aromatic,0.5616281222919792,0.420554451116197,0.5041956158492447,0.0295708423190646,2.9600610733032227,0.8634125359852144,0.5616281222919791,0.8634125359852144,False
conventional24,mEosFP,91,R,fixed,none,96,1.0,R,0.990812270576496,basic,1.0,0.9819988119618076,1.0,0.0356546770917238,2.6702418327331543,,0.0,0.9999999999999999,True
conventional24,mEosFP,105,N,editable,hbond,110,0.9973787680209698,A,0.2877682424719584,polar,0.4062921719319726,0.3177700173643289,0.27574868723973,0.056168748426807,6.076101779937744,0.5749339786651662,0.25686478969179727,0.5749339786651662,False
conventional24,mEosFP,107,I,editable,none,112,0.9973787680209698,I,0.3235341401082222,aliphatic,0.5314550261523421,0.4245286658910918,0.4063355822500318,0.0023134638523233,3.6002357006073,,0.2210689336198482,0.4670886696297224,False
conventional24,mEosFP,116,N,editable,none,121,0.9973787680209698,Y,0.3155586620805021,polar,0.3564666910845089,0.4136888829919863,0.2266627467206347,0.0092334246024107,3.695613384246826,,0.46619382146045163,0.8219272916405056,False
conventional24,mEosFP,140,E,editable,none,145,0.9960681520314548,E,0.4858134597770824,acidic,0.599563836313089,0.353942400496251,0.3337171308905095,0.1120083087297446,3.7188854217529297,,0.1356496157016224,0.7525417983955821,False
conventional24,mEosFP,142,S,editable,hbond,147,0.9960681520314548,S,0.5882605631978948,polar,0.7979807042566904,0.4769437630366783,0.5520569464114019,0.3996414430679813,5.148030757904053,0.8242288697121707,0.0175774303893108,0.8242288697121707,False
conventional24,mEosFP,157,I,editable,none,165,0.9947575360419396,V,0.252575444842447,aliphatic,0.4299713193026453,0.2709083185241666,0.2913157316625191,0.0345889329910278,3.5851728916168213,,0.3404306911820697,0.2539481235478833,False
conventional24,mEosFP,159,M,editable,none,167,0.9947575360419396,M,0.3495225783201012,aliphatic,0.6607101243523014,0.2269156984448962,0.3988493604650387,0.0,3.676437139511109,,0.1042755781712911,0.3098934177053367,False
conventional24,mEosFP,194,H,editable,none,203,0.9973787680209698,H,0.3653301121291207,basic,0.5991238726836094,0.3119132379381878,0.3687803722115541,0.0236328618471012,3.544808864593506,,0.4271111455153933,0.8717938708787026,False
conventional24,mEosFP,195,C,editable,none,204,0.9973787680209698,R,0.3631984784771579,basic,0.6651168580975453,0.380515083381771,0.4550233517748386,0.4328141276041666,5.51182746887207,,0.0996210740794096,0.907241843997882,False
conventional24,mEosFP,196,I,editable,none,205,0.9973787680209698,L,0.3037878245470045,aliphatic,0.676548518285065,0.3427989521649046,0.5632515889141915,0.0896575435515373,3.995230674743652,,0.0355024951420293,0.3050657196162195,False
conventional24,mEosFP,210,L,editable,none,220,0.9934469200524246,L,0.4384755805937528,aliphatic,0.6149920649693413,0.5051624509947125,0.5458651356254733,0.0057822809883611,3.7045297622680655,,0.0474790627476177,0.3414299761158066,False
conventional24,mEosFP,211,Y,editable,none,221,0.9934469200524246,Y,0.1921836130700728,aliphatic,0.286323729619072,0.1513585489850903,0.1744387311950268,0.2736924584232159,7.246955871582031,,0.3447284509784647,0.6637482944192266,False
conventional24,mEosFP,212,E,fixed,none,222,0.9973787680209698,E,0.9456906328579144,acidic,0.9469719284249962,0.9006756582146256,0.8529176843514052,0.0178209548573857,2.734550952911377,,0.0,0.9704540240933041,True
conventional24,rsFusionRed3,61,T,editable,none,62,1.0,T,0.4497277059936817,polar,0.5431734278145725,0.431211239349668,0.3630472853424568,0.0124588262203127,2.915830612182617,,0.0988520607091794,0.6844198641564895,False
conventional24,rsFusionRed3,64,M,editable,none,65,1.0,Q,0.1954685091015756,polar,0.3934687291418402,0.2176233200086887,0.1687668185237535,0.0118139020858272,0.0,,0.08512946049563411,0.5270465642026374,False
conventional24,rsFusionRed3,65,Y,editable,aromatic,66,1.0,Y,0.9105966838848194,aromatic,0.9448225557647424,0.8574358276008713,0.8785051033206344,0.0104249892579285,0.0,0.952706230985442,0.952706230985442,0.9898539831737143,True
conventional24,rsFusionRed3,66,G,fixed,none,67,1.0,G,0.9976270043968976,glycine,0.9976270043968976,0.994240831808988,0.9911732456399632,0.0034341637331705,0.0,,0.0,0.0,True
conventional24,rsFusionRed3,67,S,editable,none,68,1.0,N,0.2616930593257684,polar,0.4897181121817692,0.3063088690699302,0.3552310426408895,0.0110455984356759,1.327847242355347,,0.208541578663609,0.5668207680778344,False
conventional24,rsFusionRed3,68,K,editable,none,69,1.0,R,0.3277312414833944,basic,0.6396309062234704,0.3461894815558213,0.4159401826750644,0.0476293351915147,3.4206199645996094,,0.2039248052350799,0.8903954636788927,False
conventional24,rsFusionRed3,91,W,editable,none,94,1.0,W,0.4532432771217071,aromatic,0.5616281222919792,0.420554451116197,0.5041956158492447,0.0295708423190646,2.9600610733032227,,0.5616281222919791,0.8634125359852144,False
conventional24,rsFusionRed3,93,R,fixed,none,96,1.0,R,0.990812270576496,basic,1.0,0.9819988119618076,1.0,0.0356546770917238,2.6702418327331543,,0.0,0.9999999999999999,True
conventional24,rsFusionRed3,144,H,editable,hbond,147,0.9960681520314548,S,0.5882605631978948,polar,0.7979807042566904,0.4769437630366783,0.5520569464114019,0.3996414430679813,5.148030757904053,0.8242288697121707,0.0175774303893108,0.8242288697121707,False
conventional24,rsFusionRed3,145,T,editable,none,148,0.9960681520314548,T,0.3522699337305357,polar,0.4521290514781806,0.2874284113850636,0.1786738342424533,0.0335692805903298,3.3015193939208984,,0.2069426349722487,0.7477324972748837,False
conventional24,rsFusionRed3,146,E,editable,none,149,0.9947575360419396,E,0.5734956910159513,acidic,0.6262322888758131,0.4508717352005632,0.438498206390731,0.3132541363055889,5.990737915039063,,0.006114593706624,0.8528236479792892,False
conventional24,rsFusionRed3,159,C,editable,none,165,0.9947575360419396,V,0.252575444842447,aliphatic,0.4299713193026453,0.2709083185241666,0.2913157316625191,0.0345889329910278,3.5851728916168213,,0.3404306911820697,0.2539481235478833,False
conventional24,rsFusionRed3,161,M,editable,none,167,0.9947575360419396,M,0.3495225783201012,aliphatic,0.6607101243523014,0.2269156984448962,0.3988493604650387,0.0,3.676437139511109,,0.1042755781712911,0.3098934177053367,False
conventional24,rsFusionRed3,175,L,editable,none,178,0.9764089121887288,F,0.3339201612884246,aliphatic,0.6390217550634404,0.4209941240114673,0.6075425401779826,0.2570244708464513,11.98137092590332,,0.34945407725767,0.024882623963865598,False
conventional24,rsFusionRed3,179,Y,editable,none,182,0.9973787680209698,Y,0.6922883043310567,aromatic,0.7293874204444384,0.5456746731244475,0.5288782795691735,0.3914066213165399,9.721710205078123,,0.7573875775273935,0.8139667731429832,False
conventional24,rsFusionRed3,198,H,editable,none,203,0.9973787680209698,H,0.3653301121291207,basic,0.5991238726836094,0.3119132379381878,0.3687803722115541,0.0236328618471012,3.544808864593506,,0.4271111455153933,0.8717938708787026,False
conventional24,rsFusionRed3,216,E,fixed,none,222,0.9973787680209698,E,0.9456906328579144,acidic,0.9469719284249962,0.9006756582146256,0.8529176843514052,0.0178209548573857,2.734550952911377,,0.0,0.9704540240933041,True
conventional24,GFPxm191uv,42,L,editable,none,42,0.9973787680209698,Q,0.4781060606883464,polar,0.4963759808617817,0.4115868611197624,0.3555569519637959,0.0260351000733636,3.422226428985596,,0.1391769603817275,0.6119251451399674,False
conventional24,GFPxm191uv,44,I,editable,none,44,0.9973787680209698,L,0.235084652291817,aliphatic,0.793289295350877,0.2801018100881152,0.6301158364089667,0.0060081001537949,4.30495023727417,,0.0045613448373717,0.14510976139897488,False
conventional24,GFPxm191uv,60,L,editable,none,60,1.0,L,0.8397483249800257,aliphatic,1.0,0.8037886965082748,1.0,0.0,4.841289520263672,,0.0,0.0,True
conventional24,GFPxm191uv,61,V,editable,none,61,1.0,S,0.3351386071825256,polar,0.4786929782174166,0.3597254873702923,0.4808123692613391,0.0,2.901694059371948,,0.0,0.4800762180070008,False
conventional24,GFPxm191uv,62,T,editable,none,62,1.0,T,0.4497277059936817,polar,0.5431734278145725,0.431211239349668,0.3630472853424568,0.0124588262203127,2.915830612182617,,0.0988520607091794,0.6844198641564895,False
conventional24,GFPxm191uv,63,T,editable,none,63,1.0,T,0.2391090598130673,polar,0.5416818127764231,0.2537148988175461,0.4171967832618755,0.0410363147425097,3.359091758728028,,0.0233298591785343,0.5650116719549573,False
conventional24,GFPxm191uv,64,L,editable,none,64,1.0,F,0.5035139281915332,aromatic,0.5035139281915332,0.4953116214791273,0.4585722582033482,0.0016772612929344,1.3350549936294556,,0.5096784107011496,0.053659709373622105,False
conventional24,GFPxm191uv,65,S,editable,none,65,1.0,Q,0.1954685091015756,polar,0.3934687291418402,0.2176233200086887,0.1687668185237535,0.0118139020858272,0.0,,0.08512946049563411,0.5270465642026374,False
conventional24,GFPxm191uv,66,Y,editable,aromatic,66,1.0,Y,0.9105966838848194,aromatic,0.9448225557647424,0.8574358276008713,0.8785051033206344,0.0104249892579285,0.0,0.952706230985442,0.952706230985442,0.9898539831737143,True
conventional24,GFPxm191uv,67,G,fixed,none,67,1.0,G,0.9976270043968976,glycine,0.9976270043968976,0.994240831808988,0.9911732456399632,0.0034341637331705,0.0,,0.0,0.0,True
conventional24,GFPxm191uv,68,I,editable,none,68,1.0,N,0.2616930593257684,polar,0.4897181121817692,0.3063088690699302,0.3552310426408895,0.0110455984356759,1.327847242355347,,0.208541578663609,0.5668207680778344,False
conventional24,GFPxm191uv,69,L,editable,none,69,1.0,R,0.3277312414833944,basic,0.6396309062234704,0.3461894815558213,0.4159401826750644,0.0476293351915147,3.4206199645996094,,0.2039248052350799,0.8903954636788927,False
conventional24,GFPxm191uv,92,Y,editable,none,92,1.0,Y,0.5548584422767627,aromatic,0.8425922479907035,0.5883935441414059,0.7097952803742985,0.0,4.378256320953369,,0.8452766868329271,0.6018414134283337,False
conventional24,GFPxm191uv,94,Q,editable,hbond,94,1.0,W,0.4532432771217071,aromatic,0.5616281222919792,0.420554451116197,0.5041956158492447,0.0295708423190646,2.9600610733032227,0.8634125359852144,0.5616281222919791,0.8634125359852144,False
conventional24,GFPxm191uv,96,R,fixed,none,96,1.0,R,0.990812270576496,basic,1.0,0.9819988119618076,1.0,0.0356546770917238,2.6702418327331543,,0.0,0.9999999999999999,True
conventional24,GFPxm191uv,112,V,editable,none,112,0.9973787680209698,I,0.3235341401082222,aliphatic,0.5314550261523421,0.4245286658910918,0.4063355822500318,0.0023134638523233,3.6002357006073,,0.2210689336198482,0.4670886696297224,False
conventional24,GFPxm191uv,121,N,editable,none,121,0.9973787680209698,Y,0.3155586620805021,polar,0.3564666910845089,0.4136888829919863,0.2266627467206347,0.0092334246024107,3.695613384246826,,0.46619382146045163,0.8219272916405056,False
conventional24,GFPxm191uv,145,F,editable,none,145,0.9960681520314548,E,0.4858134597770824,acidic,0.599563836313089,0.353942400496251,0.3337171308905095,0.1120083087297446,3.7188854217529297,,0.1356496157016224,0.7525417983955821,False
conventional24,GFPxm191uv,146,N,editable,none,146,0.9960681520314548,P,0.5554036888069339,proline,0.5554036888069339,0.4713102892881545,0.3226969741296622,0.1975723266601562,4.530325889587402,,0.0421802459432416,0.2466099920906416,False
conventional24,GFPxm191uv,147,S,editable,none,147,0.9960681520314548,S,0.5882605631978948,polar,0.7979807042566904,0.4769437630366783,0.5520569464114019,0.3996414430679813,5.148030757904053,,0.0175774303893108,0.8242288697121707,False
conventional24,GFPxm191uv,148,H,editable,none,148,0.9960681520314548,T,0.3522699337305357,polar,0.4521290514781806,0.2874284113850636,0.1786738342424533,0.0335692805903298,3.3015193939208984,,0.2069426349722487,0.7477324972748837,False
conventional24,GFPxm191uv,150,V,editable,none,150,0.9921363040629096,K,0.292068974199459,basic,0.4633008421954812,0.250002840187168,0.4095367166882239,0.0023134638523233,3.576688766479492,,0.06864773656965491,0.6293581480020329,False
conventional24,GFPxm191uv,165,F,editable,none,165,0.9947575360419396,V,0.252575444842447,aliphatic,0.4299713193026453,0.2709083185241666,0.2913157316625191,0.0345889329910278,3.5851728916168213,,0.3404306911820697,0.2539481235478833,False
conventional24,GFPxm191uv,167,I,editable,none,167,0.9947575360419396,M,0.3495225783201012,aliphatic,0.6607101243523014,0.2269156984448962,0.3988493604650387,0.0,3.676437139511109,,0.1042755781712911,0.3098934177053367,False
conventional24,GFPxm191uv,203,C,editable,none,203,0.9973787680209698,H,0.3653301121291207,basic,0.5991238726836094,0.3119132379381878,0.3687803722115541,0.0236328618471012,3.544808864593506,,0.4271111455153933,0.8717938708787026,False
conventional24,GFPxm191uv,205,T,editable,none,205,0.9973787680209698,L,0.3037878245470045,aliphatic,0.676548518285065,0.3427989521649046,0.5632515889141915,0.0896575435515373,3.995230674743652,,0.0355024951420293,0.3050657196162195,False
conventional24,GFPxm191uv,220,F,editable,none,220,0.9934469200524246,L,0.4384755805937528,aliphatic,0.6149920649693413,0.5051624509947125,0.5458651356254733,0.0057822809883611,3.7045297622680655,,0.0474790627476177,0.3414299761158066,False
conventional24,GFPxm191uv,222,E,fixed,none,222,0.9973787680209698,E,0.9456906328579144,acidic,0.9469719284249962,0.9006756582146256,0.8529176843514052,0.0178209548573857,2.734550952911377,,0.0,0.9704540240933041,True
conventional24,mEosEM,39,Q,editable,hbond,42,0.9973787680209698,Q,0.4781060606883464,polar,0.4963759808617817,0.4115868611197624,0.3555569519637959,0.0260351000733636,3.422226428985596,0.6119251451399674,0.1391769603817275,0.6119251451399674,False
conventional24,mEosEM,40,T,editable,none,43,0.9973787680209698,T,0.4906309834522263,polar,0.6356534222694089,0.4053868428809284,0.4423122409673832,0.2926360729128815,7.4938883781433105,,0.0060959776494622,0.920287107354532,False
conventional24,mEosEM,41,M,editable,none,44,0.9973787680209698,L,0.235084652291817,aliphatic,0.793289295350877,0.2801018100881152,0.6301158364089667,0.0060081001537949,4.30495023727417,,0.0045613448373717,0.14510976139897488,False
conventional24,mEosEM,59,T,editable,none,61,1.0,S,0.3351386071825256,polar,0.4786929782174166,0.3597254873702923,0.4808123692613391,0.0,2.901694059371948,,0.0,0.4800762180070008,False
conventional24,mEosEM,60,T,editable,none,62,1.0,T,0.4497277059936817,polar,0.5431734278145725,0.431211239349668,0.3630472853424568,0.0124588262203127,2.915830612182617,,0.0988520607091794,0.6844198641564895,False
conventional24,mEosEM,61,A,editable,none,63,1.0,T,0.2391090598130673,polar,0.5416818127764231,0.2537148988175461,0.4171967832618755,0.0410363147425097,3.359091758728028,,0.0233298591785343,0.5650116719549573,False
conventional24,mEosEM,62,F,editable,none,64,1.0,F,0.5035139281915332,aromatic,0.5035139281915332,0.4953116214791273,0.4585722582033482,0.0016772612929344,1.3350549936294556,,0.5096784107011496,0.053659709373622105,False
conventional24,mEosEM,63,H,editable,none,65,1.0,Q,0.1954685091015756,polar,0.3934687291418402,0.2176233200086887,0.1687668185237535,0.0118139020858272,0.0,,0.08512946049563411,0.5270465642026374,False
conventional24,mEosEM,64,Y,editable,aromatic,66,1.0,Y,0.9105966838848194,aromatic,0.9448225557647424,0.8574358276008713,0.8785051033206344,0.0104249892579285,0.0,0.952706230985442,0.952706230985442,0.9898539831737143,True
conventional24,mEosEM,65,G,fixed,none,67,1.0,G,0.9976270043968976,glycine,0.9976270043968976,0.994240831808988,0.9911732456399632,0.0034341637331705,0.0,,0.0,0.0,True
conventional24,mEosEM,66,N,editable,none,68,1.0,N,0.2616930593257684,polar,0.4897181121817692,0.3063088690699302,0.3552310426408895,0.0110455984356759,1.327847242355347,,0.208541578663609,0.5668207680778344,False
conventional24,mEosEM,67,R,editable,hbond,69,1.0,R,0.3277312414833944,basic,0.6396309062234704,0.3461894815558213,0.4159401826750644,0.0476293351915147,3.4206199645996094,0.8903954636788927,0.2039248052350799,0.8903954636788927,False
conventional24,mEosEM,88,Y,editable,none,92,1.0,Y,0.5548584422767627,aromatic,0.8425922479907035,0.5883935441414059,0.7097952803742985,0.0,4.378256320953369,,0.8452766868329271,0.6018414134283337,False
conventional24,mEosEM,90,W,editable,hbond,94,1.0,W,0.4532432771217071,aromatic,0.5616281222919792,0.420554451116197,0.5041956158492447,0.0295708423190646,2.9600610733032227,0.8634125359852144,0.5616281222919791,0.8634125359852144,False
conventional24,mEosEM,92,R,fixed,none,96,1.0,R,0.990812270576496,basic,1.0,0.9819988119618076,1.0,0.0356546770917238,2.6702418327331543,,0.0,0.9999999999999999,True
conventional24,mEosEM,106,N,editable,hbond,110,0.9973787680209698,A,0.2877682424719584,polar,0.4062921719319726,0.3177700173643289,0.27574868723973,0.056168748426807,6.076101779937744,0.5749339786651662,0.25686478969179727,0.5749339786651662,False
conventional24,mEosEM,108,I,editable,none,112,0.9973787680209698,I,0.3235341401082222,aliphatic,0.5314550261523421,0.4245286658910918,0.4063355822500318,0.0023134638523233,3.6002357006073,,0.2210689336198482,0.4670886696297224,False
conventional24,mEosEM,117,N,editable,none,121,0.9973787680209698,Y,0.3155586620805021,polar,0.3564666910845089,0.4136888829919863,0.2266627467206347,0.0092334246024107,3.695613384246826,,0.46619382146045163,0.8219272916405056,False
conventional24,mEosEM,141,E,editable,none,145,0.9960681520314548,E,0.4858134597770824,acidic,0.599563836313089,0.353942400496251,0.3337171308905095,0.1120083087297446,3.7188854217529297,,0.1356496157016224,0.7525417983955821,False
conventional24,mEosEM,143,S,editable,hbond,147,0.9960681520314548,S,0.5882605631978948,polar,0.7979807042566904,0.4769437630366783,0.5520569464114019,0.3996414430679813,5.148030757904053,0.8242288697121707,0.0175774303893108,0.8242288697121707,False
conventional24,mEosEM,158,I,editable,none,165,0.9947575360419396,V,0.252575444842447,aliphatic,0.4299713193026453,0.2709083185241666,0.2913157316625191,0.0345889329910278,3.5851728916168213,,0.3404306911820697,0.2539481235478833,False
conventional24,mEosEM,160,M,editable,none,167,0.9947575360419396,M,0.3495225783201012,aliphatic,0.6607101243523014,0.2269156984448962,0.3988493604650387,0.0,3.676437139511109,,0.1042755781712911,0.3098934177053367,False
conventional24,mEosEM,174,F,editable,none,178,0.9764089121887288,F,0.3339201612884246,aliphatic,0.6390217550634404,0.4209941240114673,0.6075425401779826,0.2570244708464513,11.98137092590332,,0.34945407725767,0.024882623963865598,False
conventional24,mEosEM,195,H,editable,none,203,0.9973787680209698,H,0.3653301121291207,basic,0.5991238726836094,0.3119132379381878,0.3687803722115541,0.0236328618471012,3.544808864593506,,0.4271111455153933,0.8717938708787026,False
conventional24,mEosEM,196,A,editable,none,204,0.9973787680209698,R,0.3631984784771579,basic,0.6651168580975453,0.380515083381771,0.4550233517748386,0.4328141276041666,5.51182746887207,,0.0996210740794096,0.907241843997882,False
conventional24,mEosEM,197,I,editable,none,205,0.9973787680209698,L,0.3037878245470045,aliphatic,0.676548518285065,0.3427989521649046,0.5632515889141915,0.0896575435515373,3.995230674743652,,0.0355024951420293,0.3050657196162195,False
conventional24,mEosEM,211,L,editable,none,220,0.9934469200524246,L,0.4384755805937528,aliphatic,0.6149920649693413,0.5051624509947125,0.5458651356254733,0.0057822809883611,3.7045297622680655,,0.0474790627476177,0.3414299761158066,False
conventional24,mEosEM,212,Y,editable,none,221,0.9934469200524246,Y,0.1921836130700728,aliphatic,0.286323729619072,0.1513585489850903,0.1744387311950268,0.2736924584232159,7.246955871582031,,0.3447284509784647,0.6637482944192266,False
conventional24,mEosEM,213,E,fixed,none,222,0.9973787680209698,E,0.9456906328579144,acidic,0.9469719284249962,0.9006756582146256,0.8529176843514052,0.0178209548573857,2.734550952911377,,0.0,0.9704540240933041,True
conventional24,10B,42,L,editable,none,42,0.9973787680209698,Q,0.4781060606883464,polar,0.4963759808617817,0.4115868611197624,0.3555569519637959,0.0260351000733636,3.422226428985596,,0.1391769603817275,0.6119251451399674,False
conventional24,10B,61,V,editable,none,61,1.0,S,0.3351386071825256,polar,0.4786929782174166,0.3597254873702923,0.4808123692613391,0.0,2.901694059371948,,0.0,0.4800762180070008,False
conventional24,10B,62,T,editable,none,62,1.0,T,0.4497277059936817,polar,0.5431734278145725,0.431211239349668,0.3630472853424568,0.0124588262203127,2.915830612182617,,0.0988520607091794,0.6844198641564895,False
conventional24,10B,63,T,editable,none,63,1.0,T,0.2391090598130673,polar,0.5416818127764231,0.2537148988175461,0.4171967832618755,0.0410363147425097,3.359091758728028,,0.0233298591785343,0.5650116719549573,False
conventional24,10B,64,L,editable,none,64,1.0,F,0.5035139281915332,aromatic,0.5035139281915332,0.4953116214791273,0.4585722582033482,0.0016772612929344,1.3350549936294556,,0.5096784107011496,0.053659709373622105,False
conventional24,10B,65,G,editable,none,65,1.0,Q,0.1954685091015756,polar,0.3934687291418402,0.2176233200086887,0.1687668185237535,0.0118139020858272,0.0,,0.08512946049563411,0.5270465642026374,False
conventional24,10B,66,Y,editable,aromatic,66,1.0,Y,0.9105966838848194,aromatic,0.9448225557647424,0.8574358276008713,0.8785051033206344,0.0104249892579285,0.0,0.952706230985442,0.952706230985442,0.9898539831737143,True
conventional24,10B,67,G,fixed,none,67,1.0,G,0.9976270043968976,glycine,0.9976270043968976,0.994240831808988,0.9911732456399632,0.0034341637331705,0.0,,0.0,0.0,True
conventional24,10B,68,V,editable,none,68,1.0,N,0.2616930593257684,polar,0.4897181121817692,0.3063088690699302,0.3552310426408895,0.0110455984356759,1.327847242355347,,0.208541578663609,0.5668207680778344,False
conventional24,10B,69,Q,editable,none,69,1.0,R,0.3277312414833944,basic,0.6396309062234704,0.3461894815558213,0.4159401826750644,0.0476293351915147,3.4206199645996094,,0.2039248052350799,0.8903954636788927,False
conventional24,10B,94,Q,editable,none,94,1.0,W,0.4532432771217071,aromatic,0.5616281222919792,0.420554451116197,0.5041956158492447,0.0295708423190646,2.9600610733032227,,0.5616281222919791,0.8634125359852144,False
conventional24,10B,96,R,fixed,none,96,1.0,R,0.990812270576496,basic,1.0,0.9819988119618076,1.0,0.0356546770917238,2.6702418327331543,,0.0,0.9999999999999999,True
conventional24,10B,145,Y,editable,none,145,0.9960681520314548,E,0.4858134597770824,acidic,0.599563836313089,0.353942400496251,0.3337171308905095,0.1120083087297446,3.7188854217529297,,0.1356496157016224,0.7525417983955821,False
conventional24,10B,146,N,editable,none,146,0.9960681520314548,P,0.5554036888069339,proline,0.5554036888069339,0.4713102892881545,0.3226969741296622,0.1975723266601562,4.530325889587402,,0.0421802459432416,0.2466099920906416,False
conventional24,10B,147,S,editable,none,147,0.9960681520314548,S,0.5882605631978948,polar,0.7979807042566904,0.4769437630366783,0.5520569464114019,0.3996414430679813,5.148030757904053,,0.0175774303893108,0.8242288697121707,False
conventional24,10B,148,H,editable,hbond,148,0.9960681520314548,T,0.3522699337305357,polar,0.4521290514781806,0.2874284113850636,0.1786738342424533,0.0335692805903298,3.3015193939208984,0.7477324972748837,0.2069426349722487,0.7477324972748837,False
conventional24,10B,150,V,editable,none,150,0.9921363040629096,K,0.292068974199459,basic,0.4633008421954812,0.250002840187168,0.4095367166882239,0.0023134638523233,3.576688766479492,,0.06864773656965491,0.6293581480020329,False
conventional24,10B,165,F,editable,none,165,0.9947575360419396,V,0.252575444842447,aliphatic,0.4299713193026453,0.2709083185241666,0.2913157316625191,0.0345889329910278,3.5851728916168213,,0.3404306911820697,0.2539481235478833,False
conventional24,10B,167,I,editable,none,167,0.9947575360419396,M,0.3495225783201012,aliphatic,0.6607101243523014,0.2269156984448962,0.3988493604650387,0.0,3.676437139511109,,0.1042755781712911,0.3098934177053367,False
conventional24,10B,203,Y,editable,none,203,0.9973787680209698,H,0.3653301121291207,basic,0.5991238726836094,0.3119132379381878,0.3687803722115541,0.0236328618471012,3.544808864593506,,0.4271111455153933,0.8717938708787026,False
conventional24,10B,205,S,editable,none,205,0.9973787680209698,L,0.3037878245470045,aliphatic,0.676548518285065,0.3427989521649046,0.5632515889141915,0.0896575435515373,3.995230674743652,,0.0355024951420293,0.3050657196162195,False
conventional24,10B,220,L,editable,none,220,0.9934469200524246,L,0.4384755805937528,aliphatic,0.6149920649693413,0.5051624509947125,0.5458651356254733,0.0057822809883611,3.7045297622680655,,0.0474790627476177,0.3414299761158066,False
conventional24,10B,222,E,fixed,none,222,0.9973787680209698,E,0.9456906328579144,acidic,0.9469719284249962,0.9006756582146256,0.8529176843514052,0.0178209548573857,2.734550952911377,,0.0,0.9704540240933041,True
conventional24,mStrawberry,47,Q,editable,none,42,0.9973787680209698,Q,0.4781060606883464,polar,0.4963759808617817,0.4115868611197624,0.3555569519637959,0.0260351000733636,3.422226428985596,,0.1391769603817275,0.6119251451399674,False
conventional24,mStrawberry,67,T,editable,none,61,1.0,S,0.3351386071825256,polar,0.4786929782174166,0.3597254873702923,0.4808123692613391,0.0,2.901694059371948,,0.0,0.4800762180070008,False
conventional24,mStrawberry,68,P,editable,none,62,1.0,T,0.4497277059936817,polar,0.5431734278145725,0.431211239349668,0.3630472853424568,0.0124588262203127,2.915830612182617,,0.0988520607091794,0.6844198641564895,False
conventional24,mStrawberry,69,N,editable,none,63,1.0,T,0.2391090598130673,polar,0.5416818127764231,0.2537148988175461,0.4171967832618755,0.0410363147425097,3.359091758728028,,0.0233298591785343,0.5650116719549573,False
conventional24,mStrawberry,70,F,editable,none,64,1.0,F,0.5035139281915332,aromatic,0.5035139281915332,0.4953116214791273,0.4585722582033482,0.0016772612929344,1.3350549936294556,,0.5096784107011496,0.053659709373622105,False
conventional24,mStrawberry,71,T,editable,none,65,1.0,Q,0.1954685091015756,polar,0.3934687291418402,0.2176233200086887,0.1687668185237535,0.0118139020858272,0.0,,0.08512946049563411,0.5270465642026374,False
conventional24,mStrawberry,72,Y,editable,aromatic,66,1.0,Y,0.9105966838848194,aromatic,0.9448225557647424,0.8574358276008713,0.8785051033206344,0.0104249892579285,0.0,0.952706230985442,0.952706230985442,0.9898539831737143,True
conventional24,mStrawberry,73,G,fixed,none,67,1.0,G,0.9976270043968976,glycine,0.9976270043968976,0.994240831808988,0.9911732456399632,0.0034341637331705,0.0,,0.0,0.0,True
conventional24,mStrawberry,74,S,editable,none,68,1.0,N,0.2616930593257684,polar,0.4897181121817692,0.3063088690699302,0.3552310426408895,0.0110455984356759,1.327847242355347,,0.208541578663609,0.5668207680778344,False
conventional24,mStrawberry,75,K,editable,none,69,1.0,R,0.3277312414833944,basic,0.6396309062234704,0.3461894815558213,0.4159401826750644,0.0476293351915147,3.4206199645996094,,0.2039248052350799,0.8903954636788927,False
conventional24,mStrawberry,98,W,editable,none,94,1.0,W,0.4532432771217071,aromatic,0.5616281222919792,0.420554451116197,0.5041956158492447,0.0295708423190646,2.9600610733032227,,0.5616281222919791,0.8634125359852144,False
conventional24,mStrawberry,100,R,fixed,none,96,1.0,R,0.990812270576496,basic,1.0,0.9819988119618076,1.0,0.0356546770917238,2.6702418327331543,,0.0,0.9999999999999999,True
conventional24,mStrawberry,114,Q,editable,none,110,0.9973787680209698,A,0.2877682424719584,polar,0.4062921719319726,0.3177700173643289,0.27574868723973,0.056168748426807,6.076101779937744,,0.25686478969179727,0.5749339786651662,False
conventional24,mStrawberry,116,S,editable,none,112,0.9973787680209698,I,0.3235341401082222,aliphatic,0.5314550261523421,0.4245286658910918,0.4063355822500318,0.0023134638523233,3.6002357006073,,0.2210689336198482,0.4670886696297224,False
conventional24,mStrawberry,125,Y,editable,none,121,0.9973787680209698,Y,0.3155586620805021,polar,0.3564666910845089,0.4136888829919863,0.2266627467206347,0.0092334246024107,3.695613384246826,,0.46619382146045163,0.8219272916405056,False
conventional24,mStrawberry,148,W,editable,none,144,0.9973787680209698,W,0.5032615244989261,aromatic,0.5032615244989261,0.4195423609514725,0.4121119533430715,0.2768139374561799,9.593534469604492,,0.5117470178073746,0.8809696246808242,False
conventional24,mStrawberry,149,E,editable,none,145,0.9960681520314548,E,0.4858134597770824,acidic,0.599563836313089,0.353942400496251,0.3337171308905095,0.1120083087297446,3.7188854217529297,,0.1356496157016224,0.7525417983955821,False
conventional24,mStrawberry,150,A,editable,none,146,0.9960681520314548,P,0.5554036888069339,proline,0.5554036888069339,0.4713102892881545,0.3226969741296622,0.1975723266601562,4.530325889587402,,0.0421802459432416,0.2466099920906416,False
conventional24,mStrawberry,151,S,editable,hbond,147,0.9960681520314548,S,0.5882605631978948,polar,0.7979807042566904,0.4769437630366783,0.5520569464114019,0.3996414430679813,5.148030757904053,0.8242288697121707,0.0175774303893108,0.8242288697121707,False
conventional24,mStrawberry,153,E,editable,none,149,0.9947575360419396,E,0.5734956910159513,acidic,0.6262322888758131,0.4508717352005632,0.438498206390731,0.3132541363055889,5.990737915039063,,0.006114593706624,0.8528236479792892,False
conventional24,mStrawberry,166,I,editable,none,165,0.9947575360419396,V,0.252575444842447,aliphatic,0.4299713193026453,0.2709083185241666,0.2913157316625191,0.0345889329910278,3.5851728916168213,,0.3404306911820697,0.2539481235478833,False
conventional24,mStrawberry,168,M,editable,none,167,0.9947575360419396,M,0.3495225783201012,aliphatic,0.6607101243523014,0.2269156984448962,0.3988493604650387,0.0,3.676437139511109,,0.1042755781712911,0.3098934177053367,False
conventional24,mStrawberry,186,Y,editable,none,182,0.9973787680209698,Y,0.6922883043310567,aromatic,0.7293874204444384,0.5456746731244475,0.5288782795691735,0.3914066213165399,9.721710205078123,,0.7573875775273935,0.8139667731429832,False
conventional24,mStrawberry,202,I,editable,none,203,0.9973787680209698,H,0.3653301121291207,basic,0.5991238726836094,0.3119132379381878,0.3687803722115541,0.0236328618471012,3.544808864593506,,0.4271111455153933,0.8717938708787026,False
conventional24,mStrawberry,204,L,editable,none,205,0.9973787680209698,L,0.3037878245470045,aliphatic,0.676548518285065,0.3427989521649046,0.5632515889141915,0.0896575435515373,3.995230674743652,,0.0355024951420293,0.3050657196162195,False
conventional24,mStrawberry,218,L,editable,none,220,0.9934469200524246,L,0.4384755805937528,aliphatic,0.6149920649693413,0.5051624509947125,0.5458651356254733,0.0057822809883611,3.7045297622680655,,0.0474790627476177,0.3414299761158066,False
conventional24,mStrawberry,220,E,fixed,none,222,0.9973787680209698,E,0.9456906328579144,acidic,0.9469719284249962,0.9006756582146256,0.8529176843514052,0.0178209548573857,2.734550952911377,,0.0,0.9704540240933041,True
conventional24,deGFP3,42,L,editable,none,42,0.9973787680209698,Q,0.4781060606883464,polar,0.4963759808617817,0.4115868611197624,0.3555569519637959,0.0260351000733636,3.422226428985596,,0.1391769603817275,0.6119251451399674,False
conventional24,deGFP3,44,L,editable,none,44,0.9973787680209698,L,0.235084652291817,aliphatic,0.793289295350877,0.2801018100881152,0.6301158364089667,0.0060081001537949,4.30495023727417,,0.0045613448373717,0.14510976139897488,False
conventional24,deGFP3,60,L,editable,none,60,1.0,L,0.8397483249800257,aliphatic,1.0,0.8037886965082748,1.0,0.0,4.841289520263672,,0.0,0.0,True
conventional24,deGFP3,61,V,editable,none,61,1.0,S,0.3351386071825256,polar,0.4786929782174166,0.3597254873702923,0.4808123692613391,0.0,2.901694059371948,,0.0,0.4800762180070008,False
conventional24,deGFP3,62,T,editable,none,62,1.0,T,0.4497277059936817,polar,0.5431734278145725,0.431211239349668,0.3630472853424568,0.0124588262203127,2.915830612182617,,0.0988520607091794,0.6844198641564895,False
conventional24,deGFP3,63,T,editable,none,63,1.0,T,0.2391090598130673,polar,0.5416818127764231,0.2537148988175461,0.4171967832618755,0.0410363147425097,3.359091758728028,,0.0233298591785343,0.5650116719549573,False
conventional24,deGFP3,64,F,editable,none,64,1.0,F,0.5035139281915332,aromatic,0.5035139281915332,0.4953116214791273,0.4585722582033482,0.0016772612929344,1.3350549936294556,,0.5096784107011496,0.053659709373622105,False
conventional24,deGFP3,65,T,editable,none,65,1.0,Q,0.1954685091015756,polar,0.3934687291418402,0.2176233200086887,0.1687668185237535,0.0118139020858272,0.0,,0.08512946049563411,0.5270465642026374,False
conventional24,deGFP3,66,Y,editable,aromatic,66,1.0,Y,0.9105966838848194,aromatic,0.9448225557647424,0.8574358276008713,0.8785051033206344,0.0104249892579285,0.0,0.952706230985442,0.952706230985442,0.9898539831737143,True
conventional24,deGFP3,67,G,fixed,none,67,1.0,G,0.9976270043968976,glycine,0.9976270043968976,0.994240831808988,0.9911732456399632,0.0034341637331705,0.0,,0.0,0.0,True
conventional24,deGFP3,68,V,editable,none,68,1.0,N,0.2616930593257684,polar,0.4897181121817692,0.3063088690699302,0.3552310426408895,0.0110455984356759,1.327847242355347,,0.208541578663609,0.5668207680778344,False
conventional24,deGFP3,69,Q,editable,hbond,69,1.0,R,0.3277312414833944,basic,0.6396309062234704,0.3461894815558213,0.4159401826750644,0.0476293351915147,3.4206199645996094,0.8903954636788927,0.2039248052350799,0.8903954636788927,False
conventional24,deGFP3,92,Y,editable,none,92,1.0,Y,0.5548584422767627,aromatic,0.8425922479907035,0.5883935441414059,0.7097952803742985,0.0,4.378256320953369,,0.8452766868329271,0.6018414134283337,False
conventional24,deGFP3,94,Q,editable,hbond,94,1.0,W,0.4532432771217071,aromatic,0.5616281222919792,0.420554451116197,0.5041956158492447,0.0295708423190646,2.9600610733032227,0.8634125359852144,0.5616281222919791,0.8634125359852144,False
conventional24,deGFP3,96,R,fixed,none,96,1.0,R,0.990812270576496,basic,1.0,0.9819988119618076,1.0,0.0356546770917238,2.6702418327331543,,0.0,0.9999999999999999,True
conventional24,deGFP3,112,V,editable,none,112,0.9973787680209698,I,0.3235341401082222,aliphatic,0.5314550261523421,0.4245286658910918,0.4063355822500318,0.0023134638523233,3.6002357006073,,0.2210689336198482,0.4670886696297224,False
conventional24,deGFP3,121,N,editable,none,121,0.9973787680209698,Y,0.3155586620805021,polar,0.3564666910845089,0.4136888829919863,0.2266627467206347,0.0092334246024107,3.695613384246826,,0.46619382146045163,0.8219272916405056,False
conventional24,deGFP3,145,Y,editable,none,145,0.9960681520314548,E,0.4858134597770824,acidic,0.599563836313089,0.353942400496251,0.3337171308905095,0.1120083087297446,3.7188854217529297,,0.1356496157016224,0.7525417983955821,False
conventional24,deGFP3,146,N,editable,none,146,0.9960681520314548,P,0.5554036888069339,proline,0.5554036888069339,0.4713102892881545,0.3226969741296622,0.1975723266601562,4.530325889587402,,0.0421802459432416,0.2466099920906416,False
conventional24,deGFP3,148,H,editable,hbond,148,0.9960681520314548,T,0.3522699337305357,polar,0.4521290514781806,0.2874284113850636,0.1786738342424533,0.0335692805903298,3.3015193939208984,0.7477324972748837,0.2069426349722487,0.7477324972748837,False
conventional24,deGFP3,150,V,editable,none,150,0.9921363040629096,K,0.292068974199459,basic,0.4633008421954812,0.250002840187168,0.4095367166882239,0.0023134638523233,3.576688766479492,,0.06864773656965491,0.6293581480020329,False
conventional24,deGFP3,165,F,editable,none,165,0.9947575360419396,V,0.252575444842447,aliphatic,0.4299713193026453,0.2709083185241666,0.2913157316625191,0.0345889329910278,3.5851728916168213,,0.3404306911820697,0.2539481235478833,False
conventional24,deGFP3,167,I,editable,none,167,0.9947575360419396,M,0.3495225783201012,aliphatic,0.6607101243523014,0.2269156984448962,0.3988493604650387,0.0,3.676437139511109,,0.1042755781712911,0.3098934177053367,False
conventional24,deGFP3,183,Q,editable,none,183,0.9973787680209698,K,0.3394823975916853,basic,0.5467179163929808,0.4065857343891257,0.4576184547106032,0.0394706344604492,4.799337863922119,,0.0384441556538701,0.9485515071450614,False
conventional24,deGFP3,203,C,editable,none,203,0.9973787680209698,H,0.3653301121291207,basic,0.5991238726836094,0.3119132379381878,0.3687803722115541,0.0236328618471012,3.544808864593506,,0.4271111455153933,0.8717938708787026,False
conventional24,deGFP3,205,S,editable,none,205,0.9973787680209698,L,0.3037878245470045,aliphatic,0.676548518285065,0.3427989521649046,0.5632515889141915,0.0896575435515373,3.995230674743652,,0.0355024951420293,0.3050657196162195,False
conventional24,deGFP3,220,L,editable,none,220,0.9934469200524246,L,0.4384755805937528,aliphatic,0.6149920649693413,0.5051624509947125,0.5458651356254733,0.0057822809883611,3.7045297622680655,,0.0474790627476177,0.3414299761158066,False
conventional24,deGFP3,222,E,fixed,none,222,0.9973787680209698,E,0.9456906328579144,acidic,0.9469719284249962,0.9006756582146256,0.8529176843514052,0.0178209548573857,2.734550952911377,,0.0,0.9704540240933041,True
conventional24,E2-Red/Green,14,F,editable,none,14,0.9973787680209698,I,0.3219183749186244,aliphatic,0.5889951318036287,0.3319347815611364,0.4411253685556727,0.0145411188832394,7.077704429626465,,0.3175564613288127,0.22414453305641752,False
conventional24,E2-Red/Green,42,H,editable,none,42,0.9973787680209698,Q,0.4781060606883464,polar,0.4963759808617817,0.4115868611197624,0.3555569519637959,0.0260351000733636,3.422226428985596,,0.1391769603817275,0.6119251451399674,False
conventional24,E2-Red/Green,43,T,editable,none,43,0.9973787680209698,T,0.4906309834522263,polar,0.6356534222694089,0.4053868428809284,0.4423122409673832,0.2926360729128815,7.4938883781433105,,0.0060959776494622,0.920287107354532,False
conventional24,E2-Red/Green,44,V,editable,none,44,0.9973787680209698,L,0.235084652291817,aliphatic,0.793289295350877,0.2801018100881152,0.6301158364089667,0.0060081001537949,4.30495023727417,,0.0045613448373717,0.14510976139897488,False
conventional24,E2-Red/Green,62,S,editable,none,61,1.0,S,0.3351386071825256,polar,0.4786929782174166,0.3597254873702923,0.4808123692613391,0.0,2.901694059371948,,0.0,0.4800762180070008,False
conventional24,E2-Red/Green,63,P,editable,none,62,1.0,T,0.4497277059936817,polar,0.5431734278145725,0.431211239349668,0.3630472853424568,0.0124588262203127,2.915830612182617,,0.0988520607091794,0.6844198641564895,False
conventional24,E2-Red/Green,64,Q,editable,none,63,1.0,T,0.2391090598130673,polar,0.5416818127764231,0.2537148988175461,0.4171967832618755,0.0410363147425097,3.359091758728028,,0.0233298591785343,0.5650116719549573,False
conventional24,E2-Red/Green,65,F,editable,none,64,1.0,F,0.5035139281915332,aromatic,0.5035139281915332,0.4953116214791273,0.4585722582033482,0.0016772612929344,1.3350549936294556,,0.5096784107011496,0.053659709373622105,False
conventional24,E2-Red/Green,66,Q,editable,none,65,1.0,Q,0.1954685091015756,polar,0.3934687291418402,0.2176233200086887,0.1687668185237535,0.0118139020858272,0.0,,0.08512946049563411,0.5270465642026374,False
conventional24,E2-Red/Green,67,Y,editable,aromatic,66,1.0,Y,0.9105966838848194,aromatic,0.9448225557647424,0.8574358276008713,0.8785051033206344,0.0104249892579285,0.0,0.952706230985442,0.952706230985442,0.9898539831737143,True
conventional24,E2-Red/Green,68,G,fixed,none,67,1.0,G,0.9976270043968976,glycine,0.9976270043968976,0.994240831808988,0.9911732456399632,0.0034341637331705,0.0,,0.0,0.0,True
conventional24,E2-Red/Green,69,S,editable,none,68,1.0,N,0.2616930593257684,polar,0.4897181121817692,0.3063088690699302,0.3552310426408895,0.0110455984356759,1.327847242355347,,0.208541578663609,0.5668207680778344,False
conventional24,E2-Red/Green,70,K,editable,none,69,1.0,R,0.3277312414833944,basic,0.6396309062234704,0.3461894815558213,0.4159401826750644,0.0476293351915147,3.4206199645996094,,0.2039248052350799,0.8903954636788927,False
conventional24,E2-Red/Green,93,W,editable,hbond,94,1.0,W,0.4532432771217071,aromatic,0.5616281222919792,0.420554451116197,0.5041956158492447,0.0295708423190646,2.9600610733032227,0.8634125359852144,0.5616281222919791,0.8634125359852144,False
conventional24,E2-Red/Green,95,R,fixed,none,96,1.0,R,0.990812270576496,basic,1.0,0.9819988119618076,1.0,0.0356546770917238,2.6702418327331543,,0.0,0.9999999999999999,True
conventional24,E2-Red/Green,109,Q,editable,hbond,110,0.9973787680209698,A,0.2877682424719584,polar,0.4062921719319726,0.3177700173643289,0.27574868723973,0.056168748426807,6.076101779937744,0.5749339786651662,0.25686478969179727,0.5749339786651662,False
conventional24,E2-Red/Green,111,S,editable,none,112,0.9973787680209698,I,0.3235341401082222,aliphatic,0.5314550261523421,0.4245286658910918,0.4063355822500318,0.0023134638523233,3.6002357006073,,0.2210689336198482,0.4670886696297224,False
conventional24,E2-Red/Green,120,Y,editable,none,121,0.9973787680209698,Y,0.3155586620805021,polar,0.3564666910845089,0.4136888829919863,0.2266627467206347,0.0092334246024107,3.695613384246826,,0.46619382146045163,0.8219272916405056,False
conventional24,E2-Red/Green,144,E,editable,none,145,0.9960681520314548,E,0.4858134597770824,acidic,0.599563836313089,0.353942400496251,0.3337171308905095,0.1120083087297446,3.7188854217529297,,0.1356496157016224,0.7525417983955821,False
conventional24,E2-Red/Green,146,S,editable,hbond,147,0.9960681520314548,S,0.5882605631978948,polar,0.7979807042566904,0.4769437630366783,0.5520569464114019,0.3996414430679813,5.148030757904053,0.8242288697121707,0.0175774303893108,0.8242288697121707,False
conventional24,E2-Red/Green,161,I,editable,none,165,0.9947575360419396,V,0.252575444842447,aliphatic,0.4299713193026453,0.2709083185241666,0.2913157316625191,0.0345889329910278,3.5851728916168213,,0.3404306911820697,0.2539481235478833,False
conventional24,E2-Red/Green,163,K,editable,hbond,167,0.9947575360419396,M,0.3495225783201012,aliphatic,0.6607101243523014,0.2269156984448962,0.3988493604650387,0.0,3.676437139511109,0.3098934177053367,0.1042755781712911,0.3098934177053367,False
conventional24,E2-Red/Green,177,F,editable,none,178,0.9764089121887288,F,0.3339201612884246,aliphatic,0.6390217550634404,0.4209941240114673,0.6075425401779826,0.2570244708464513,11.98137092590332,,0.34945407725767,0.024882623963865598,False
conventional24,E2-Red/Green,197,S,editable,none,203,0.9973787680209698,H,0.3653301121291207,basic,0.5991238726836094,0.3119132379381878,0.3687803722115541,0.0236328618471012,3.544808864593506,,0.4271111455153933,0.8717938708787026,False
conventional24,E2-Red/Green,198,K,editable,none,204,0.9973787680209698,R,0.3631984784771579,basic,0.6651168580975453,0.380515083381771,0.4550233517748386,0.4328141276041666,5.51182746887207,,0.0996210740794096,0.907241843997882,False
conventional24,E2-Red/Green,199,L,editable,none,205,0.9973787680209698,L,0.3037878245470045,aliphatic,0.676548518285065,0.3427989521649046,0.5632515889141915,0.0896575435515373,3.995230674743652,,0.0355024951420293,0.3050657196162195,False
conventional24,E2-Red/Green,213,Q,editable,none,220,0.9934469200524246,L,0.4384755805937528,aliphatic,0.6149920649693413,0.5051624509947125,0.5458651356254733,0.0057822809883611,3.7045297622680655,,0.0474790627476177,0.3414299761158066,False
conventional24,E2-Red/Green,214,Y,editable,none,221,0.9934469200524246,Y,0.1921836130700728,aliphatic,0.286323729619072,0.1513585489850903,0.1744387311950268,0.2736924584232159,7.246955871582031,,0.3447284509784647,0.6637482944192266,False
conventional24,E2-Red/Green,215,E,fixed,none,222,0.9973787680209698,E,0.9456906328579144,acidic,0.9469719284249962,0.9006756582146256,0.8529176843514052,0.0178209548573857,2.734550952911377,,0.0,0.9704540240933041,True
conventional24,GFPxm162,42,L,editable,none,42,0.9973787680209698,Q,0.4781060606883464,polar,0.4963759808617817,0.4115868611197624,0.3555569519637959,0.0260351000733636,3.422226428985596,,0.1391769603817275,0.6119251451399674,False
conventional24,GFPxm162,44,I,editable,none,44,0.9973787680209698,L,0.235084652291817,aliphatic,0.793289295350877,0.2801018100881152,0.6301158364089667,0.0060081001537949,4.30495023727417,,0.0045613448373717,0.14510976139897488,False
conventional24,GFPxm162,60,L,editable,none,60,1.0,L,0.8397483249800257,aliphatic,1.0,0.8037886965082748,1.0,0.0,4.841289520263672,,0.0,0.0,True
conventional24,GFPxm162,61,V,editable,none,61,1.0,S,0.3351386071825256,polar,0.4786929782174166,0.3597254873702923,0.4808123692613391,0.0,2.901694059371948,,0.0,0.4800762180070008,False
conventional24,GFPxm162,62,T,editable,none,62,1.0,T,0.4497277059936817,polar,0.5431734278145725,0.431211239349668,0.3630472853424568,0.0124588262203127,2.915830612182617,,0.0988520607091794,0.6844198641564895,False
conventional24,GFPxm162,63,T,editable,none,63,1.0,T,0.2391090598130673,polar,0.5416818127764231,0.2537148988175461,0.4171967832618755,0.0410363147425097,3.359091758728028,,0.0233298591785343,0.5650116719549573,False
conventional24,GFPxm162,64,L,editable,none,64,1.0,F,0.5035139281915332,aromatic,0.5035139281915332,0.4953116214791273,0.4585722582033482,0.0016772612929344,1.3350549936294556,,0.5096784107011496,0.053659709373622105,False
conventional24,GFPxm162,65,G,editable,none,65,1.0,Q,0.1954685091015756,polar,0.3934687291418402,0.2176233200086887,0.1687668185237535,0.0118139020858272,0.0,,0.08512946049563411,0.5270465642026374,False
conventional24,GFPxm162,66,Y,editable,aromatic,66,1.0,Y,0.9105966838848194,aromatic,0.9448225557647424,0.8574358276008713,0.8785051033206344,0.0104249892579285,0.0,0.952706230985442,0.952706230985442,0.9898539831737143,True
conventional24,GFPxm162,67,G,fixed,none,67,1.0,G,0.9976270043968976,glycine,0.9976270043968976,0.994240831808988,0.9911732456399632,0.0034341637331705,0.0,,0.0,0.0,True
conventional24,GFPxm162,68,I,editable,none,68,1.0,N,0.2616930593257684,polar,0.4897181121817692,0.3063088690699302,0.3552310426408895,0.0110455984356759,1.327847242355347,,0.208541578663609,0.5668207680778344,False
conventional24,GFPxm162,69,Q,editable,none,69,1.0,R,0.3277312414833944,basic,0.6396309062234704,0.3461894815558213,0.4159401826750644,0.0476293351915147,3.4206199645996094,,0.2039248052350799,0.8903954636788927,False
conventional24,GFPxm162,92,Y,editable,none,92,1.0,Y,0.5548584422767627,aromatic,0.8425922479907035,0.5883935441414059,0.7097952803742985,0.0,4.378256320953369,,0.8452766868329271,0.6018414134283337,False
conventional24,GFPxm162,94,Q,editable,hbond,94,1.0,W,0.4532432771217071,aromatic,0.5616281222919792,0.420554451116197,0.5041956158492447,0.0295708423190646,2.9600610733032227,0.8634125359852144,0.5616281222919791,0.8634125359852144,False
conventional24,GFPxm162,96,R,fixed,none,96,1.0,R,0.990812270576496,basic,1.0,0.9819988119618076,1.0,0.0356546770917238,2.6702418327331543,,0.0,0.9999999999999999,True
conventional24,GFPxm162,112,V,editable,none,112,0.9973787680209698,I,0.3235341401082222,aliphatic,0.5314550261523421,0.4245286658910918,0.4063355822500318,0.0023134638523233,3.6002357006073,,0.2210689336198482,0.4670886696297224,False
conventional24,GFPxm162,121,N,editable,none,121,0.9973787680209698,Y,0.3155586620805021,polar,0.3564666910845089,0.4136888829919863,0.2266627467206347,0.0092334246024107,3.695613384246826,,0.46619382146045163,0.8219272916405056,False
conventional24,GFPxm162,145,F,editable,none,145,0.9960681520314548,E,0.4858134597770824,acidic,0.599563836313089,0.353942400496251,0.3337171308905095,0.1120083087297446,3.7188854217529297,,0.1356496157016224,0.7525417983955821,False
conventional24,GFPxm162,146,N,editable,none,146,0.9960681520314548,P,0.5554036888069339,proline,0.5554036888069339,0.4713102892881545,0.3226969741296622,0.1975723266601562,4.530325889587402,,0.0421802459432416,0.2466099920906416,False
conventional24,GFPxm162,147,S,editable,none,147,0.9960681520314548,S,0.5882605631978948,polar,0.7979807042566904,0.4769437630366783,0.5520569464114019,0.3996414430679813,5.148030757904053,,0.0175774303893108,0.8242288697121707,False
conventional24,GFPxm162,148,H,editable,none,148,0.9960681520314548,T,0.3522699337305357,polar,0.4521290514781806,0.2874284113850636,0.1786738342424533,0.0335692805903298,3.3015193939208984,,0.2069426349722487,0.7477324972748837,False
conventional24,GFPxm162,150,V,editable,none,150,0.9921363040629096,K,0.292068974199459,basic,0.4633008421954812,0.250002840187168,0.4095367166882239,0.0023134638523233,3.576688766479492,,0.06864773656965491,0.6293581480020329,False
conventional24,GFPxm162,165,F,editable,none,165,0.9947575360419396,V,0.252575444842447,aliphatic,0.4299713193026453,0.2709083185241666,0.2913157316625191,0.0345889329910278,3.5851728916168213,,0.3404306911820697,0.2539481235478833,False
conventional24,GFPxm162,167,I,editable,none,167,0.9947575360419396,M,0.3495225783201012,aliphatic,0.6607101243523014,0.2269156984448962,0.3988493604650387,0.0,3.676437139511109,,0.1042755781712911,0.3098934177053367,False
conventional24,GFPxm162,203,F,editable,none,203,0.9973787680209698,H,0.3653301121291207,basic,0.5991238726836094,0.3119132379381878,0.3687803722115541,0.0236328618471012,3.544808864593506,,0.4271111455153933,0.8717938708787026,False
conventional24,GFPxm162,205,T,editable,none,205,0.9973787680209698,L,0.3037878245470045,aliphatic,0.676548518285065,0.3427989521649046,0.5632515889141915,0.0896575435515373,3.995230674743652,,0.0355024951420293,0.3050657196162195,False
conventional24,GFPxm162,220,F,editable,none,220,0.9934469200524246,L,0.4384755805937528,aliphatic,0.6149920649693413,0.5051624509947125,0.5458651356254733,0.0057822809883611,3.7045297622680655,,0.0474790627476177,0.3414299761158066,False
conventional24,GFPxm162,222,E,fixed,none,222,0.9973787680209698,E,0.9456906328579144,acidic,0.9469719284249962,0.9006756582146256,0.8529176843514052,0.0178209548573857,2.734550952911377,,0.0,0.9704540240933041,True
conventional24,mCerulean2.D3,43,L,editable,none,42,0.9973787680209698,Q,0.4781060606883464,polar,0.4963759808617817,0.4115868611197624,0.3555569519637959,0.0260351000733636,3.422226428985596,,0.1391769603817275,0.6119251451399674,False
conventional24,mCerulean2.D3,45,L,editable,none,44,0.9973787680209698,L,0.235084652291817,aliphatic,0.793289295350877,0.2801018100881152,0.6301158364089667,0.0060081001537949,4.30495023727417,,0.0045613448373717,0.14510976139897488,False
conventional24,mCerulean2.D3,47,F,editable,none,46,0.9973787680209698,L,0.3947880379327619,aliphatic,0.7298224613559946,0.4237633249303617,0.6856357300940457,0.0,5.331122398376465,,0.2681890826155981,0.0714569480305388,False
conventional24,mCerulean2.D3,61,L,editable,none,60,1.0,L,0.8397483249800257,aliphatic,1.0,0.8037886965082748,1.0,0.0,4.841289520263672,,0.0,0.0,True
conventional24,mCerulean2.D3,62,V,editable,none,61,1.0,S,0.3351386071825256,polar,0.4786929782174166,0.3597254873702923,0.4808123692613391,0.0,2.901694059371948,,0.0,0.4800762180070008,False
conventional24,mCerulean2.D3,63,T,editable,none,62,1.0,T,0.4497277059936817,polar,0.5431734278145725,0.431211239349668,0.3630472853424568,0.0124588262203127,2.915830612182617,,0.0988520607091794,0.6844198641564895,False
conventional24,mCerulean2.D3,64,T,editable,none,63,1.0,T,0.2391090598130673,polar,0.5416818127764231,0.2537148988175461,0.4171967832618755,0.0410363147425097,3.359091758728028,,0.0233298591785343,0.5650116719549573,False
conventional24,mCerulean2.D3,65,L,editable,none,64,1.0,F,0.5035139281915332,aromatic,0.5035139281915332,0.4953116214791273,0.4585722582033482,0.0016772612929344,1.3350549936294556,,0.5096784107011496,0.053659709373622105,False
conventional24,mCerulean2.D3,66,T,editable,none,65,1.0,Q,0.1954685091015756,polar,0.3934687291418402,0.2176233200086887,0.1687668185237535,0.0118139020858272,0.0,,0.08512946049563411,0.5270465642026374,False
conventional24,mCerulean2.D3,67,W,editable,aromatic,66,1.0,Y,0.9105966838848194,aromatic,0.9448225557647424,0.8574358276008713,0.8785051033206344,0.0104249892579285,0.0,0.952706230985442,0.952706230985442,0.9898539831737143,True
conventional24,mCerulean2.D3,68,G,fixed,none,67,1.0,G,0.9976270043968976,glycine,0.9976270043968976,0.994240831808988,0.9911732456399632,0.0034341637331705,0.0,,0.0,0.0,True
conventional24,mCerulean2.D3,69,V,editable,none,68,1.0,N,0.2616930593257684,polar,0.4897181121817692,0.3063088690699302,0.3552310426408895,0.0110455984356759,1.327847242355347,,0.208541578663609,0.5668207680778344,False
conventional24,mCerulean2.D3,70,Q,editable,none,69,1.0,R,0.3277312414833944,basic,0.6396309062234704,0.3461894815558213,0.4159401826750644,0.0476293351915147,3.4206199645996094,,0.2039248052350799,0.8903954636788927,False
conventional24,mCerulean2.D3,93,Y,editable,none,92,1.0,Y,0.5548584422767627,aromatic,0.8425922479907035,0.5883935441414059,0.7097952803742985,0.0,4.378256320953369,,0.8452766868329271,0.6018414134283337,False
conventional24,mCerulean2.D3,95,Q,editable,hbond,94,1.0,W,0.4532432771217071,aromatic,0.5616281222919792,0.420554451116197,0.5041956158492447,0.0295708423190646,2.9600610733032227,0.8634125359852144,0.5616281222919791,0.8634125359852144,False
conventional24,mCerulean2.D3,97,R,fixed,none,96,1.0,R,0.990812270576496,basic,1.0,0.9819988119618076,1.0,0.0356546770917238,2.6702418327331543,,0.0,0.9999999999999999,True
conventional24,mCerulean2.D3,113,V,editable,none,112,0.9973787680209698,I,0.3235341401082222,aliphatic,0.5314550261523421,0.4245286658910918,0.4063355822500318,0.0023134638523233,3.6002357006073,,0.2210689336198482,0.4670886696297224,False
conventional24,mCerulean2.D3,122,N,editable,none,121,0.9973787680209698,Y,0.3155586620805021,polar,0.3564666910845089,0.4136888829919863,0.2266627467206347,0.0092334246024107,3.695613384246826,,0.46619382146045163,0.8219272916405056,False
conventional24,mCerulean2.D3,147,F,editable,none,146,0.9960681520314548,P,0.5554036888069339,proline,0.5554036888069339,0.4713102892881545,0.3226969741296622,0.1975723266601562,4.530325889587402,,0.0421802459432416,0.2466099920906416,False
conventional24,mCerulean2.D3,148,H,editable,none,147,0.9960681520314548,S,0.5882605631978948,polar,0.7979807042566904,0.4769437630366783,0.5520569464114019,0.3996414430679813,5.148030757904053,,0.0175774303893108,0.8242288697121707,False
conventional24,mCerulean2.D3,149,G,editable,none,148,0.9960681520314548,T,0.3522699337305357,polar,0.4521290514781806,0.2874284113850636,0.1786738342424533,0.0335692805903298,3.3015193939208984,,0.2069426349722487,0.7477324972748837,False
conventional24,mCerulean2.D3,150,N,editable,none,149,0.9947575360419396,E,0.5734956910159513,acidic,0.6262322888758131,0.4508717352005632,0.438498206390731,0.3132541363055889,5.990737915039063,,0.006114593706624,0.8528236479792892,False
conventional24,mCerulean2.D3,151,V,editable,none,150,0.9921363040629096,K,0.292068974199459,basic,0.4633008421954812,0.250002840187168,0.4095367166882239,0.0023134638523233,3.576688766479492,,0.06864773656965491,0.6293581480020329,False
conventional24,mCerulean2.D3,166,F,editable,none,165,0.9947575360419396,V,0.252575444842447,aliphatic,0.4299713193026453,0.2709083185241666,0.2913157316625191,0.0345889329910278,3.5851728916168213,,0.3404306911820697,0.2539481235478833,False
conventional24,mCerulean2.D3,168,L,editable,none,167,0.9947575360419396,M,0.3495225783201012,aliphatic,0.6607101243523014,0.2269156984448962,0.3988493604650387,0.0,3.676437139511109,,0.1042755781712911,0.3098934177053367,False
conventional24,mCerulean2.D3,204,T,editable,none,203,0.9973787680209698,H,0.3653301121291207,basic,0.5991238726836094,0.3119132379381878,0.3687803722115541,0.0236328618471012,3.544808864593506,,0.4271111455153933,0.8717938708787026,False
conventional24,mCerulean2.D3,206,S,editable,hbond,205,0.9973787680209698,L,0.3037878245470045,aliphatic,0.676548518285065,0.3427989521649046,0.5632515889141915,0.0896575435515373,3.995230674743652,0.3050657196162195,0.0355024951420293,0.3050657196162195,False
conventional24,mCerulean2.D3,221,L,editable,none,220,0.9934469200524246,L,0.4384755805937528,aliphatic,0.6149920649693413,0.5051624509947125,0.5458651356254733,0.0057822809883611,3.7045297622680655,,0.0474790627476177,0.3414299761158066,False
conventional24,mCerulean2.D3,223,E,fixed,none,222,0.9973787680209698,E,0.9456906328579144,acidic,0.9469719284249962,0.9006756582146256,0.8529176843514052,0.0178209548573857,2.734550952911377,,0.0,0.9704540240933041,True
conventional24,htFuncLib_sf:mid.9,52,L,editable,none,42,0.9973787680209698,Q,0.4781060606883464,polar,0.4963759808617817,0.4115868611197624,0.3555569519637959,0.0260351000733636,3.422226428985596,,0.1391769603817275,0.6119251451399674,False
conventional24,htFuncLib_sf:mid.9,54,L,editable,none,44,0.9973787680209698,L,0.235084652291817,aliphatic,0.793289295350877,0.2801018100881152,0.6301158364089667,0.0060081001537949,4.30495023727417,,0.0045613448373717,0.14510976139897488,False
conventional24,htFuncLib_sf:mid.9,56,F,editable,none,46,0.9973787680209698,L,0.3947880379327619,aliphatic,0.7298224613559946,0.4237633249303617,0.6856357300940457,0.0,5.331122398376465,,0.2681890826155981,0.0714569480305388,False
conventional24,htFuncLib_sf:mid.9,70,L,editable,none,60,1.0,L,0.8397483249800257,aliphatic,1.0,0.8037886965082748,1.0,0.0,4.841289520263672,,0.0,0.0,True
conventional24,htFuncLib_sf:mid.9,71,V,editable,none,61,1.0,S,0.3351386071825256,polar,0.4786929782174166,0.3597254873702923,0.4808123692613391,0.0,2.901694059371948,,0.0,0.4800762180070008,False
conventional24,htFuncLib_sf:mid.9,72,T,editable,none,62,1.0,T,0.4497277059936817,polar,0.5431734278145725,0.431211239349668,0.3630472853424568,0.0124588262203127,2.915830612182617,,0.0988520607091794,0.6844198641564895,False
conventional24,htFuncLib_sf:mid.9,73,T,editable,none,63,1.0,T,0.2391090598130673,polar,0.5416818127764231,0.2537148988175461,0.4171967832618755,0.0410363147425097,3.359091758728028,,0.0233298591785343,0.5650116719549573,False
conventional24,htFuncLib_sf:mid.9,74,L,editable,none,64,1.0,F,0.5035139281915332,aromatic,0.5035139281915332,0.4953116214791273,0.4585722582033482,0.0016772612929344,1.3350549936294556,,0.5096784107011496,0.053659709373622105,False
conventional24,htFuncLib_sf:mid.9,75,T,editable,none,65,1.0,Q,0.1954685091015756,polar,0.3934687291418402,0.2176233200086887,0.1687668185237535,0.0118139020858272,0.0,,0.08512946049563411,0.5270465642026374,False
conventional24,htFuncLib_sf:mid.9,76,Y,editable,aromatic,66,1.0,Y,0.9105966838848194,aromatic,0.9448225557647424,0.8574358276008713,0.8785051033206344,0.0104249892579285,0.0,0.952706230985442,0.952706230985442,0.9898539831737143,True
conventional24,htFuncLib_sf:mid.9,77,G,fixed,none,67,1.0,G,0.9976270043968976,glycine,0.9976270043968976,0.994240831808988,0.9911732456399632,0.0034341637331705,0.0,,0.0,0.0,True
conventional24,htFuncLib_sf:mid.9,78,V,editable,none,68,1.0,N,0.2616930593257684,polar,0.4897181121817692,0.3063088690699302,0.3552310426408895,0.0110455984356759,1.327847242355347,,0.208541578663609,0.5668207680778344,False
conventional24,htFuncLib_sf:mid.9,79,Q,editable,none,69,1.0,R,0.3277312414833944,basic,0.6396309062234704,0.3461894815558213,0.4159401826750644,0.0476293351915147,3.4206199645996094,,0.2039248052350799,0.8903954636788927,False
conventional24,htFuncLib_sf:mid.9,102,Y,editable,none,92,1.0,Y,0.5548584422767627,aromatic,0.8425922479907035,0.5883935441414059,0.7097952803742985,0.0,4.378256320953369,,0.8452766868329271,0.6018414134283337,False
conventional24,htFuncLib_sf:mid.9,104,Q,editable,hbond,94,1.0,W,0.4532432771217071,aromatic,0.5616281222919792,0.420554451116197,0.5041956158492447,0.0295708423190646,2.9600610733032227,0.8634125359852144,0.5616281222919791,0.8634125359852144,False
conventional24,htFuncLib_sf:mid.9,106,R,fixed,none,96,1.0,R,0.990812270576496,basic,1.0,0.9819988119618076,1.0,0.0356546770917238,2.6702418327331543,,0.0,0.9999999999999999,True
conventional24,htFuncLib_sf:mid.9,122,V,editable,none,112,0.9973787680209698,I,0.3235341401082222,aliphatic,0.5314550261523421,0.4245286658910918,0.4063355822500318,0.0023134638523233,3.6002357006073,,0.2210689336198482,0.4670886696297224,False
conventional24,htFuncLib_sf:mid.9,131,N,editable,none,121,0.9973787680209698,Y,0.3155586620805021,polar,0.3564666910845089,0.4136888829919863,0.2266627467206347,0.0092334246024107,3.695613384246826,,0.46619382146045163,0.8219272916405056,False
conventional24,htFuncLib_sf:mid.9,155,F,editable,none,145,0.9960681520314548,E,0.4858134597770824,acidic,0.599563836313089,0.353942400496251,0.3337171308905095,0.1120083087297446,3.7188854217529297,,0.1356496157016224,0.7525417983955821,False
conventional24,htFuncLib_sf:mid.9,156,N,editable,none,146,0.9960681520314548,P,0.5554036888069339,proline,0.5554036888069339,0.4713102892881545,0.3226969741296622,0.1975723266601562,4.530325889587402,,0.0421802459432416,0.2466099920906416,False
conventional24,htFuncLib_sf:mid.9,158,H,editable,hbond,148,0.9960681520314548,T,0.3522699337305357,polar,0.4521290514781806,0.2874284113850636,0.1786738342424533,0.0335692805903298,3.3015193939208984,0.7477324972748837,0.2069426349722487,0.7477324972748837,False
conventional24,htFuncLib_sf:mid.9,160,V,editable,none,150,0.9921363040629096,K,0.292068974199459,basic,0.4633008421954812,0.250002840187168,0.4095367166882239,0.0023134638523233,3.576688766479492,,0.06864773656965491,0.6293581480020329,False
conventional24,htFuncLib_sf:mid.9,175,F,editable,none,165,0.9947575360419396,V,0.252575444842447,aliphatic,0.4299713193026453,0.2709083185241666,0.2913157316625191,0.0345889329910278,3.5851728916168213,,0.3404306911820697,0.2539481235478833,False
conventional24,htFuncLib_sf:mid.9,177,V,editable,none,167,0.9947575360419396,M,0.3495225783201012,aliphatic,0.6607101243523014,0.2269156984448962,0.3988493604650387,0.0,3.676437139511109,,0.1042755781712911,0.3098934177053367,False
conventional24,htFuncLib_sf:mid.9,193,Q,editable,none,183,0.9973787680209698,K,0.3394823975916853,basic,0.5467179163929808,0.4065857343891257,0.4576184547106032,0.0394706344604492,4.799337863922119,,0.0384441556538701,0.9485515071450614,False
conventional24,htFuncLib_sf:mid.9,213,T,editable,none,203,0.9973787680209698,H,0.3653301121291207,basic,0.5991238726836094,0.3119132379381878,0.3687803722115541,0.0236328618471012,3.544808864593506,,0.4271111455153933,0.8717938708787026,False
conventional24,htFuncLib_sf:mid.9,215,S,editable,none,205,0.9973787680209698,L,0.3037878245470045,aliphatic,0.676548518285065,0.3427989521649046,0.5632515889141915,0.0896575435515373,3.995230674743652,,0.0355024951420293,0.3050657196162195,False
conventional24,htFuncLib_sf:mid.9,230,V,editable,none,220,0.9934469200524246,L,0.4384755805937528,aliphatic,0.6149920649693413,0.5051624509947125,0.5458651356254733,0.0057822809883611,3.7045297622680655,,0.0474790627476177,0.3414299761158066,False
conventional24,htFuncLib_sf:mid.9,232,E,fixed,none,222,0.9973787680209698,E,0.9456906328579144,acidic,0.9469719284249962,0.9006756582146256,0.8529176843514052,0.0178209548573857,2.734550952911377,,0.0,0.9704540240933041,True
conventional24,W1C,42,L,editable,none,42,0.9973787680209698,Q,0.4781060606883464,polar,0.4963759808617817,0.4115868611197624,0.3555569519637959,0.0260351000733636,3.422226428985596,,0.1391769603817275,0.6119251451399674,False
conventional24,W1C,44,L,editable,none,44,0.9973787680209698,L,0.235084652291817,aliphatic,0.793289295350877,0.2801018100881152,0.6301158364089667,0.0060081001537949,4.30495023727417,,0.0045613448373717,0.14510976139897488,False
conventional24,W1C,46,F,editable,none,46,0.9973787680209698,L,0.3947880379327619,aliphatic,0.7298224613559946,0.4237633249303617,0.6856357300940457,0.0,5.331122398376465,,0.2681890826155981,0.0714569480305388,False
conventional24,W1C,60,L,editable,none,60,1.0,L,0.8397483249800257,aliphatic,1.0,0.8037886965082748,1.0,0.0,4.841289520263672,,0.0,0.0,True
conventional24,W1C,61,V,editable,none,61,1.0,S,0.3351386071825256,polar,0.4786929782174166,0.3597254873702923,0.4808123692613391,0.0,2.901694059371948,,0.0,0.4800762180070008,False
conventional24,W1C,62,T,editable,none,62,1.0,T,0.4497277059936817,polar,0.5431734278145725,0.431211239349668,0.3630472853424568,0.0124588262203127,2.915830612182617,,0.0988520607091794,0.6844198641564895,False
conventional24,W1C,63,T,editable,none,63,1.0,T,0.2391090598130673,polar,0.5416818127764231,0.2537148988175461,0.4171967832618755,0.0410363147425097,3.359091758728028,,0.0233298591785343,0.5650116719549573,False
conventional24,W1C,64,F,editable,none,64,1.0,F,0.5035139281915332,aromatic,0.5035139281915332,0.4953116214791273,0.4585722582033482,0.0016772612929344,1.3350549936294556,,0.5096784107011496,0.053659709373622105,False
conventional24,W1C,65,A,editable,none,65,1.0,Q,0.1954685091015756,polar,0.3934687291418402,0.2176233200086887,0.1687668185237535,0.0118139020858272,0.0,,0.08512946049563411,0.5270465642026374,False
conventional24,W1C,66,W,editable,aromatic,66,1.0,Y,0.9105966838848194,aromatic,0.9448225557647424,0.8574358276008713,0.8785051033206344,0.0104249892579285,0.0,0.952706230985442,0.952706230985442,0.9898539831737143,True
conventional24,W1C,67,G,fixed,none,67,1.0,G,0.9976270043968976,glycine,0.9976270043968976,0.994240831808988,0.9911732456399632,0.0034341637331705,0.0,,0.0,0.0,True
conventional24,W1C,68,V,editable,none,68,1.0,N,0.2616930593257684,polar,0.4897181121817692,0.3063088690699302,0.3552310426408895,0.0110455984356759,1.327847242355347,,0.208541578663609,0.5668207680778344,False
conventional24,W1C,69,Q,editable,none,69,1.0,R,0.3277312414833944,basic,0.6396309062234704,0.3461894815558213,0.4159401826750644,0.0476293351915147,3.4206199645996094,,0.2039248052350799,0.8903954636788927,False
conventional24,W1C,92,Y,editable,none,92,1.0,Y,0.5548584422767627,aromatic,0.8425922479907035,0.5883935441414059,0.7097952803742985,0.0,4.378256320953369,,0.8452766868329271,0.6018414134283337,False
conventional24,W1C,94,Q,editable,hbond,94,1.0,W,0.4532432771217071,aromatic,0.5616281222919792,0.420554451116197,0.5041956158492447,0.0295708423190646,2.9600610733032227,0.8634125359852144,0.5616281222919791,0.8634125359852144,False
conventional24,W1C,96,R,fixed,none,96,1.0,R,0.990812270576496,basic,1.0,0.9819988119618076,1.0,0.0356546770917238,2.6702418327331543,,0.0,0.9999999999999999,True
conventional24,W1C,112,V,editable,none,112,0.9973787680209698,I,0.3235341401082222,aliphatic,0.5314550261523421,0.4245286658910918,0.4063355822500318,0.0023134638523233,3.6002357006073,,0.2210689336198482,0.4670886696297224,False
conventional24,W1C,121,N,editable,none,121,0.9973787680209698,Y,0.3155586620805021,polar,0.3564666910845089,0.4136888829919863,0.2266627467206347,0.0092334246024107,3.695613384246826,,0.46619382146045163,0.8219272916405056,False
conventional24,W1C,146,I,editable,none,146,0.9960681520314548,P,0.5554036888069339,proline,0.5554036888069339,0.4713102892881545,0.3226969741296622,0.1975723266601562,4.530325889587402,,0.0421802459432416,0.2466099920906416,False
conventional24,W1C,147,S,editable,none,147,0.9960681520314548,S,0.5882605631978948,polar,0.7979807042566904,0.4769437630366783,0.5520569464114019,0.3996414430679813,5.148030757904053,,0.0175774303893108,0.8242288697121707,False
conventional24,W1C,148,H,editable,none,148,0.9960681520314548,T,0.3522699337305357,polar,0.4521290514781806,0.2874284113850636,0.1786738342424533,0.0335692805903298,3.3015193939208984,,0.2069426349722487,0.7477324972748837,False
conventional24,W1C,150,V,editable,none,150,0.9921363040629096,K,0.292068974199459,basic,0.4633008421954812,0.250002840187168,0.4095367166882239,0.0023134638523233,3.576688766479492,,0.06864773656965491,0.6293581480020329,False
conventional24,W1C,165,F,editable,none,165,0.9947575360419396,V,0.252575444842447,aliphatic,0.4299713193026453,0.2709083185241666,0.2913157316625191,0.0345889329910278,3.5851728916168213,,0.3404306911820697,0.2539481235478833,False
conventional24,W1C,167,I,editable,none,167,0.9947575360419396,M,0.3495225783201012,aliphatic,0.6607101243523014,0.2269156984448962,0.3988493604650387,0.0,3.676437139511109,,0.1042755781712911,0.3098934177053367,False
conventional24,W1C,203,T,editable,none,203,0.9973787680209698,H,0.3653301121291207,basic,0.5991238726836094,0.3119132379381878,0.3687803722115541,0.0236328618471012,3.544808864593506,,0.4271111455153933,0.8717938708787026,False
conventional24,W1C,205,S,editable,hbond,205,0.9973787680209698,L,0.3037878245470045,aliphatic,0.676548518285065,0.3427989521649046,0.5632515889141915,0.0896575435515373,3.995230674743652,0.3050657196162195,0.0355024951420293,0.3050657196162195,False
conventional24,W1C,220,L,editable,none,220,0.9934469200524246,L,0.4384755805937528,aliphatic,0.6149920649693413,0.5051624509947125,0.5458651356254733,0.0057822809883611,3.7045297622680655,,0.0474790627476177,0.3414299761158066,False
conventional24,W1C,222,E,fixed,none,222,0.9973787680209698,E,0.9456906328579144,acidic,0.9469719284249962,0.9006756582146256,0.8529176843514052,0.0178209548573857,2.734550952911377,,0.0,0.9704540240933041,True
EGFP,EGFP,43,L,editable,none,42,0.9973787680209698,Q,0.4781060606883464,polar,0.4963759808617817,0.4115868611197624,0.3555569519637959,0.0260351000733636,3.422226428985596,,0.1391769603817275,0.6119251451399674,False
EGFP,EGFP,45,L,editable,none,44,0.9973787680209698,L,0.235084652291817,aliphatic,0.793289295350877,0.2801018100881152,0.6301158364089667,0.0060081001537949,4.30495023727417,,0.0045613448373717,0.14510976139897488,False
EGFP,EGFP,47,F,editable,none,46,0.9973787680209698,L,0.3947880379327619,aliphatic,0.7298224613559946,0.4237633249303617,0.6856357300940457,0.0,5.331122398376465,,0.2681890826155981,0.0714569480305388,False
EGFP,EGFP,61,L,editable,none,60,1.0,L,0.8397483249800257,aliphatic,1.0,0.8037886965082748,1.0,0.0,4.841289520263672,,0.0,0.0,True
EGFP,EGFP,62,V,editable,none,61,1.0,S,0.3351386071825256,polar,0.4786929782174166,0.3597254873702923,0.4808123692613391,0.0,2.901694059371948,,0.0,0.4800762180070008,False
EGFP,EGFP,63,T,editable,none,62,1.0,T,0.4497277059936817,polar,0.5431734278145725,0.431211239349668,0.3630472853424568,0.0124588262203127,2.915830612182617,,0.0988520607091794,0.6844198641564895,False
EGFP,EGFP,64,T,editable,none,63,1.0,T,0.2391090598130673,polar,0.5416818127764231,0.2537148988175461,0.4171967832618755,0.0410363147425097,3.359091758728028,,0.0233298591785343,0.5650116719549573,False
EGFP,EGFP,65,L,editable,none,64,1.0,F,0.5035139281915332,aromatic,0.5035139281915332,0.4953116214791273,0.4585722582033482,0.0016772612929344,1.3350549936294556,,0.5096784107011496,0.053659709373622105,False
EGFP,EGFP,66,T,editable,none,65,1.0,Q,0.1954685091015756,polar,0.3934687291418402,0.2176233200086887,0.1687668185237535,0.0118139020858272,0.0,,0.08512946049563411,0.5270465642026374,False
EGFP,EGFP,67,Y,editable,aromatic,66,1.0,Y,0.9105966838848194,aromatic,0.9448225557647424,0.8574358276008713,0.8785051033206344,0.0104249892579285,0.0,0.952706230985442,0.952706230985442,0.9898539831737143,True
EGFP,EGFP,68,G,fixed,none,67,1.0,G,0.9976270043968976,glycine,0.9976270043968976,0.994240831808988,0.9911732456399632,0.0034341637331705,0.0,,0.0,0.0,True
EGFP,EGFP,69,V,editable,none,68,1.0,N,0.2616930593257684,polar,0.4897181121817692,0.3063088690699302,0.3552310426408895,0.0110455984356759,1.327847242355347,,0.208541578663609,0.5668207680778344,False
EGFP,EGFP,70,Q,editable,none,69,1.0,R,0.3277312414833944,basic,0.6396309062234704,0.3461894815558213,0.4159401826750644,0.0476293351915147,3.4206199645996094,,0.2039248052350799,0.8903954636788927,False
EGFP,EGFP,93,Y,editable,none,92,1.0,Y,0.5548584422767627,aromatic,0.8425922479907035,0.5883935441414059,0.7097952803742985,0.0,4.378256320953369,,0.8452766868329271,0.6018414134283337,False
EGFP,EGFP,95,Q,editable,hbond,94,1.0,W,0.4532432771217071,aromatic,0.5616281222919792,0.420554451116197,0.5041956158492447,0.0295708423190646,2.9600610733032227,0.8634125359852144,0.5616281222919791,0.8634125359852144,False
EGFP,EGFP,97,R,fixed,none,96,1.0,R,0.990812270576496,basic,1.0,0.9819988119618076,1.0,0.0356546770917238,2.6702418327331543,,0.0,0.9999999999999999,True
EGFP,EGFP,113,V,editable,none,112,0.9973787680209698,I,0.3235341401082222,aliphatic,0.5314550261523421,0.4245286658910918,0.4063355822500318,0.0023134638523233,3.6002357006073,,0.2210689336198482,0.4670886696297224,False
EGFP,EGFP,122,N,editable,none,121,0.9973787680209698,Y,0.3155586620805021,polar,0.3564666910845089,0.4136888829919863,0.2266627467206347,0.0092334246024107,3.695613384246826,,0.46619382146045163,0.8219272916405056,False
EGFP,EGFP,146,Y,editable,none,145,0.9960681520314548,E,0.4858134597770824,acidic,0.599563836313089,0.353942400496251,0.3337171308905095,0.1120083087297446,3.7188854217529297,,0.1356496157016224,0.7525417983955821,False
EGFP,EGFP,147,N,editable,none,146,0.9960681520314548,P,0.5554036888069339,proline,0.5554036888069339,0.4713102892881545,0.3226969741296622,0.1975723266601562,4.530325889587402,,0.0421802459432416,0.2466099920906416,False
EGFP,EGFP,149,H,editable,hbond,148,0.9960681520314548,T,0.3522699337305357,polar,0.4521290514781806,0.2874284113850636,0.1786738342424533,0.0335692805903298,3.3015193939208984,0.7477324972748837,0.2069426349722487,0.7477324972748837,False
EGFP,EGFP,151,V,editable,none,150,0.9921363040629096,K,0.292068974199459,basic,0.4633008421954812,0.250002840187168,0.4095367166882239,0.0023134638523233,3.576688766479492,,0.06864773656965491,0.6293581480020329,False
EGFP,EGFP,166,F,editable,none,165,0.9947575360419396,V,0.252575444842447,aliphatic,0.4299713193026453,0.2709083185241666,0.2913157316625191,0.0345889329910278,3.5851728916168213,,0.3404306911820697,0.2539481235478833,False
EGFP,EGFP,168,I,editable,none,167,0.9947575360419396,M,0.3495225783201012,aliphatic,0.6607101243523014,0.2269156984448962,0.3988493604650387,0.0,3.676437139511109,,0.1042755781712911,0.3098934177053367,False
EGFP,EGFP,204,T,editable,hbond,203,0.9973787680209698,H,0.3653301121291207,basic,0.5991238726836094,0.3119132379381878,0.3687803722115541,0.0236328618471012,3.544808864593506,0.8717938708787026,0.4271111455153933,0.8717938708787026,False
EGFP,EGFP,206,S,editable,none,205,0.9973787680209698,L,0.3037878245470045,aliphatic,0.676548518285065,0.3427989521649046,0.5632515889141915,0.0896575435515373,3.995230674743652,,0.0355024951420293,0.3050657196162195,False
EGFP,EGFP,221,L,editable,none,220,0.9934469200524246,L,0.4384755805937528,aliphatic,0.6149920649693413,0.5051624509947125,0.5458651356254733,0.0057822809883611,3.7045297622680655,,0.0474790627476177,0.3414299761158066,False
EGFP,EGFP,223,E,fixed,none,222,0.9973787680209698,E,0.9456906328579144,acidic,0.9469719284249962,0.9006756582146256,0.8529176843514052,0.0178209548573857,2.734550952911377,,0.0,0.9704540240933041,True
avGFP,avGFP,42,L,editable,none,42,0.9973787680209698,Q,0.4781060606883464,polar,0.4963759808617817,0.4115868611197624,0.3555569519637959,0.0260351000733636,3.422226428985596,,0.1391769603817275,0.6119251451399674,False
avGFP,avGFP,44,L,editable,none,44,0.9973787680209698,L,0.235084652291817,aliphatic,0.793289295350877,0.2801018100881152,0.6301158364089667,0.0060081001537949,4.30495023727417,,0.0045613448373717,0.14510976139897488,False
avGFP,avGFP,60,L,editable,none,60,1.0,L,0.8397483249800257,aliphatic,1.0,0.8037886965082748,1.0,0.0,4.841289520263672,,0.0,0.0,True
avGFP,avGFP,61,V,editable,none,61,1.0,S,0.3351386071825256,polar,0.4786929782174166,0.3597254873702923,0.4808123692613391,0.0,2.901694059371948,,0.0,0.4800762180070008,False
avGFP,avGFP,62,T,editable,none,62,1.0,T,0.4497277059936817,polar,0.5431734278145725,0.431211239349668,0.3630472853424568,0.0124588262203127,2.915830612182617,,0.0988520607091794,0.6844198641564895,False
avGFP,avGFP,63,T,editable,none,63,1.0,T,0.2391090598130673,polar,0.5416818127764231,0.2537148988175461,0.4171967832618755,0.0410363147425097,3.359091758728028,,0.0233298591785343,0.5650116719549573,False
avGFP,avGFP,64,F,editable,none,64,1.0,F,0.5035139281915332,aromatic,0.5035139281915332,0.4953116214791273,0.4585722582033482,0.0016772612929344,1.3350549936294556,,0.5096784107011496,0.053659709373622105,False
avGFP,avGFP,65,S,editable,none,65,1.0,Q,0.1954685091015756,polar,0.3934687291418402,0.2176233200086887,0.1687668185237535,0.0118139020858272,0.0,,0.08512946049563411,0.5270465642026374,False
avGFP,avGFP,66,Y,editable,aromatic,66,1.0,Y,0.9105966838848194,aromatic,0.9448225557647424,0.8574358276008713,0.8785051033206344,0.0104249892579285,0.0,0.952706230985442,0.952706230985442,0.9898539831737143,True
avGFP,avGFP,67,G,fixed,none,67,1.0,G,0.9976270043968976,glycine,0.9976270043968976,0.994240831808988,0.9911732456399632,0.0034341637331705,0.0,,0.0,0.0,True
avGFP,avGFP,68,V,editable,none,68,1.0,N,0.2616930593257684,polar,0.4897181121817692,0.3063088690699302,0.3552310426408895,0.0110455984356759,1.327847242355347,,0.208541578663609,0.5668207680778344,False
avGFP,avGFP,69,Q,editable,none,69,1.0,R,0.3277312414833944,basic,0.6396309062234704,0.3461894815558213,0.4159401826750644,0.0476293351915147,3.4206199645996094,,0.2039248052350799,0.8903954636788927,False
avGFP,avGFP,92,Y,editable,none,92,1.0,Y,0.5548584422767627,aromatic,0.8425922479907035,0.5883935441414059,0.7097952803742985,0.0,4.378256320953369,,0.8452766868329271,0.6018414134283337,False
avGFP,avGFP,94,Q,editable,hbond,94,1.0,W,0.4532432771217071,aromatic,0.5616281222919792,0.420554451116197,0.5041956158492447,0.0295708423190646,2.9600610733032227,0.8634125359852144,0.5616281222919791,0.8634125359852144,False
avGFP,avGFP,96,R,fixed,none,96,1.0,R,0.990812270576496,basic,1.0,0.9819988119618076,1.0,0.0356546770917238,2.6702418327331543,,0.0,0.9999999999999999,True
avGFP,avGFP,112,V,editable,none,112,0.9973787680209698,I,0.3235341401082222,aliphatic,0.5314550261523421,0.4245286658910918,0.4063355822500318,0.0023134638523233,3.6002357006073,,0.2210689336198482,0.4670886696297224,False
avGFP,avGFP,121,N,editable,none,121,0.9973787680209698,Y,0.3155586620805021,polar,0.3564666910845089,0.4136888829919863,0.2266627467206347,0.0092334246024107,3.695613384246826,,0.46619382146045163,0.8219272916405056,False
avGFP,avGFP,145,Y,editable,none,145,0.9960681520314548,E,0.4858134597770824,acidic,0.599563836313089,0.353942400496251,0.3337171308905095,0.1120083087297446,3.7188854217529297,,0.1356496157016224,0.7525417983955821,False
avGFP,avGFP,146,N,editable,none,146,0.9960681520314548,P,0.5554036888069339,proline,0.5554036888069339,0.4713102892881545,0.3226969741296622,0.1975723266601562,4.530325889587402,,0.0421802459432416,0.2466099920906416,False
avGFP,avGFP,148,H,editable,hbond,148,0.9960681520314548,T,0.3522699337305357,polar,0.4521290514781806,0.2874284113850636,0.1786738342424533,0.0335692805903298,3.3015193939208984,0.7477324972748837,0.2069426349722487,0.7477324972748837,False
avGFP,avGFP,150,V,editable,none,150,0.9921363040629096,K,0.292068974199459,basic,0.4633008421954812,0.250002840187168,0.4095367166882239,0.0023134638523233,3.576688766479492,,0.06864773656965491,0.6293581480020329,False
avGFP,avGFP,165,F,editable,none,165,0.9947575360419396,V,0.252575444842447,aliphatic,0.4299713193026453,0.2709083185241666,0.2913157316625191,0.0345889329910278,3.5851728916168213,,0.3404306911820697,0.2539481235478833,False
avGFP,avGFP,167,I,editable,none,167,0.9947575360419396,M,0.3495225783201012,aliphatic,0.6607101243523014,0.2269156984448962,0.3988493604650387,0.0,3.676437139511109,,0.1042755781712911,0.3098934177053367,False
avGFP,avGFP,183,Q,editable,none,183,0.9973787680209698,K,0.3394823975916853,basic,0.5467179163929808,0.4065857343891257,0.4576184547106032,0.0394706344604492,4.799337863922119,,0.0384441556538701,0.9485515071450614,False
avGFP,avGFP,203,T,editable,none,203,0.9973787680209698,H,0.3653301121291207,basic,0.5991238726836094,0.3119132379381878,0.3687803722115541,0.0236328618471012,3.544808864593506,,0.4271111455153933,0.8717938708787026,False
avGFP,avGFP,205,S,editable,none,205,0.9973787680209698,L,0.3037878245470045,aliphatic,0.676548518285065,0.3427989521649046,0.5632515889141915,0.0896575435515373,3.995230674743652,,0.0355024951420293,0.3050657196162195,False
avGFP,avGFP,220,L,editable,none,220,0.9934469200524246,L,0.4384755805937528,aliphatic,0.6149920649693413,0.5051624509947125,0.5458651356254733,0.0057822809883611,3.7045297622680655,,0.0474790627476177,0.3414299761158066,False
avGFP,avGFP,222,E,fixed,none,222,0.9973787680209698,E,0.9456906328579144,acidic,0.9469719284249962,0.9006756582146256,0.8529176843514052,0.0178209548573857,2.734550952911377,,0.0,0.9704540240933041,True
