target,lam_p,lam_b,lam_e,trial,round,trials_avail,n_mut,d_ex,d_em,peak_err,nn_dist,logit,is_id,is_bright,scaf_err
EBFP,10.0,40.0,10.0,0,1,12,12,32.69999999999999,31.100000000000023,31.91,28.685672760009766,-0.5167,True,False,87.5
EBFP,10.0,40.0,10.0,0,2,12,7,43.30000000000001,31.899999999999977,37.63,24.08992576599121,3.8511,True,True,87.5
EBFP,10.0,40.0,10.0,0,3,12,8,37.30000000000001,29.80000000000001,33.51,27.963186264038086,3.6868,True,True,87.5
EBFP,10.0,40.0,10.0,1,1,12,12,37.69999999999999,35.89999999999998,36.79,28.108020782470703,1.1615,True,True,87.5
EBFP,10.0,40.0,10.0,1,2,12,11,26.30000000000001,39.0,32.65,29.36968231201172,1.2769,True,True,87.5
EBFP,10.0,40.0,10.0,1,3,12,11,34.30000000000001,27.5,30.88,30.363786697387695,0.5655,False,True,87.5
EBFP,10.0,40.0,10.0,2,1,12,9,37.10000000000002,43.19999999999999,40.16,26.215669631958008,-0.4313,True,False,87.5
EBFP,10.0,40.0,10.0,2,2,12,10,52.30000000000001,37.69999999999999,45.0,25.71213722229004,5.1759,True,True,87.5
EBFP,10.0,40.0,10.0,2,3,12,8,49.69999999999999,36.39999999999998,43.06,25.95566177368164,5.0288,True,True,87.5
EBFP,10.0,40.0,10.0,3,1,12,11,45.30000000000001,36.30000000000001,40.81,27.375476837158203,-0.5766,True,False,87.5
EBFP,10.0,40.0,10.0,3,2,12,10,35.5,24.399999999999977,29.99,27.629188537597656,0.1085,True,True,87.5
EBFP,10.0,40.0,10.0,3,3,12,11,34.19999999999999,26.600000000000023,30.41,28.15501594543457,1.0031,True,True,87.5
EBFP,10.0,40.0,10.0,4,1,12,8,40.10000000000002,29.69999999999999,34.85,25.761831283569336,4.9455,True,True,87.5
EBFP,10.0,40.0,10.0,4,2,12,8,40.69999999999999,30.399999999999977,35.59,27.334915161132812,1.9834,True,True,87.5
EBFP,10.0,40.0,10.0,4,3,12,8,38.69999999999999,32.19999999999999,35.48,27.86564064025879,3.1815,True,True,87.5
EBFP,10.0,40.0,10.0,5,1,12,9,92.80000000000001,55.30000000000001,74.05,28.018407821655273,-2.492,True,False,87.5
EBFP,10.0,40.0,10.0,5,2,12,11,30.80000000000001,37.60000000000002,34.2,28.46982765197754,0.7853,True,True,87.5
EBFP,10.0,40.0,10.0,5,3,12,11,38.69999999999999,31.30000000000001,35.01,26.419729232788086,2.7207,True,True,87.5
EBFP,10.0,40.0,10.0,6,1,12,10,44.69999999999999,30.399999999999977,37.55,25.336366653442383,3.8994,True,True,87.5
EBFP,10.0,40.0,10.0,6,2,12,10,29.600000000000023,33.60000000000002,31.59,31.495100021362305,2.4501,False,True,87.5
EBFP,10.0,40.0,10.0,6,3,12,9,44.39999999999998,32.10000000000002,38.26,29.128469467163086,1.6638,True,True,87.5
EBFP,10.0,40.0,10.0,7,1,12,9,49.0,34.80000000000001,41.92,24.85942268371582,-0.9033,True,False,87.5
EBFP,10.0,40.0,10.0,7,2,12,8,47.60000000000002,37.69999999999999,42.65,25.375959396362305,3.5182,True,True,87.5
EBFP,10.0,40.0,10.0,7,3,12,9,40.30000000000001,34.89999999999998,37.56,31.29922866821289,-1.6826,False,False,87.5
EBFP,10.0,40.0,10.0,8,1,12,8,41.10000000000002,30.100000000000023,35.6,24.971088409423828,4.3419,True,True,87.5
EBFP,10.0,40.0,10.0,8,2,12,11,35.0,33.19999999999999,34.12,29.845623016357422,3.4156,True,True,87.5
EBFP,10.0,40.0,10.0,8,3,12,7,41.10000000000002,31.899999999999977,36.51,30.435190200805664,1.1869,False,True,87.5
EBFP,10.0,40.0,10.0,9,1,12,8,36.39999999999998,27.600000000000023,32.01,24.83114242553711,1.8373,True,True,87.5
EBFP,10.0,40.0,10.0,9,2,12,9,43.5,34.89999999999998,39.19,32.118377685546875,2.2132,False,True,87.5
EBFP,10.0,40.0,10.0,9,3,12,7,58.19999999999999,37.89999999999998,48.07,29.500564575195312,2.205,True,True,87.5
EBFP,10.0,40.0,10.0,10,1,12,12,30.0,29.899999999999977,29.94,32.83430099487305,-2.269,False,False,87.5
EBFP,10.0,40.0,10.0,10,2,12,10,53.19999999999999,37.60000000000002,45.37,27.57267951965332,-1.1115,True,False,87.5
EBFP,10.0,40.0,10.0,10,3,12,8,48.0,35.19999999999999,41.63,25.965328216552734,3.1775,True,True,87.5
EBFP,10.0,40.0,10.0,11,1,12,10,33.80000000000001,32.60000000000002,33.16,33.89690017700195,-0.3159,False,False,87.5
EBFP,10.0,40.0,10.0,11,2,12,15,34.89999999999998,43.89999999999998,39.39,35.488800048828125,2.8951,False,True,87.5
EBFP,10.0,40.0,10.0,11,3,12,11,31.600000000000023,35.10000000000002,33.38,31.568552017211914,0.2951,False,True,87.5
mOrange,10.0,40.0,10.0,0,1,12,7,62.19999999999999,56.19999999999999,59.2,21.295101165771484,-3.9168,True,False,57.5
mOrange,10.0,40.0,10.0,0,2,12,10,54.89999999999998,50.30000000000001,52.61,30.28814697265625,0.3292,False,True,57.5
mOrange,10.0,40.0,10.0,0,3,12,12,77.19999999999999,59.39999999999998,68.29,34.13101577758789,-1.9466,False,False,57.5
mOrange,10.0,40.0,10.0,1,1,12,9,63.89999999999998,56.80000000000001,60.37,27.693172454833984,-3.3443,True,False,57.5
mOrange,10.0,40.0,10.0,1,2,12,10,58.30000000000001,53.69999999999999,56.02,29.532608032226562,-2.1423,True,False,57.5
mOrange,10.0,40.0,10.0,1,3,12,9,60.39999999999998,55.19999999999999,57.79,25.93253517150879,0.8667,True,True,57.5
mOrange,10.0,40.0,10.0,2,1,12,7,63.69999999999999,58.30000000000001,61.0,22.119028091430664,-2.4922,True,False,57.5
mOrange,10.0,40.0,10.0,2,2,12,8,86.89999999999998,61.0,73.94,27.57183265686035,-1.9769,True,False,57.5
mOrange,10.0,40.0,10.0,2,3,12,11,51.80000000000001,44.200000000000045,48.0,26.35671043395996,-2.0832,True,False,57.5
mOrange,10.0,40.0,10.0,3,1,12,9,55.80000000000001,51.19999999999999,53.51,25.58380889892578,-4.3645,True,False,57.5
mOrange,10.0,40.0,10.0,3,2,12,10,59.10000000000002,52.69999999999999,55.91,27.644346237182617,-1.0897,True,False,57.5
mOrange,10.0,40.0,10.0,3,3,12,10,59.80000000000001,53.39999999999998,56.59,28.65869140625,1.5043,True,True,57.5
mOrange,10.0,40.0,10.0,4,1,12,8,63.10000000000002,57.60000000000002,60.38,26.155550003051758,-2.4252,True,False,57.5
mOrange,10.0,40.0,10.0,4,2,12,11,63.10000000000002,55.60000000000002,59.39,32.28512954711914,0.4334,False,True,57.5
mOrange,10.0,40.0,10.0,4,3,12,11,61.30000000000001,52.5,56.93,30.22037124633789,-0.0203,False,False,57.5
mOrange,10.0,40.0,10.0,5,1,12,8,54.5,51.0,52.73,22.83298110961914,-3.904,True,False,57.5
mOrange,10.0,40.0,10.0,5,2,12,9,53.5,50.80000000000001,52.15,30.598739624023438,-4.2882,False,False,57.5
mOrange,10.0,40.0,10.0,5,3,12,9,43.39999999999998,33.200000000000045,38.29,28.84041404724121,0.3191,True,True,57.5
mOrange,10.0,40.0,10.0,6,1,12,10,56.80000000000001,53.30000000000001,55.05,24.02825355529785,-3.6091,True,False,57.5
mOrange,10.0,40.0,10.0,6,2,12,8,53.69999999999999,50.5,52.09,24.584936141967773,-4.1874,True,False,57.5
mOrange,10.0,40.0,10.0,6,3,12,8,59.89999999999998,53.80000000000001,56.83,28.477815628051758,-1.0929,True,False,57.5
mOrange,10.0,40.0,10.0,7,1,12,6,59.69999999999999,54.80000000000001,57.22,19.852928161621094,-4.2801,True,False,57.5
mOrange,10.0,40.0,10.0,7,2,12,8,65.19999999999999,54.69999999999999,59.98,26.363435745239258,1.8636,True,True,57.5
mOrange,10.0,40.0,10.0,7,3,12,10,55.80000000000001,46.5,51.16,29.332386016845703,0.1541,True,True,57.5
mOrange,10.0,40.0,10.0,8,1,12,7,66.60000000000002,59.80000000000001,63.22,29.516620635986328,-1.3844,True,False,57.5
mOrange,10.0,40.0,10.0,8,2,12,10,59.69999999999999,47.299999999999955,53.46,36.16590881347656,-3.1543,False,False,57.5
mOrange,10.0,40.0,10.0,8,3,12,7,46.89999999999998,41.299999999999955,44.1,27.702308654785156,0.1726,True,True,57.5
mOrange,10.0,40.0,10.0,9,1,12,11,61.0,58.30000000000001,59.65,31.604097366333008,-4.632,False,False,57.5
mOrange,10.0,40.0,10.0,9,2,12,12,49.5,47.299999999999955,48.36,22.988571166992188,-3.0259,True,False,57.5
mOrange,10.0,40.0,10.0,9,3,12,14,41.60000000000002,39.0,40.33,33.45558166503906,-3.1455,False,False,57.5
mOrange,10.0,40.0,10.0,10,1,12,11,47.60000000000002,50.39999999999998,48.99,26.3304500579834,-4.2244,True,False,57.5
mOrange,10.0,40.0,10.0,10,2,12,9,49.0,49.700000000000045,49.34,25.95757484436035,-1.7956,True,False,57.5
mOrange,10.0,40.0,10.0,10,3,12,8,58.89999999999998,48.799999999999955,53.84,30.438085556030273,-1.564,False,False,57.5
mOrange,10.0,40.0,10.0,11,1,12,9,52.80000000000001,50.19999999999999,51.52,25.874784469604492,0.7165,True,True,57.5
mOrange,10.0,40.0,10.0,11,2,12,9,47.0,45.39999999999998,46.23,30.79024887084961,-1.1934,False,False,57.5
mOrange,10.0,40.0,10.0,11,3,12,9,54.39999999999998,50.89999999999998,52.61,32.17338943481445,-3.4677,False,False,57.5
EBFP,10.0,40.0,15.0,0,1,12,8,57.69999999999999,41.19999999999999,49.45,28.927701950073242,-3.8957,True,False,87.5
EBFP,10.0,40.0,15.0,0,2,12,7,40.10000000000002,35.89999999999998,37.96,24.291566848754883,1.6782,True,True,87.5
EBFP,10.0,40.0,15.0,0,3,12,6,43.10000000000002,38.30000000000001,40.72,25.018123626708984,-1.2717,True,False,87.5
EBFP,10.0,40.0,15.0,1,1,12,10,45.39999999999998,33.0,39.19,28.26969337463379,1.161,True,True,87.5
EBFP,10.0,40.0,15.0,1,2,12,9,38.19999999999999,42.30000000000001,40.23,27.79850196838379,1.574,True,True,87.5
EBFP,10.0,40.0,15.0,1,3,12,8,37.69999999999999,40.80000000000001,39.23,27.102874755859375,-0.4372,True,False,87.5
EBFP,10.0,40.0,15.0,2,1,12,7,43.80000000000001,36.80000000000001,40.31,25.275808334350586,-0.8948,True,False,87.5
EBFP,10.0,40.0,15.0,2,2,12,9,38.30000000000001,28.0,33.15,26.448213577270508,-0.6479,True,False,87.5
EBFP,10.0,40.0,15.0,3,1,12,8,45.5,38.60000000000002,42.06,26.859451293945312,1.0035,True,True,87.5
EBFP,10.0,40.0,15.0,3,2,12,9,45.89999999999998,41.69999999999999,43.81,25.928356170654297,-1.5187,True,False,87.5
EBFP,10.0,40.0,15.0,3,3,12,10,39.60000000000002,29.399999999999977,34.5,24.312175750732422,0.4796,True,True,87.5
EBFP,10.0,40.0,15.0,4,1,12,7,40.0,35.5,37.71,22.698610305786133,2.804,True,True,87.5
EBFP,10.0,40.0,15.0,4,2,12,8,40.0,30.600000000000023,35.29,27.046396255493164,2.8204,True,True,87.5
EBFP,10.0,40.0,15.0,4,3,12,7,42.19999999999999,32.69999999999999,37.45,26.07573699951172,4.1658,True,True,87.5
EBFP,10.0,40.0,15.0,5,1,12,7,94.80000000000001,56.5,75.66,23.75168228149414,-2.7811,True,False,87.5
EBFP,10.0,40.0,15.0,5,2,12,9,37.0,29.399999999999977,33.19,24.005870819091797,3.1549,True,True,87.5
EBFP,10.0,40.0,15.0,5,3,12,9,38.5,32.30000000000001,35.39,24.877111434936523,2.8436,True,True,87.5
EBFP,10.0,40.0,15.0,6,1,12,7,43.0,31.600000000000023,37.28,23.459402084350586,4.2211,True,True,87.5
EBFP,10.0,40.0,15.0,6,2,12,8,38.89999999999998,32.10000000000002,35.54,26.265457153320312,4.0461,True,True,87.5
EBFP,10.0,40.0,15.0,6,3,12,9,41.19999999999999,31.69999999999999,36.43,25.512683868408203,5.0669,True,True,87.5
EBFP,10.0,40.0,15.0,7,1,12,7,49.89999999999998,36.30000000000001,43.06,23.5124568939209,-0.6676,True,False,87.5
EBFP,10.0,40.0,15.0,7,2,12,7,50.5,37.89999999999998,44.19,25.3941593170166,4.8789,True,True,87.5
EBFP,10.0,40.0,15.0,7,3,12,7,44.89999999999998,33.30000000000001,39.1,24.90865707397461,4.4696,True,True,87.5
EBFP,10.0,40.0,15.0,8,1,12,8,41.10000000000002,30.100000000000023,35.6,24.971088409423828,4.3419,True,True,87.5
EBFP,10.0,40.0,15.0,8,2,12,7,48.89999999999998,40.80000000000001,44.87,29.475812911987305,3.69,True,True,87.5
EBFP,10.0,40.0,15.0,8,3,12,9,50.89999999999998,43.80000000000001,47.33,29.73196792602539,-2.8838,True,False,87.5
EBFP,10.0,40.0,15.0,9,1,12,10,59.0,39.39999999999998,49.22,28.977771759033203,-2.9074,True,False,87.5
EBFP,10.0,40.0,15.0,9,2,12,8,39.30000000000001,30.100000000000023,34.69,27.13874626159668,2.2583,True,True,87.5
EBFP,10.0,40.0,15.0,9,3,12,7,17.600000000000023,21.100000000000023,19.35,28.95387840270996,1.588,True,True,87.5
EBFP,10.0,40.0,15.0,10,1,12,9,43.19999999999999,36.0,39.6,22.015228271484375,-0.9587,True,False,87.5
EBFP,10.0,40.0,15.0,10,2,12,7,49.19999999999999,40.39999999999998,44.78,28.74207878112793,3.0274,True,True,87.5
EBFP,10.0,40.0,15.0,10,3,12,9,46.60000000000002,41.30000000000001,43.92,33.09685134887695,0.1119,False,True,87.5
EBFP,10.0,40.0,15.0,11,1,12,9,33.69999999999999,34.39999999999998,34.09,33.29259490966797,0.5994,False,True,87.5
EBFP,10.0,40.0,15.0,11,2,12,10,26.100000000000023,33.69999999999999,29.91,28.451122283935547,1.3387,True,True,87.5
EBFP,10.0,40.0,15.0,11,3,12,9,26.0,33.30000000000001,29.68,28.552162170410156,2.7218,True,True,87.5
mOrange,10.0,40.0,15.0,0,1,12,6,65.30000000000001,57.5,61.38,21.51512336730957,-2.9872,True,False,57.5
mOrange,10.0,40.0,15.0,0,2,12,7,61.10000000000002,51.80000000000001,56.45,25.663827896118164,1.5821,True,True,57.5
mOrange,10.0,40.0,15.0,0,3,12,7,73.0,52.69999999999999,62.87,26.464324951171875,3.0262,True,True,57.5
mOrange,10.0,40.0,15.0,1,1,12,9,63.89999999999998,56.80000000000001,60.37,27.693172454833984,-3.3443,True,False,57.5
mOrange,10.0,40.0,15.0,1,2,12,10,58.30000000000001,53.69999999999999,56.02,29.532608032226562,-2.1423,True,False,57.5
mOrange,10.0,40.0,15.0,1,3,12,8,62.89999999999998,56.60000000000002,59.72,28.705810546875,-0.1972,True,False,57.5
mOrange,10.0,40.0,15.0,2,1,12,5,56.30000000000001,53.19999999999999,54.75,18.806346893310547,-5.1343,True,False,57.5
mOrange,10.0,40.0,15.0,2,2,12,6,59.39999999999998,54.60000000000002,57.05,21.056232452392578,-3.8243,True,False,57.5
mOrange,10.0,40.0,15.0,2,3,12,9,57.69999999999999,52.60000000000002,55.12,23.725933074951172,-2.8426,True,False,57.5
mOrange,10.0,40.0,15.0,3,1,12,8,61.89999999999998,56.5,59.23,24.301490783691406,-0.4834,True,False,57.5
mOrange,10.0,40.0,15.0,3,2,12,6,61.30000000000001,56.0,58.65,30.316160202026367,-0.006,False,False,57.5
mOrange,10.0,40.0,15.0,3,3,12,6,61.5,57.10000000000002,59.3,30.277551651000977,-2.7671,False,False,57.5
mOrange,10.0,40.0,15.0,4,1,12,8,54.0,49.0,51.52,29.857507705688477,-3.4067,True,False,57.5
mOrange,10.0,40.0,15.0,4,2,12,8,45.69999999999999,44.39999999999998,45.09,32.5803337097168,-1.4517,False,False,57.5
mOrange,10.0,40.0,15.0,4,3,12,10,50.19999999999999,46.0,48.12,33.12688446044922,-0.1101,False,False,57.5
mOrange,10.0,40.0,15.0,5,1,12,6,66.19999999999999,60.10000000000002,63.12,20.13836097717285,-3.242,True,False,57.5
mOrange,10.0,40.0,15.0,5,2,12,8,52.69999999999999,44.10000000000002,48.39,29.01105499267578,-0.7585,True,False,57.5
mOrange,10.0,40.0,15.0,5,3,12,7,68.30000000000001,56.39999999999998,62.38,26.659099578857422,3.0958,True,True,57.5
mOrange,10.0,40.0,15.0,6,1,12,9,55.39999999999998,52.39999999999998,53.9,27.291406631469727,-4.5833,True,False,57.5
mOrange,10.0,40.0,15.0,6,2,12,8,67.89999999999998,60.80000000000001,64.35,24.142107009887695,-1.4163,True,False,57.5
mOrange,10.0,40.0,15.0,6,3,12,8,63.0,54.69999999999999,58.82,25.39533805847168,0.2485,True,True,57.5
mOrange,10.0,40.0,15.0,7,1,12,5,58.30000000000001,53.80000000000001,56.06,17.705263137817383,-4.969,True,False,57.5
mOrange,10.0,40.0,15.0,7,2,12,6,59.60000000000002,32.799999999999955,46.21,27.963397979736328,1.2561,True,True,57.5
mOrange,10.0,40.0,15.0,7,3,12,6,55.80000000000001,27.399999999999977,41.56,31.70707130432129,0.8497,False,True,57.5
mOrange,10.0,40.0,15.0,8,1,12,7,66.60000000000002,59.80000000000001,63.22,29.516620635986328,-1.3844,True,False,57.5
mOrange,10.0,40.0,15.0,8,2,12,9,61.19999999999999,53.39999999999998,57.31,29.002199172973633,2.9268,True,True,57.5
mOrange,10.0,40.0,15.0,8,3,12,7,60.0,28.299999999999955,44.14,26.50968360900879,2.4252,True,True,57.5
mOrange,10.0,40.0,15.0,9,1,12,5,65.30000000000001,59.10000000000002,62.22,19.911991119384766,-4.4097,True,False,57.5
mOrange,10.0,40.0,15.0,9,2,12,12,50.30000000000001,47.299999999999955,48.78,31.949234008789062,-1.9873,False,False,57.5
mOrange,10.0,40.0,15.0,9,3,12,7,47.19999999999999,16.5,31.86,27.305278778076172,1.0874,True,True,57.5
mOrange,10.0,40.0,15.0,10,1,12,6,58.30000000000001,53.80000000000001,56.05,26.51226806640625,-4.2256,True,False,57.5
mOrange,10.0,40.0,15.0,10,2,12,9,61.39999999999998,56.39999999999998,58.91,24.75164031982422,-0.2998,True,False,57.5
mOrange,10.0,40.0,15.0,10,3,12,10,61.19999999999999,56.5,58.9,29.117406845092773,-3.0693,True,False,57.5
mOrange,10.0,40.0,15.0,11,1,12,7,65.0,60.30000000000001,62.64,23.468158721923828,-3.0835,True,False,57.5
mOrange,10.0,40.0,15.0,11,2,12,8,62.19999999999999,56.10000000000002,59.12,29.3123779296875,-2.7298,True,False,57.5
mOrange,10.0,40.0,15.0,11,3,12,7,53.69999999999999,42.700000000000045,48.22,24.19430160522461,-0.2867,True,False,57.5
EBFP,10.0,40.0,20.0,0,1,12,8,57.69999999999999,41.19999999999999,49.45,28.927701950073242,-3.8957,True,False,87.5
EBFP,10.0,40.0,20.0,0,2,12,7,40.10000000000002,35.89999999999998,37.96,24.291566848754883,1.6782,True,True,87.5
EBFP,10.0,40.0,20.0,0,3,12,6,43.10000000000002,38.30000000000001,40.72,25.018123626708984,-1.2717,True,False,87.5
EBFP,10.0,40.0,20.0,1,1,12,8,38.60000000000002,29.5,34.05,25.38846206665039,0.806,True,True,87.5
EBFP,10.0,40.0,20.0,1,2,12,7,42.0,32.80000000000001,37.44,23.458330154418945,3.7586,True,True,87.5
EBFP,10.0,40.0,20.0,1,3,12,6,53.80000000000001,39.60000000000002,46.7,24.136917114257812,4.1208,True,True,87.5
EBFP,10.0,40.0,20.0,2,1,12,7,47.30000000000001,37.89999999999998,42.63,22.7095890045166,-2.5938,True,False,87.5
EBFP,10.0,40.0,20.0,2,2,12,7,43.30000000000001,34.19999999999999,38.75,27.332645416259766,1.5926,True,True,87.5
EBFP,10.0,40.0,20.0,2,3,12,7,34.80000000000001,38.80000000000001,36.82,28.5181941986084,0.2852,True,True,87.5
EBFP,10.0,40.0,20.0,3,1,12,7,43.5,39.5,41.46,26.760181427001953,-2.0812,True,False,87.5
EBFP,10.0,40.0,20.0,3,2,12,9,44.39999999999998,37.19999999999999,40.82,27.499582290649414,1.6209,True,True,87.5
EBFP,10.0,40.0,20.0,3,3,12,8,45.69999999999999,33.30000000000001,39.53,25.38787841796875,1.5321,True,True,87.5
EBFP,10.0,40.0,20.0,4,1,12,8,51.69999999999999,41.5,46.61,25.10240936279297,-2.2242,True,False,87.5
EBFP,10.0,40.0,20.0,4,2,12,9,36.69999999999999,37.19999999999999,36.92,32.07621765136719,0.7053,False,True,87.5
EBFP,10.0,40.0,20.0,4,3,12,7,43.69999999999999,32.69999999999999,38.2,21.88573455810547,4.0875,True,True,87.5
EBFP,10.0,40.0,20.0,5,1,12,7,94.80000000000001,56.5,75.66,23.75168228149414,-2.7811,True,False,87.5
EBFP,10.0,40.0,20.0,5,2,12,8,79.19999999999999,47.89999999999998,63.57,24.38469123840332,-0.8205,True,False,87.5
EBFP,10.0,40.0,20.0,5,3,12,9,38.5,32.30000000000001,35.39,24.877111434936523,2.8436,True,True,87.5
EBFP,10.0,40.0,20.0,6,1,12,7,53.0,44.60000000000002,48.85,25.994678497314453,-1.2743,True,False,87.5
EBFP,10.0,40.0,20.0,6,2,12,8,39.0,33.60000000000002,36.32,27.094635009765625,4.2135,True,True,87.5
EBFP,10.0,40.0,20.0,6,3,12,8,49.80000000000001,41.39999999999998,45.56,27.428403854370117,4.6034,True,True,87.5
EBFP,10.0,40.0,20.0,7,1,12,6,54.39999999999998,42.30000000000001,48.35,21.44243621826172,-3.6704,True,False,87.5
EBFP,10.0,40.0,20.0,7,2,12,8,43.60000000000002,33.89999999999998,38.74,28.272802352905273,-0.9377,True,False,87.5
EBFP,10.0,40.0,20.0,7,3,12,6,36.39999999999998,32.89999999999998,34.66,26.005508422851562,-0.1896,True,False,87.5
EBFP,10.0,40.0,20.0,8,1,12,8,41.10000000000002,30.100000000000023,35.6,24.971088409423828,4.3419,True,True,87.5
EBFP,10.0,40.0,20.0,8,2,12,6,50.80000000000001,39.19999999999999,45.01,30.756572723388672,3.3551,False,True,87.5
EBFP,10.0,40.0,20.0,8,3,12,7,52.19999999999999,46.10000000000002,49.18,27.36311149597168,-2.8848,True,False,87.5
EBFP,10.0,40.0,20.0,9,1,12,7,54.19999999999999,41.39999999999998,47.79,30.736595153808594,-3.6011,False,False,87.5
EBFP,10.0,40.0,20.0,9,2,12,7,41.39999999999998,31.80000000000001,36.57,30.3563232421875,0.9688,False,True,87.5
EBFP,10.0,40.0,20.0,9,3,12,6,40.89999999999998,32.60000000000002,36.72,28.622278213500977,-0.8155,True,False,87.5
EBFP,10.0,40.0,20.0,10,1,12,8,44.30000000000001,35.80000000000001,40.05,22.398380279541016,-1.516,True,False,87.5
EBFP,10.0,40.0,20.0,10,2,12,8,43.89999999999998,33.69999999999999,38.8,24.41827392578125,1.5305,True,True,87.5
EBFP,10.0,40.0,20.0,10,3,12,7,47.60000000000002,36.60000000000002,42.06,24.92991065979004,2.7535,True,True,87.5
EBFP,10.0,40.0,20.0,11,1,12,9,33.69999999999999,34.39999999999998,34.09,33.29256057739258,0.5994,False,True,87.5
EBFP,10.0,40.0,20.0,11,2,12,9,42.0,30.5,36.22,26.92848777770996,2.6909,True,True,87.5
EBFP,10.0,40.0,20.0,11,3,12,8,43.60000000000002,31.30000000000001,37.41,28.553150177001953,0.2132,True,True,87.5
mOrange,10.0,40.0,20.0,0,1,12,5,58.30000000000001,53.80000000000001,56.06,17.705263137817383,-4.969,True,False,57.5
mOrange,10.0,40.0,20.0,0,2,12,5,58.30000000000001,53.19999999999999,55.77,24.68585968017578,-3.9728,True,False,57.5
mOrange,10.0,40.0,20.0,0,3,12,5,57.69999999999999,53.10000000000002,55.41,24.9621639251709,-3.8234,True,False,57.5
mOrange,10.0,40.0,20.0,1,1,12,7,60.60000000000002,53.89999999999998,57.28,27.02916717529297,-2.9179,True,False,57.5
mOrange,10.0,40.0,20.0,1,2,12,5,60.10000000000002,55.39999999999998,57.73,26.127580642700195,-3.9056,True,False,57.5
mOrange,10.0,40.0,20.0,1,3,12,7,67.69999999999999,61.30000000000001,64.52,25.815860748291016,-1.4391,True,False,57.5
mOrange,10.0,40.0,20.0,2,1,12,5,56.30000000000001,53.19999999999999,54.75,18.806346893310547,-5.1343,True,False,57.5
mOrange,10.0,40.0,20.0,2,2,12,6,59.39999999999998,54.60000000000002,57.05,21.056232452392578,-3.8243,True,False,57.5
mOrange,10.0,40.0,20.0,2,3,12,7,58.5,53.60000000000002,56.06,22.906513214111328,-3.4705,True,False,57.5
mOrange,10.0,40.0,20.0,3,1,12,5,57.19999999999999,55.19999999999999,56.2,29.367225646972656,-5.148,True,False,57.5
mOrange,10.0,40.0,20.0,3,2,12,7,62.30000000000001,56.39999999999998,59.34,27.036151885986328,-3.8765,True,False,57.5
mOrange,10.0,40.0,20.0,3,3,12,7,62.89999999999998,55.60000000000002,59.22,24.630504608154297,-3.1849,True,False,57.5
mOrange,10.0,40.0,20.0,4,1,12,6,59.89999999999998,54.60000000000002,57.26,26.15431785583496,-3.9969,True,False,57.5
mOrange,10.0,40.0,20.0,4,2,12,6,53.19999999999999,47.200000000000045,50.2,26.86807632446289,-4.3212,True,False,57.5
mOrange,10.0,40.0,20.0,4,3,12,6,56.39999999999998,50.89999999999998,53.65,27.842178344726562,-4.1986,True,False,57.5
mOrange,10.0,40.0,20.0,5,1,12,5,67.0,60.60000000000002,63.79,20.944265365600586,-4.7506,True,False,57.5
mOrange,10.0,40.0,20.0,5,2,12,6,55.80000000000001,52.10000000000002,53.96,27.415327072143555,-3.6433,True,False,57.5
mOrange,10.0,40.0,20.0,5,3,12,6,68.69999999999999,53.0,60.87,25.15770149230957,2.6028,True,True,57.5
mOrange,10.0,40.0,20.0,6,1,12,5,55.0,51.10000000000002,53.06,27.449138641357422,-5.1231,True,False,57.5
mOrange,10.0,40.0,20.0,6,2,12,6,54.89999999999998,23.700000000000045,39.31,26.2224178314209,-0.1939,True,False,57.5
mOrange,10.0,40.0,20.0,6,3,12,6,61.69999999999999,43.799999999999955,52.73,25.412702560424805,1.1074,True,True,57.5
mOrange,10.0,40.0,20.0,7,2,12,6,62.19999999999999,56.30000000000001,59.23,24.948638916015625,-4.0315,True,False,57.5
mOrange,10.0,40.0,20.0,7,3,12,6,56.30000000000001,51.30000000000001,53.8,28.9086856842041,-4.2093,True,False,57.5
mOrange,10.0,40.0,20.0,8,1,12,5,72.60000000000002,64.0,68.31,21.900197982788086,-0.0154,True,False,57.5
mOrange,10.0,40.0,20.0,8,2,12,6,61.60000000000002,56.10000000000002,58.85,27.410642623901367,-4.1072,True,False,57.5
mOrange,10.0,40.0,20.0,8,3,12,6,57.60000000000002,53.19999999999999,55.4,29.061691284179688,-3.6087,True,False,57.5
mOrange,10.0,40.0,20.0,9,1,12,5,65.30000000000001,59.10000000000002,62.22,19.911991119384766,-4.4097,True,False,57.5
mOrange,10.0,40.0,20.0,9,2,12,7,54.89999999999998,51.89999999999998,53.41,27.19778060913086,-3.9689,True,False,57.5
mOrange,10.0,40.0,20.0,9,3,12,6,67.10000000000002,57.69999999999999,62.4,25.404436111450195,-1.0163,True,False,57.5
mOrange,10.0,40.0,20.0,10,1,12,6,58.30000000000001,53.80000000000001,56.05,26.51226806640625,-4.2256,True,False,57.5
mOrange,10.0,40.0,20.0,10,2,12,7,60.0,55.80000000000001,57.88,23.54252052307129,-3.2572,True,False,57.5
mOrange,10.0,40.0,20.0,10,3,12,9,63.60000000000002,56.80000000000001,60.16,26.3216495513916,-1.461,True,False,57.5
mOrange,10.0,40.0,20.0,11,1,12,5,62.30000000000001,57.39999999999998,59.82,27.27716827392578,-4.9276,True,False,57.5
mOrange,10.0,40.0,20.0,11,2,12,6,55.10000000000002,51.19999999999999,53.11,28.730905532836914,-4.1526,True,False,57.5
EBFP,10.0,50.0,10.0,0,1,12,12,32.69999999999999,31.100000000000023,31.91,28.685672760009766,-0.5167,True,False,87.5
EBFP,10.0,50.0,10.0,0,2,12,7,43.30000000000001,31.899999999999977,37.63,24.08992576599121,3.8511,True,True,87.5
EBFP,10.0,50.0,10.0,0,3,12,7,51.69999999999999,38.19999999999999,44.95,25.454824447631836,3.8456,True,True,87.5
EBFP,10.0,50.0,10.0,1,1,12,12,37.69999999999999,35.89999999999998,36.79,28.108020782470703,1.1615,True,True,87.5
EBFP,10.0,50.0,10.0,1,2,12,11,26.30000000000001,39.0,32.65,29.36968231201172,1.2769,True,True,87.5
EBFP,10.0,50.0,10.0,1,3,12,11,34.30000000000001,27.5,30.88,30.363786697387695,0.5655,False,True,87.5
EBFP,10.0,50.0,10.0,2,1,12,8,38.5,42.0,40.29,22.893022537231445,-0.9319,True,False,87.5
EBFP,10.0,50.0,10.0,2,2,12,11,48.10000000000002,36.30000000000001,42.23,30.69139862060547,-1.6237,False,False,87.5
EBFP,10.0,50.0,10.0,2,3,12,9,47.30000000000001,36.10000000000002,41.7,26.751508712768555,3.0367,True,True,87.5
EBFP,10.0,50.0,10.0,3,1,12,11,45.30000000000001,36.30000000000001,40.81,27.375476837158203,-0.5766,True,False,87.5
EBFP,10.0,50.0,10.0,3,2,12,9,46.69999999999999,33.30000000000001,40.01,28.639484405517578,-0.1155,True,False,87.5
EBFP,10.0,50.0,10.0,3,3,12,10,31.100000000000023,28.600000000000023,29.87,31.09311866760254,3.2972,False,True,87.5
EBFP,10.0,50.0,10.0,4,1,12,8,40.10000000000002,29.69999999999999,34.85,25.761831283569336,4.9455,True,True,87.5
EBFP,10.0,50.0,10.0,4,2,12,12,44.30000000000001,36.19999999999999,40.25,33.519229888916016,1.7393,False,True,87.5
EBFP,10.0,50.0,10.0,4,3,12,10,48.0,36.89999999999998,42.45,23.402589797973633,2.7744,True,True,87.5
EBFP,10.0,50.0,10.0,5,1,12,9,92.80000000000001,55.30000000000001,74.05,28.018407821655273,-2.492,True,False,87.5
EBFP,10.0,50.0,10.0,5,2,12,11,30.80000000000001,37.60000000000002,34.2,28.46982765197754,0.7853,True,True,87.5
EBFP,10.0,50.0,10.0,5,3,12,11,36.39999999999998,30.80000000000001,33.62,27.133607864379883,1.0995,True,True,87.5
EBFP,10.0,50.0,10.0,6,1,12,10,44.69999999999999,30.399999999999977,37.55,25.336366653442383,3.8994,True,True,87.5
EBFP,10.0,50.0,10.0,6,2,12,10,27.19999999999999,34.10000000000002,30.69,30.420787811279297,3.0714,False,True,87.5
EBFP,10.0,50.0,10.0,6,3,12,9,45.19999999999999,32.0,38.57,28.17816925048828,2.3045,True,True,87.5
EBFP,10.0,50.0,10.0,7,1,12,9,49.0,34.80000000000001,41.92,24.85942268371582,-0.9033,True,False,87.5
EBFP,10.0,50.0,10.0,7,2,12,8,47.60000000000002,37.69999999999999,42.65,25.375959396362305,3.5182,True,True,87.5
EBFP,10.0,50.0,10.0,7,3,12,9,49.69999999999999,34.0,41.88,28.896162033081055,1.0797,True,True,87.5
EBFP,10.0,50.0,10.0,8,1,12,8,41.10000000000002,30.100000000000023,35.6,24.971088409423828,4.3419,True,True,87.5
EBFP,10.0,50.0,10.0,8,2,12,11,35.0,33.19999999999999,34.12,29.845623016357422,3.4156,True,True,87.5
EBFP,10.0,50.0,10.0,8,3,12,7,41.10000000000002,31.899999999999977,36.51,30.435190200805664,1.1869,False,True,87.5
EBFP,10.0,50.0,10.0,9,1,12,8,36.39999999999998,27.600000000000023,32.01,24.83114242553711,1.8373,True,True,87.5
EBFP,10.0,50.0,10.0,9,2,12,9,43.5,34.89999999999998,39.19,32.118377685546875,2.2132,False,True,87.5
EBFP,10.0,50.0,10.0,9,3,12,7,58.19999999999999,37.89999999999998,48.07,29.500564575195312,2.205,True,True,87.5
EBFP,10.0,50.0,10.0,10,1,12,9,50.0,46.80000000000001,48.42,28.540939331054688,-3.2766,True,False,87.5
EBFP,10.0,50.0,10.0,10,2,12,11,31.0,28.5,29.75,28.52269744873047,2.6527,True,True,87.5
EBFP,10.0,50.0,10.0,10,3,12,11,31.600000000000023,28.399999999999977,30.01,25.188373565673828,2.8363,True,True,87.5
EBFP,10.0,50.0,10.0,11,1,12,9,33.69999999999999,34.39999999999998,34.09,33.29256057739258,0.5994,False,True,87.5
EBFP,10.0,50.0,10.0,11,2,12,10,26.69999999999999,32.5,29.61,28.293132781982422,2.0102,True,True,87.5
EBFP,10.0,50.0,10.0,11,3,12,9,26.0,33.30000000000001,29.68,28.552255630493164,2.7218,True,True,87.5
mOrange,10.0,50.0,10.0,0,1,12,7,62.19999999999999,56.19999999999999,59.2,21.295101165771484,-3.9168,True,False,57.5
mOrange,10.0,50.0,10.0,0,2,12,8,64.30000000000001,57.5,60.87,25.30904197692871,-1.2219,True,False,57.5
mOrange,10.0,50.0,10.0,0,3,12,9,62.60000000000002,57.5,60.02,28.00912094116211,2.0604,True,True,57.5
mOrange,10.0,50.0,10.0,1,1,12,10,64.60000000000002,59.30000000000001,61.91,28.484310150146484,-1.4576,True,False,57.5
mOrange,10.0,50.0,10.0,1,2,12,12,52.60000000000002,51.5,52.06,26.026094436645508,0.6123,True,True,57.5
mOrange,10.0,50.0,10.0,1,3,12,7,63.69999999999999,57.10000000000002,60.39,23.9497013092041,4.0179,True,True,57.5
mOrange,10.0,50.0,10.0,2,1,12,7,63.69999999999999,58.30000000000001,61.0,22.119028091430664,-2.4922,True,False,57.5
mOrange,10.0,50.0,10.0,2,2,12,8,86.89999999999998,61.0,73.94,27.57183265686035,-1.9769,True,False,57.5
mOrange,10.0,50.0,10.0,2,3,12,11,85.5,53.30000000000001,69.38,25.63351821899414,-1.9097,True,False,57.5
mOrange,10.0,50.0,10.0,3,1,12,10,57.39999999999998,52.19999999999999,54.77,25.966808319091797,-3.7175,True,False,57.5
mOrange,10.0,50.0,10.0,3,2,12,10,59.10000000000002,52.69999999999999,55.91,27.644346237182617,-1.0897,True,False,57.5
mOrange,10.0,50.0,10.0,3,3,12,11,55.0,48.299999999999955,51.65,25.472631454467773,1.7095,True,True,57.5
mOrange,10.0,50.0,10.0,4,1,12,8,66.19999999999999,59.5,62.85,27.30011749267578,-1.0456,True,False,57.5
mOrange,10.0,50.0,10.0,4,2,12,9,62.39999999999998,57.30000000000001,59.86,28.155200958251953,1.4591,True,True,57.5
mOrange,10.0,50.0,10.0,4,3,12,10,62.69999999999999,57.0,59.85,31.876604080200195,-0.2945,False,False,57.5
mOrange,10.0,50.0,10.0,5,1,12,8,54.5,51.0,52.73,22.83298110961914,-3.904,True,False,57.5
mOrange,10.0,50.0,10.0,5,2,12,10,60.39999999999998,48.89999999999998,54.66,26.610177993774414,2.2687,True,True,57.5
mOrange,10.0,50.0,10.0,5,3,12,7,69.0,56.0,62.53,23.83924674987793,2.7734,True,True,57.5
mOrange,10.0,50.0,10.0,6,1,12,8,59.89999999999998,54.89999999999998,57.37,24.413776397705078,-4.1684,True,False,57.5
mOrange,10.0,50.0,10.0,6,2,12,11,58.5,51.60000000000002,55.04,30.247817993164062,0.9694,False,True,57.5
mOrange,10.0,50.0,10.0,6,3,12,10,64.39999999999998,56.5,60.44,31.10027503967285,2.8635,False,True,57.5
mOrange,10.0,50.0,10.0,7,1,12,8,47.19999999999999,40.5,43.87,24.735692977905273,1.6239,True,True,57.5
mOrange,10.0,50.0,10.0,7,2,12,7,62.80000000000001,55.19999999999999,59.01,23.513437271118164,1.2593,True,True,57.5
mOrange,10.0,50.0,10.0,7,3,12,9,55.80000000000001,51.60000000000002,53.73,26.034299850463867,2.0695,True,True,57.5
mOrange,10.0,50.0,10.0,8,1,12,7,66.60000000000002,59.80000000000001,63.22,29.516620635986328,-1.3844,True,False,57.5
mOrange,10.0,50.0,10.0,8,2,12,9,61.19999999999999,53.39999999999998,57.31,29.002199172973633,2.9268,True,True,57.5
mOrange,10.0,50.0,10.0,8,3,12,9,53.0,38.5,45.71,27.626873016357422,2.2247,True,True,57.5
mOrange,10.0,50.0,10.0,9,1,12,10,62.69999999999999,59.0,60.84,30.945581436157227,-4.4028,False,False,57.5
mOrange,10.0,50.0,10.0,9,2,12,12,52.10000000000002,47.89999999999998,50.0,31.343507766723633,-2.352,False,False,57.5
mOrange,10.0,50.0,10.0,9,3,12,10,56.5,51.30000000000001,53.9,30.601478576660156,-0.3688,False,False,57.5
mOrange,10.0,50.0,10.0,10,1,12,12,48.0,50.39999999999998,49.24,26.005834579467773,-3.7254,True,False,57.5
mOrange,10.0,50.0,10.0,10,2,12,11,53.0,49.5,51.2,28.784101486206055,-3.2867,True,False,57.5
mOrange,10.0,50.0,10.0,10,3,12,10,45.19999999999999,42.10000000000002,43.65,28.121990203857422,-1.1776,True,False,57.5
mOrange,10.0,50.0,10.0,11,1,12,7,64.0,59.30000000000001,61.68,22.051034927368164,-0.7024,True,False,57.5
mOrange,10.0,50.0,10.0,11,2,12,10,73.0,65.69999999999999,69.36,24.914451599121094,0.0536,True,True,57.5
mOrange,10.0,50.0,10.0,11,3,12,9,58.19999999999999,52.0,55.09,25.370771408081055,3.7634,True,True,57.5
EBFP,10.0,50.0,15.0,0,1,12,10,60.80000000000001,40.19999999999999,50.51,28.94681167602539,1.7793,True,True,87.5
EBFP,10.0,50.0,15.0,0,2,12,9,49.10000000000002,35.0,42.05,26.87139320373535,2.2409,True,True,87.5
EBFP,10.0,50.0,15.0,0,3,12,10,43.5,31.0,37.25,25.838037490844727,0.8739,True,True,87.5
EBFP,10.0,50.0,15.0,1,1,12,10,45.39999999999998,33.0,39.19,28.26969337463379,1.161,True,True,87.5
EBFP,10.0,50.0,15.0,1,2,12,9,38.19999999999999,42.30000000000001,40.23,27.79850196838379,1.574,True,True,87.5
EBFP,10.0,50.0,15.0,1,3,12,8,37.69999999999999,40.80000000000001,39.23,27.102874755859375,-0.4372,True,False,87.5
EBFP,10.0,50.0,15.0,2,1,12,7,43.80000000000001,36.80000000000001,40.31,25.275808334350586,-0.8948,True,False,87.5
EBFP,10.0,50.0,15.0,2,2,12,9,37.89999999999998,31.399999999999977,34.64,30.287220001220703,-0.4958,False,False,87.5
EBFP,10.0,50.0,15.0,2,3,12,8,32.19999999999999,46.0,39.12,32.070491790771484,-0.3963,False,False,87.5
EBFP,10.0,50.0,15.0,3,1,12,9,43.10000000000002,42.69999999999999,42.91,27.73137664794922,1.4682,True,True,87.5
EBFP,10.0,50.0,15.0,3,2,12,7,41.69999999999999,31.899999999999977,36.8,23.13991928100586,2.5877,True,True,87.5
EBFP,10.0,50.0,15.0,3,3,12,9,42.39999999999998,32.80000000000001,37.62,26.430309295654297,4.955,True,True,87.5
EBFP,10.0,50.0,15.0,4,1,12,7,40.0,35.5,37.71,22.698610305786133,2.804,True,True,87.5
EBFP,10.0,50.0,15.0,4,2,12,7,43.69999999999999,32.0,37.84,25.86840057373047,4.6836,True,True,87.5
EBFP,10.0,50.0,15.0,4,3,12,7,42.39999999999998,31.399999999999977,36.87,23.723087310791016,3.246,True,True,87.5
EBFP,10.0,50.0,15.0,5,1,12,8,92.69999999999999,54.89999999999998,73.79,26.363821029663086,-2.0277,True,False,87.5
EBFP,10.0,50.0,15.0,5,2,12,8,89.39999999999998,54.60000000000002,71.99,22.21648597717285,-0.5818,True,False,87.5
EBFP,10.0,50.0,15.0,5,3,12,10,38.80000000000001,30.19999999999999,34.51,25.504716873168945,1.219,True,True,87.5
EBFP,10.0,50.0,15.0,6,1,12,7,43.0,31.600000000000023,37.28,23.459402084350586,4.2211,True,True,87.5
EBFP,10.0,50.0,15.0,6,2,12,8,39.30000000000001,31.69999999999999,35.53,26.005197525024414,4.4249,True,True,87.5
EBFP,10.0,50.0,15.0,6,3,12,8,36.89999999999998,29.399999999999977,33.15,22.56780242919922,2.8567,True,True,87.5
EBFP,10.0,50.0,15.0,7,1,12,7,49.89999999999998,36.30000000000001,43.06,23.5124568939209,-0.6676,True,False,87.5
EBFP,10.0,50.0,15.0,7,2,12,7,50.5,37.89999999999998,44.19,25.3941593170166,4.8789,True,True,87.5
EBFP,10.0,50.0,15.0,7,3,12,7,44.10000000000002,33.69999999999999,38.91,25.250442504882812,5.0247,True,True,87.5
EBFP,10.0,50.0,15.0,8,1,12,8,41.10000000000002,30.100000000000023,35.6,24.971088409423828,4.3419,True,True,87.5
EBFP,10.0,50.0,15.0,8,2,12,7,48.89999999999998,40.80000000000001,44.87,29.475812911987305,3.69,True,True,87.5
EBFP,10.0,50.0,15.0,8,3,12,9,50.89999999999998,43.80000000000001,47.33,29.73196792602539,-2.8838,True,False,87.5
EBFP,10.0,50.0,15.0,9,1,12,10,59.0,39.39999999999998,49.22,28.977771759033203,-2.9074,True,False,87.5
EBFP,10.0,50.0,15.0,9,2,12,9,26.5,26.899999999999977,26.72,28.987266540527344,2.6322,True,True,87.5
EBFP,10.0,50.0,15.0,9,3,12,7,41.39999999999998,32.10000000000002,36.74,25.365325927734375,2.0389,True,True,87.5
EBFP,10.0,50.0,15.0,10,1,12,9,42.60000000000002,51.19999999999999,46.86,30.999374389648438,-0.4744,False,False,87.5
EBFP,10.0,50.0,15.0,10,2,12,8,43.80000000000001,34.39999999999998,39.11,25.51360321044922,4.9719,True,True,87.5
EBFP,10.0,50.0,15.0,10,3,12,8,41.5,31.80000000000001,36.61,27.339889526367188,3.1286,True,True,87.5
EBFP,10.0,50.0,15.0,11,1,12,9,33.69999999999999,34.39999999999998,34.09,33.29256057739258,0.5994,False,True,87.5
EBFP,10.0,50.0,15.0,11,2,12,10,26.69999999999999,32.5,29.61,28.293132781982422,2.0102,True,True,87.5
EBFP,10.0,50.0,15.0,11,3,12,9,26.0,33.30000000000001,29.68,28.552255630493164,2.7218,True,True,87.5
mOrange,10.0,50.0,15.0,0,1,12,6,59.30000000000001,54.39999999999998,56.86,17.305034637451172,-3.4335,True,False,57.5
mOrange,10.0,50.0,15.0,0,2,12,7,60.80000000000001,56.10000000000002,58.46,26.084917068481445,-3.2096,True,False,57.5
mOrange,10.0,50.0,15.0,0,3,12,8,59.0,54.60000000000002,56.75,24.075088500976562,-2.8917,True,False,57.5
mOrange,10.0,50.0,15.0,1,1,12,8,55.10000000000002,50.5,52.78,29.601964950561523,-3.3991,True,False,57.5
mOrange,10.0,50.0,15.0,1,2,12,8,75.10000000000002,57.89999999999998,66.5,30.486003875732422,2.4031,False,True,57.5
mOrange,10.0,50.0,15.0,1,3,12,7,69.39999999999998,39.89999999999998,54.69,28.614341735839844,3.1368,True,True,57.5
mOrange,10.0,50.0,15.0,2,1,12,6,58.0,54.39999999999998,56.23,20.677457809448242,-4.7813,True,False,57.5
mOrange,10.0,50.0,15.0,2,2,12,8,61.69999999999999,55.10000000000002,58.43,24.954504013061523,-3.39,True,False,57.5
mOrange,10.0,50.0,15.0,2,3,12,9,79.39999999999998,60.89999999999998,70.12,26.265365600585938,-1.9342,True,False,57.5
mOrange,10.0,50.0,15.0,3,1,12,8,67.39999999999998,60.30000000000001,63.83,29.83188819885254,-3.9009,True,False,57.5
mOrange,10.0,50.0,15.0,3,2,12,9,72.60000000000002,63.5,68.04,27.971485137939453,-0.0634,True,False,57.5
mOrange,10.0,50.0,15.0,3,3,12,8,57.80000000000001,50.5,54.15,30.63502311706543,-0.6305,False,False,57.5
mOrange,10.0,50.0,15.0,4,1,12,8,54.0,49.0,51.52,29.857507705688477,-3.4067,True,False,57.5
mOrange,10.0,50.0,15.0,4,2,12,10,37.0,29.899999999999977,33.45,31.370752334594727,-1.4046,False,False,57.5
mOrange,10.0,50.0,15.0,4,3,12,10,50.19999999999999,41.700000000000045,45.96,29.85594367980957,-0.6502,True,False,57.5
mOrange,10.0,50.0,15.0,5,1,12,6,66.19999999999999,60.10000000000002,63.12,20.13836097717285,-3.242,True,False,57.5
mOrange,10.0,50.0,15.0,5,2,12,8,56.80000000000001,47.299999999999955,52.05,28.178264617919922,-0.5794,True,False,57.5
mOrange,10.0,50.0,15.0,5,3,12,6,57.39999999999998,31.899999999999977,44.65,27.22922706604004,0.8476,True,True,57.5
mOrange,10.0,50.0,15.0,6,1,12,8,59.89999999999998,54.89999999999998,57.37,24.413776397705078,-4.1684,True,False,57.5
mOrange,10.0,50.0,15.0,6,2,12,9,50.0,46.200000000000045,48.1,25.59467887878418,-3.0897,True,False,57.5
mOrange,10.0,50.0,15.0,6,3,12,9,61.10000000000002,54.39999999999998,57.72,25.020484924316406,-0.6824,True,False,57.5
mOrange,10.0,50.0,15.0,7,1,12,6,60.0,56.0,58.0,20.12383460998535,-4.1707,True,False,57.5
mOrange,10.0,50.0,15.0,7,2,12,8,61.60000000000002,55.19999999999999,58.41,28.059131622314453,3.2343,True,True,57.5
mOrange,10.0,50.0,15.0,7,3,12,7,54.30000000000001,25.299999999999955,39.8,30.00668716430664,1.2705,True,True,57.5
mOrange,10.0,50.0,15.0,8,1,12,7,66.60000000000002,59.80000000000001,63.22,29.516620635986328,-1.3844,True,False,57.5
mOrange,10.0,50.0,15.0,8,2,12,9,61.19999999999999,53.39999999999998,57.31,29.002199172973633,2.9268,True,True,57.5
mOrange,10.0,50.0,15.0,8,3,12,7,60.0,28.299999999999955,44.14,26.50968360900879,2.4252,True,True,57.5
mOrange,10.0,50.0,15.0,9,1,12,8,57.5,52.89999999999998,55.18,25.432565689086914,-3.7716,True,False,57.5
mOrange,10.0,50.0,15.0,9,2,12,11,42.89999999999998,44.799999999999955,43.83,24.841337203979492,-0.7155,True,False,57.5
mOrange,10.0,50.0,15.0,9,3,12,10,24.0,7.2000000000000455,15.57,29.543615341186523,-0.5091,True,False,57.5
mOrange,10.0,50.0,15.0,10,1,12,8,58.30000000000001,52.69999999999999,55.47,21.892805099487305,-1.9538,True,False,57.5
mOrange,10.0,50.0,15.0,10,2,12,7,56.5,52.80000000000001,54.69,22.582212448120117,-2.2387,True,False,57.5
mOrange,10.0,50.0,15.0,10,3,12,8,57.30000000000001,53.5,55.37,22.850330352783203,-1.4818,True,False,57.5
mOrange,10.0,50.0,15.0,11,1,12,7,65.0,60.30000000000001,62.64,23.468158721923828,-3.0835,True,False,57.5
mOrange,10.0,50.0,15.0,11,2,12,9,68.80000000000001,61.30000000000001,65.03,23.343889236450195,-1.7321,True,False,57.5
mOrange,10.0,50.0,15.0,11,3,12,9,54.10000000000002,47.200000000000045,50.66,28.747283935546875,3.0923,True,True,57.5
EBFP,10.0,50.0,20.0,0,1,12,8,57.69999999999999,41.19999999999999,49.45,28.927701950073242,-3.8957,True,False,87.5
EBFP,10.0,50.0,20.0,0,2,12,7,40.10000000000002,35.89999999999998,37.96,24.291566848754883,1.6782,True,True,87.5
EBFP,10.0,50.0,20.0,0,3,12,6,43.10000000000002,38.30000000000001,40.72,25.018123626708984,-1.2717,True,False,87.5
EBFP,10.0,50.0,20.0,1,1,12,10,44.89999999999998,40.69999999999999,42.79,29.250722885131836,-0.7498,True,False,87.5
EBFP,10.0,50.0,20.0,1,2,12,9,59.5,41.39999999999998,50.42,25.254732131958008,4.2886,True,True,87.5
EBFP,10.0,50.0,20.0,1,3,12,6,53.80000000000001,39.60000000000002,46.7,24.136917114257812,4.1208,True,True,87.5
EBFP,10.0,50.0,20.0,2,1,12,7,47.30000000000001,37.89999999999998,42.63,22.7095890045166,-2.5938,True,False,87.5
EBFP,10.0,50.0,20.0,2,2,12,7,43.30000000000001,34.19999999999999,38.75,27.332645416259766,1.5926,True,True,87.5
EBFP,10.0,50.0,20.0,2,3,12,7,28.69999999999999,31.600000000000023,30.18,28.33323860168457,1.8643,True,True,87.5
EBFP,10.0,50.0,20.0,3,1,12,8,45.5,38.60000000000002,42.06,26.859451293945312,1.0035,True,True,87.5
EBFP,10.0,50.0,20.0,3,2,12,7,41.69999999999999,31.899999999999977,36.8,23.13991928100586,2.5877,True,True,87.5
EBFP,10.0,50.0,20.0,3,3,12,7,43.69999999999999,32.0,37.84,25.86840057373047,4.6836,True,True,87.5
EBFP,10.0,50.0,20.0,4,1,12,7,40.0,35.5,37.71,22.698610305786133,2.804,True,True,87.5
EBFP,10.0,50.0,20.0,4,2,12,6,53.60000000000002,39.5,46.53,24.02735137939453,3.7853,True,True,87.5
EBFP,10.0,50.0,20.0,4,3,12,7,43.0,31.899999999999977,37.45,25.051483154296875,4.987,True,True,87.5
EBFP,10.0,50.0,20.0,5,1,12,8,37.5,33.0,35.25,29.426591873168945,-3.1004,True,False,87.5
EBFP,10.0,50.0,20.0,5,2,12,9,33.39999999999998,30.600000000000023,32.0,33.493568420410156,-0.2222,False,False,87.5
EBFP,10.0,50.0,20.0,5,3,12,6,48.19999999999999,44.39999999999998,46.31,31.608198165893555,0.6136,False,True,87.5
EBFP,10.0,50.0,20.0,6,1,12,7,53.0,44.60000000000002,48.85,25.994678497314453,-1.2743,True,False,87.5
EBFP,10.0,50.0,20.0,6,2,12,8,39.0,33.60000000000002,36.32,27.094635009765625,4.2135,True,True,87.5
EBFP,10.0,50.0,20.0,6,3,12,8,49.80000000000001,41.39999999999998,45.56,27.428403854370117,4.6034,True,True,87.5
EBFP,10.0,50.0,20.0,7,1,12,6,54.39999999999998,42.30000000000001,48.35,21.44243621826172,-3.6704,True,False,87.5
EBFP,10.0,50.0,20.0,7,2,12,8,81.69999999999999,49.19999999999999,65.46,28.931987762451172,0.587,True,True,87.5
EBFP,10.0,50.0,20.0,7,3,12,7,48.60000000000002,38.5,43.53,20.969806671142578,3.0704,True,True,87.5
EBFP,10.0,50.0,20.0,8,1,12,8,41.10000000000002,30.100000000000023,35.6,24.971088409423828,4.3419,True,True,87.5
EBFP,10.0,50.0,20.0,8,2,12,6,50.80000000000001,39.19999999999999,45.01,30.756572723388672,3.3551,False,True,87.5
EBFP,10.0,50.0,20.0,8,3,12,7,51.10000000000002,43.5,47.32,31.32183074951172,-2.1491,False,False,87.5
EBFP,10.0,50.0,20.0,9,1,12,6,46.0,34.60000000000002,40.3,22.91468620300293,1.8837,True,True,87.5
EBFP,10.0,50.0,20.0,9,2,12,6,41.89999999999998,32.0,36.94,29.764976501464844,1.3311,True,True,87.5
EBFP,10.0,50.0,20.0,10,1,12,9,42.60000000000002,51.19999999999999,46.86,30.999374389648438,-0.4744,False,False,87.5
EBFP,10.0,50.0,20.0,10,2,12,8,43.80000000000001,34.39999999999998,39.11,25.51360321044922,4.9719,True,True,87.5
EBFP,10.0,50.0,20.0,10,3,12,7,41.0,31.100000000000023,36.06,29.80313491821289,1.4154,True,True,87.5
EBFP,10.0,50.0,20.0,11,1,12,9,33.69999999999999,34.39999999999998,34.09,33.29259490966797,0.5994,False,True,87.5
EBFP,10.0,50.0,20.0,11,2,12,9,42.0,30.5,36.22,26.928443908691406,2.6909,True,True,87.5
EBFP,10.0,50.0,20.0,11,3,12,8,43.60000000000002,31.30000000000001,37.41,28.55320930480957,0.2132,True,True,87.5
mOrange,10.0,50.0,20.0,0,1,12,6,64.19999999999999,56.89999999999998,60.55,19.41718292236328,-2.8719,True,False,57.5
mOrange,10.0,50.0,20.0,0,2,12,7,59.10000000000002,48.799999999999955,53.95,27.72374153137207,1.9609,True,True,57.5
mOrange,10.0,50.0,20.0,0,3,12,5,61.0,54.0,57.53,26.615829467773438,-1.0789,True,False,57.5
mOrange,10.0,50.0,20.0,1,1,12,7,60.60000000000002,53.89999999999998,57.28,27.02916717529297,-2.9179,True,False,57.5
mOrange,10.0,50.0,20.0,1,2,12,11,51.19999999999999,44.799999999999955,47.98,33.29617691040039,-2.6159,False,False,57.5
mOrange,10.0,50.0,20.0,1,3,12,9,45.30000000000001,41.39999999999998,43.35,31.902320861816406,-1.2723,False,False,57.5
mOrange,10.0,50.0,20.0,2,1,12,5,56.30000000000001,53.19999999999999,54.75,18.806346893310547,-5.1343,True,False,57.5
mOrange,10.0,50.0,20.0,2,2,12,6,59.39999999999998,54.60000000000002,57.05,21.056232452392578,-3.8243,True,False,57.5
mOrange,10.0,50.0,20.0,2,3,12,7,58.5,53.60000000000002,56.06,22.906513214111328,-3.4705,True,False,57.5
mOrange,10.0,50.0,20.0,3,1,12,6,58.60000000000002,56.0,57.33,29.496845245361328,-4.6145,True,False,57.5
mOrange,10.0,50.0,20.0,3,2,12,7,58.10000000000002,47.10000000000002,52.6,31.0063419342041,-2.344,False,False,57.5
mOrange,10.0,50.0,20.0,3,3,12,6,56.30000000000001,50.30000000000001,53.29,30.724876403808594,-3.8279,False,False,57.5
mOrange,10.0,50.0,20.0,4,1,12,6,59.89999999999998,54.60000000000002,57.26,26.15431785583496,-3.9969,True,False,57.5
mOrange,10.0,50.0,20.0,4,2,12,6,53.19999999999999,47.200000000000045,50.2,26.86807632446289,-4.3212,True,False,57.5
mOrange,10.0,50.0,20.0,4,3,12,7,56.39999999999998,51.69999999999999,54.04,26.67049789428711,-1.8138,True,False,57.5
mOrange,10.0,50.0,20.0,5,1,12,6,66.19999999999999,60.10000000000002,63.12,20.13836097717285,-3.242,True,False,57.5
mOrange,10.0,50.0,20.0,5,2,12,6,61.5,54.39999999999998,57.95,24.255970001220703,-2.1512,True,False,57.5
mOrange,10.0,50.0,20.0,5,3,12,6,59.10000000000002,55.0,57.03,29.03171157836914,-3.324,True,False,57.5
mOrange,10.0,50.0,20.0,6,1,12,5,61.10000000000002,56.5,58.78,23.413774490356445,-4.5986,True,False,57.5
mOrange,10.0,50.0,20.0,6,2,12,7,53.30000000000001,46.299999999999955,49.8,31.792491912841797,-3.5983,False,False,57.5
mOrange,10.0,50.0,20.0,6,3,12,8,57.80000000000001,51.0,54.44,31.920412063598633,-1.9199,False,False,57.5
mOrange,10.0,50.0,20.0,7,1,12,5,58.80000000000001,55.19999999999999,57.02,17.249719619750977,-4.8426,True,False,57.5
mOrange,10.0,50.0,20.0,7,2,12,7,57.39999999999998,53.19999999999999,55.28,25.57183837890625,-2.8632,True,False,57.5
mOrange,10.0,50.0,20.0,7,3,12,6,69.60000000000002,49.700000000000045,59.67,26.794221878051758,2.3444,True,True,57.5
mOrange,10.0,50.0,20.0,8,1,12,5,72.60000000000002,64.0,68.31,21.900197982788086,-0.0154,True,False,57.5
mOrange,10.0,50.0,20.0,8,2,12,6,62.80000000000001,57.39999999999998,60.08,26.545364379882812,-3.8869,True,False,57.5
mOrange,10.0,50.0,20.0,8,3,12,6,59.80000000000001,55.80000000000001,57.79,25.12059211730957,-3.452,True,False,57.5
mOrange,10.0,50.0,20.0,9,1,12,5,65.30000000000001,59.10000000000002,62.22,19.911991119384766,-4.4097,True,False,57.5
mOrange,10.0,50.0,20.0,9,2,12,9,52.19999999999999,49.0,50.58,33.06352615356445,-1.6004,False,False,57.5
mOrange,10.0,50.0,20.0,9,3,12,8,61.0,55.19999999999999,58.11,28.28228759765625,0.6841,True,True,57.5
mOrange,10.0,50.0,20.0,10,1,12,6,58.30000000000001,53.80000000000001,56.05,26.51226806640625,-4.2256,True,False,57.5
mOrange,10.0,50.0,20.0,10,2,12,9,61.39999999999998,56.39999999999998,58.91,24.75164031982422,-0.2998,True,False,57.5
mOrange,10.0,50.0,20.0,10,3,12,7,59.30000000000001,54.19999999999999,56.75,23.978771209716797,-2.3297,True,False,57.5
mOrange,10.0,50.0,20.0,11,1,12,6,59.60000000000002,54.30000000000001,56.95,27.845537185668945,-3.7929,True,False,57.5
mOrange,10.0,50.0,20.0,11,2,12,6,60.19999999999999,54.60000000000002,57.37,28.18158721923828,-4.1765,True,False,57.5
mOrange,10.0,50.0,20.0,11,3,12,6,56.69999999999999,53.0,54.85,27.671905517578125,-3.4604,True,False,57.5
EBFP,10.0,60.0,10.0,0,1,12,12,35.39999999999998,36.19999999999999,35.82,27.379274368286133,-1.9906,True,False,87.5
EBFP,10.0,60.0,10.0,0,2,12,8,47.30000000000001,36.10000000000002,41.68,23.263118743896484,1.4729,True,True,87.5
EBFP,10.0,60.0,10.0,0,3,12,8,49.10000000000002,40.19999999999999,44.66,25.55374526977539,3.2615,True,True,87.5
EBFP,10.0,60.0,10.0,1,1,12,12,37.69999999999999,35.89999999999998,36.79,28.108020782470703,1.1615,True,True,87.5
EBFP,10.0,60.0,10.0,1,2,12,11,25.100000000000023,41.69999999999999,33.38,28.758018493652344,2.2202,True,True,87.5
EBFP,10.0,60.0,10.0,1,3,12,12,44.69999999999999,32.10000000000002,38.38,29.162654876708984,3.1776,True,True,87.5
EBFP,10.0,60.0,10.0,2,1,12,9,43.30000000000001,36.89999999999998,40.1,27.192733764648438,-1.0076,True,False,87.5
EBFP,10.0,60.0,10.0,2,2,12,10,47.60000000000002,39.0,43.26,24.776962280273438,4.817,True,True,87.5
EBFP,10.0,60.0,10.0,2,3,12,7,43.19999999999999,32.10000000000002,37.62,25.96462059020996,4.721,True,True,87.5
EBFP,10.0,60.0,10.0,3,1,12,12,46.89999999999998,33.10000000000002,40.0,28.199569702148438,1.7465,True,True,87.5
EBFP,10.0,60.0,10.0,3,2,12,11,39.19999999999999,32.10000000000002,35.68,28.301025390625,3.506,True,True,87.5
EBFP,10.0,60.0,10.0,3,3,12,10,34.89999999999998,28.100000000000023,31.51,29.343936920166016,4.7189,True,True,87.5
EBFP,10.0,60.0,10.0,4,1,12,10,35.60000000000002,29.19999999999999,32.42,24.733909606933594,3.167,True,True,87.5
EBFP,10.0,60.0,10.0,4,2,12,10,37.19999999999999,36.89999999999998,37.08,27.93225860595703,1.916,True,True,87.5
EBFP,10.0,60.0,10.0,4,3,12,10,38.39999999999998,33.80000000000001,36.07,27.210744857788086,2.4449,True,True,87.5
EBFP,10.0,60.0,10.0,5,1,12,9,92.80000000000001,55.30000000000001,74.05,28.018407821655273,-2.492,True,False,87.5
EBFP,10.0,60.0,10.0,5,2,12,11,30.80000000000001,37.60000000000002,34.2,28.46982765197754,0.7853,True,True,87.5
EBFP,10.0,60.0,10.0,5,3,12,11,36.39999999999998,30.80000000000001,33.62,27.133607864379883,1.0995,True,True,87.5
EBFP,10.0,60.0,10.0,6,1,12,9,42.19999999999999,31.100000000000023,36.63,28.29694366455078,5.3821,True,True,87.5
EBFP,10.0,60.0,10.0,6,2,12,9,35.69999999999999,29.100000000000023,32.43,28.658226013183594,4.6827,True,True,87.5
EBFP,10.0,60.0,10.0,6,3,12,10,38.19999999999999,36.30000000000001,37.26,32.8039436340332,2.0875,False,True,87.5
EBFP,10.0,60.0,10.0,7,1,12,7,49.89999999999998,36.30000000000001,43.06,23.5124568939209,-0.6676,True,False,87.5
EBFP,10.0,60.0,10.0,7,2,12,10,55.30000000000001,40.0,47.67,26.600936889648438,3.7241,True,True,87.5
EBFP,10.0,60.0,10.0,7,3,12,9,47.5,33.0,40.26,22.821237564086914,5.3685,True,True,87.5
EBFP,10.0,60.0,10.0,8,1,12,9,51.0,33.60000000000002,42.31,26.26447868347168,4.4372,True,True,87.5
EBFP,10.0,60.0,10.0,8,2,12,11,35.39999999999998,31.80000000000001,33.62,31.93708038330078,2.9078,False,True,87.5
EBFP,10.0,60.0,10.0,8,3,12,12,27.600000000000023,49.10000000000002,38.38,36.353336334228516,-3.2351,False,False,87.5
EBFP,10.0,60.0,10.0,9,1,12,8,39.60000000000002,29.5,34.53,24.513540267944336,2.6104,True,True,87.5
EBFP,10.0,60.0,10.0,9,2,12,11,56.10000000000002,40.69999999999999,48.41,31.65557861328125,3.0406,False,True,87.5
EBFP,10.0,60.0,10.0,9,3,12,9,44.39999999999998,31.899999999999977,38.15,28.05877113342285,1.5747,True,True,87.5
EBFP,10.0,60.0,10.0,10,1,12,10,47.69999999999999,46.5,47.07,28.588613510131836,-2.8083,True,False,87.5
EBFP,10.0,60.0,10.0,10,2,12,11,65.5,42.60000000000002,54.04,28.43673324584961,2.2081,True,True,87.5
EBFP,10.0,60.0,10.0,10,3,12,10,32.69999999999999,29.5,31.1,24.197128295898438,4.8843,True,True,87.5
EBFP,10.0,60.0,10.0,11,1,12,10,38.0,33.89999999999998,35.99,27.883996963500977,-1.4035,True,False,87.5
EBFP,10.0,60.0,10.0,11,2,12,11,54.5,36.60000000000002,45.52,26.225175857543945,3.64,True,True,87.5
EBFP,10.0,60.0,10.0,11,3,12,10,34.89999999999998,30.5,32.72,24.221332550048828,3.5335,True,True,87.5
mOrange,10.0,60.0,10.0,0,1,12,7,63.30000000000001,56.80000000000001,60.05,22.012744903564453,-3.1655,True,False,57.5
mOrange,10.0,60.0,10.0,0,2,12,9,64.19999999999999,58.89999999999998,61.52,25.201993942260742,-1.058,True,False,57.5
mOrange,10.0,60.0,10.0,0,3,12,7,64.89999999999998,58.60000000000002,61.77,27.879230499267578,0.8646,True,True,57.5
mOrange,10.0,60.0,10.0,1,1,12,10,64.60000000000002,59.30000000000001,61.91,28.484310150146484,-1.4576,True,False,57.5
mOrange,10.0,60.0,10.0,1,2,12,12,52.60000000000002,51.5,52.06,26.026094436645508,0.6123,True,True,57.5
mOrange,10.0,60.0,10.0,1,3,12,10,56.30000000000001,53.0,54.66,27.397323608398438,-2.3659,True,False,57.5
mOrange,10.0,60.0,10.0,2,1,12,7,63.69999999999999,58.30000000000001,61.0,22.119028091430664,-2.4922,True,False,57.5
mOrange,10.0,60.0,10.0,2,2,12,11,67.69999999999999,61.39999999999998,64.55,27.78889274597168,0.4902,True,True,57.5
mOrange,10.0,60.0,10.0,2,3,12,9,65.60000000000002,61.80000000000001,63.66,27.56463623046875,0.6343,True,True,57.5
mOrange,10.0,60.0,10.0,3,1,12,11,58.89999999999998,52.5,55.72,26.08749008178711,-1.0236,True,False,57.5
mOrange,10.0,60.0,10.0,3,2,12,11,59.19999999999999,53.60000000000002,56.4,28.778724670410156,0.9475,True,True,57.5
mOrange,10.0,60.0,10.0,3,3,12,10,60.19999999999999,52.80000000000001,56.48,25.315868377685547,2.8006,True,True,57.5
mOrange,10.0,60.0,10.0,4,1,12,8,66.19999999999999,59.5,62.85,27.30011749267578,-1.0456,True,False,57.5
mOrange,10.0,60.0,10.0,4,2,12,9,62.39999999999998,57.30000000000001,59.86,28.155200958251953,1.4591,True,True,57.5
mOrange,10.0,60.0,10.0,4,3,12,10,62.69999999999999,57.0,59.85,31.876604080200195,-0.2945,False,False,57.5
mOrange,10.0,60.0,10.0,5,1,12,8,54.5,51.0,52.73,22.83298110961914,-3.904,True,False,57.5
mOrange,10.0,60.0,10.0,5,2,12,10,60.39999999999998,48.89999999999998,54.66,26.610177993774414,2.2687,True,True,57.5
mOrange,10.0,60.0,10.0,5,3,12,7,71.80000000000001,54.5,63.16,26.14790153503418,3.2781,True,True,57.5
mOrange,10.0,60.0,10.0,6,1,12,10,57.10000000000002,51.30000000000001,54.17,24.62994956970215,0.0585,True,True,57.5
mOrange,10.0,60.0,10.0,6,2,12,8,56.5,48.700000000000045,52.61,28.8367862701416,2.9718,True,True,57.5
mOrange,10.0,60.0,10.0,6,3,12,7,62.89999999999998,57.5,60.21,29.408838272094727,2.2788,True,True,57.5
mOrange,10.0,60.0,10.0,7,1,12,10,49.0,45.299999999999955,47.15,23.129961013793945,-1.6952,True,False,57.5
mOrange,10.0,60.0,10.0,7,2,12,11,52.5,47.700000000000045,50.12,27.263391494750977,1.5786,True,True,57.5
mOrange,10.0,60.0,10.0,7,3,12,11,54.5,50.5,52.5,28.620885848999023,-0.0895,True,False,57.5
mOrange,10.0,60.0,10.0,8,1,12,7,65.80000000000001,59.0,62.4,24.438140869140625,0.2626,True,True,57.5
mOrange,10.0,60.0,10.0,8,2,12,9,67.30000000000001,40.5,53.95,29.752885818481445,0.4804,True,True,57.5
mOrange,10.0,60.0,10.0,8,3,12,11,59.0,51.10000000000002,55.02,30.360809326171875,1.3526,False,True,57.5
mOrange,10.0,60.0,10.0,9,1,12,10,62.69999999999999,59.0,60.84,30.945581436157227,-4.4028,False,False,57.5
mOrange,10.0,60.0,10.0,9,2,12,11,53.80000000000001,50.19999999999999,52.03,32.17568588256836,-1.4984,False,False,57.5
mOrange,10.0,60.0,10.0,9,3,12,9,56.80000000000001,51.39999999999998,54.12,31.62632179260254,-0.2775,False,False,57.5
mOrange,10.0,60.0,10.0,10,1,12,10,60.10000000000002,55.30000000000001,57.7,23.90217399597168,-3.6016,True,False,57.5
mOrange,10.0,60.0,10.0,10,2,12,8,60.60000000000002,55.39999999999998,58.0,19.94263458251953,-1.9144,True,False,57.5
mOrange,10.0,60.0,10.0,10,3,12,9,56.60000000000002,52.89999999999998,54.77,27.14081573486328,-0.9144,True,False,57.5
mOrange,10.0,60.0,10.0,11,1,12,7,64.0,59.30000000000001,61.68,22.051034927368164,-0.7024,True,False,57.5
mOrange,10.0,60.0,10.0,11,2,12,10,65.69999999999999,59.39999999999998,62.54,25.825490951538086,-1.4262,True,False,57.5
mOrange,10.0,60.0,10.0,11,3,12,9,60.39999999999998,55.10000000000002,57.76,27.9512996673584,-1.1981,True,False,57.5
EBFP,10.0,60.0,15.0,0,1,12,10,60.80000000000001,40.19999999999999,50.51,28.94681167602539,1.7793,True,True,87.5
EBFP,10.0,60.0,15.0,0,2,12,8,58.39999999999998,39.80000000000001,49.1,27.05706787109375,5.876,True,True,87.5
EBFP,10.0,60.0,15.0,0,3,12,9,47.10000000000002,38.19999999999999,42.65,24.278167724609375,1.6908,True,True,87.5
EBFP,10.0,60.0,15.0,1,1,12,12,37.69999999999999,35.89999999999998,36.79,28.108020782470703,1.1615,True,True,87.5
EBFP,10.0,60.0,15.0,1,2,12,11,25.100000000000023,41.69999999999999,33.38,28.758018493652344,2.2202,True,True,87.5
EBFP,10.0,60.0,15.0,1,3,12,11,51.0,39.69999999999999,45.33,27.04269027709961,2.754,True,True,87.5
EBFP,10.0,60.0,15.0,2,1,12,8,39.39999999999998,41.39999999999998,40.36,26.464229583740234,1.6846,True,True,87.5
EBFP,10.0,60.0,15.0,2,2,12,9,44.80000000000001,40.30000000000001,42.54,25.515220642089844,1.0998,True,True,87.5
EBFP,10.0,60.0,15.0,2,3,12,9,40.5,30.5,35.54,27.888452529907227,2.2477,True,True,87.5
EBFP,10.0,60.0,15.0,3,1,12,9,43.10000000000002,42.69999999999999,42.91,27.73137664794922,1.4682,True,True,87.5
EBFP,10.0,60.0,15.0,3,2,12,8,41.19999999999999,39.60000000000002,40.42,26.294631958007812,4.2517,True,True,87.5
EBFP,10.0,60.0,15.0,3,3,12,8,40.19999999999999,32.89999999999998,36.57,25.68138885498047,4.2833,True,True,87.5
EBFP,10.0,60.0,15.0,4,1,12,7,43.80000000000001,33.10000000000002,38.47,24.141855239868164,4.475,True,True,87.5
EBFP,10.0,60.0,15.0,4,2,12,10,39.69999999999999,47.39999999999998,43.54,32.247154235839844,0.2124,False,True,87.5
EBFP,10.0,60.0,15.0,4,3,12,10,40.89999999999998,30.30000000000001,35.59,27.7775936126709,2.4918,True,True,87.5
EBFP,10.0,60.0,15.0,5,1,12,8,92.69999999999999,54.89999999999998,73.79,26.363821029663086,-2.0277,True,False,87.5
EBFP,10.0,60.0,15.0,5,2,12,10,55.89999999999998,43.80000000000001,49.86,35.861541748046875,0.799,False,True,87.5
EBFP,10.0,60.0,15.0,5,3,12,10,38.89999999999998,31.100000000000023,34.98,23.608413696289062,3.2382,True,True,87.5
EBFP,10.0,60.0,15.0,6,1,12,8,48.19999999999999,33.19999999999999,40.7,24.686220169067383,5.1817,True,True,87.5
EBFP,10.0,60.0,15.0,6,2,12,8,52.19999999999999,45.30000000000001,48.75,29.57670021057129,-0.8256,True,False,87.5
EBFP,10.0,60.0,15.0,6,3,12,10,37.39999999999998,28.600000000000023,32.98,26.030298233032227,4.7673,True,True,87.5
EBFP,10.0,60.0,15.0,7,1,12,7,49.89999999999998,36.30000000000001,43.06,23.5124568939209,-0.6676,True,False,87.5
EBFP,10.0,60.0,15.0,7,2,12,7,50.5,37.89999999999998,44.19,25.3941593170166,4.8789,True,True,87.5
EBFP,10.0,60.0,15.0,7,3,12,7,44.10000000000002,33.69999999999999,38.91,25.250442504882812,5.0247,True,True,87.5
EBFP,10.0,60.0,15.0,8,1,12,8,41.10000000000002,30.100000000000023,35.6,24.971088409423828,4.3419,True,True,87.5
EBFP,10.0,60.0,15.0,8,2,12,7,48.89999999999998,40.80000000000001,44.87,29.475812911987305,3.69,True,True,87.5
EBFP,10.0,60.0,15.0,8,3,12,9,50.89999999999998,43.80000000000001,47.33,29.73196792602539,-2.8838,True,False,87.5
EBFP,10.0,60.0,15.0,9,1,12,8,39.60000000000002,29.5,34.53,24.513540267944336,2.6104,True,True,87.5
EBFP,10.0,60.0,15.0,9,2,12,10,40.30000000000001,36.0,38.14,29.458797454833984,2.0731,True,True,87.5
EBFP,10.0,60.0,15.0,9,3,12,10,57.0,38.30000000000001,47.68,31.7930908203125,0.6126,False,True,87.5
EBFP,10.0,60.0,15.0,10,1,12,9,42.60000000000002,51.19999999999999,46.86,30.999374389648438,-0.4744,False,False,87.5
EBFP,10.0,60.0,15.0,10,2,12,8,43.80000000000001,34.39999999999998,39.11,25.51360321044922,4.9719,True,True,87.5
EBFP,10.0,60.0,15.0,10,3,12,8,41.5,31.80000000000001,36.61,27.339889526367188,3.1286,True,True,87.5
EBFP,10.0,60.0,15.0,11,1,12,8,37.19999999999999,28.899999999999977,33.05,23.729867935180664,1.2785,True,True,87.5
EBFP,10.0,60.0,15.0,11,2,12,9,37.19999999999999,29.600000000000023,33.38,23.953346252441406,3.4575,True,True,87.5
EBFP,10.0,60.0,15.0,11,3,12,8,42.69999999999999,40.10000000000002,41.41,22.079811096191406,2.2668,True,True,87.5
mOrange,10.0,60.0,15.0,0,1,12,7,63.30000000000001,56.80000000000001,60.05,22.012744903564453,-3.1655,True,False,57.5
mOrange,10.0,60.0,15.0,0,2,12,8,63.69999999999999,57.89999999999998,60.81,24.907075881958008,-1.0219,True,False,57.5
mOrange,10.0,60.0,15.0,0,3,12,8,58.10000000000002,53.5,55.78,25.035673141479492,-1.5788,True,False,57.5
mOrange,10.0,60.0,15.0,1,1,12,10,65.10000000000002,58.5,61.75,28.668901443481445,-1.9907,True,False,57.5
mOrange,10.0,60.0,15.0,1,2,12,10,66.19999999999999,57.10000000000002,61.69,34.195762634277344,-0.4636,False,False,57.5
mOrange,10.0,60.0,15.0,1,3,12,8,64.0,57.5,60.7,24.700838088989258,-0.7483,True,False,57.5
mOrange,10.0,60.0,15.0,2,1,12,8,63.39999999999998,57.89999999999998,60.63,22.321285247802734,-0.6741,True,False,57.5
mOrange,10.0,60.0,15.0,2,2,12,6,66.80000000000001,59.60000000000002,63.17,20.53428077697754,1.5892,True,True,57.5
mOrange,10.0,60.0,15.0,2,3,12,7,55.39999999999998,51.30000000000001,53.33,22.83901023864746,1.3565,True,True,57.5
mOrange,10.0,60.0,15.0,3,1,12,8,64.30000000000001,57.60000000000002,60.94,28.864917755126953,-3.698,True,False,57.5
mOrange,10.0,60.0,15.0,3,2,12,11,70.30000000000001,59.60000000000002,64.98,29.451398849487305,0.0254,True,True,57.5
mOrange,10.0,60.0,15.0,3,3,12,8,60.69999999999999,54.19999999999999,57.42,25.527612686157227,-1.7413,True,False,57.5
mOrange,10.0,60.0,15.0,4,1,12,7,68.0,61.19999999999999,64.56,27.8214111328125,-2.0521,True,False,57.5
mOrange,10.0,60.0,15.0,4,2,12,8,63.0,56.89999999999998,59.95,24.668243408203125,0.4544,True,True,57.5
mOrange,10.0,60.0,15.0,4,3,12,10,60.30000000000001,55.39999999999998,57.84,30.779277801513672,-0.4954,False,False,57.5
mOrange,10.0,60.0,15.0,5,1,12,6,66.19999999999999,60.10000000000002,63.12,20.13836097717285,-3.242,True,False,57.5
mOrange,10.0,60.0,15.0,5,2,12,8,61.39999999999998,50.39999999999998,55.86,25.5800724029541,-0.4921,True,False,57.5
mOrange,10.0,60.0,15.0,5,3,12,7,59.80000000000001,34.60000000000002,47.2,29.28253173828125,2.0051,True,True,57.5
mOrange,10.0,60.0,15.0,6,1,12,8,59.89999999999998,54.89999999999998,57.37,24.413776397705078,-4.1684,True,False,57.5
mOrange,10.0,60.0,15.0,6,2,12,10,50.0,46.5,48.26,27.10027313232422,-2.2748,True,False,57.5
mOrange,10.0,60.0,15.0,6,3,12,11,72.30000000000001,63.30000000000001,67.8,25.570327758789062,0.5042,True,True,57.5
mOrange,10.0,60.0,15.0,7,1,12,6,60.0,56.0,58.0,20.12383460998535,-4.1707,True,False,57.5
mOrange,10.0,60.0,15.0,7,2,12,8,61.60000000000002,55.19999999999999,58.41,28.059131622314453,3.2343,True,True,57.5
mOrange,10.0,60.0,15.0,7,3,12,9,61.19999999999999,56.19999999999999,58.66,32.179405212402344,-0.4381,False,False,57.5
mOrange,10.0,60.0,15.0,8,1,12,7,65.80000000000001,59.0,62.4,24.438140869140625,0.2626,True,True,57.5
mOrange,10.0,60.0,15.0,8,2,12,8,64.60000000000002,46.799999999999955,55.7,29.029043197631836,0.3967,True,True,57.5
mOrange,10.0,60.0,15.0,8,3,12,8,59.60000000000002,41.299999999999955,50.46,29.880447387695312,0.4883,True,True,57.5
mOrange,10.0,60.0,15.0,9,1,12,9,64.10000000000002,60.69999999999999,62.37,31.408531188964844,-4.2787,False,False,57.5
mOrange,10.0,60.0,15.0,9,2,12,8,63.89999999999998,57.89999999999998,60.91,28.431865692138672,-1.4468,True,False,57.5
mOrange,10.0,60.0,15.0,9,3,12,7,56.69999999999999,48.60000000000002,52.63,28.025531768798828,0.4436,True,True,57.5
mOrange,10.0,60.0,15.0,10,1,12,8,58.30000000000001,52.69999999999999,55.47,21.892805099487305,-1.9538,True,False,57.5
mOrange,10.0,60.0,15.0,10,2,12,7,56.5,52.80000000000001,54.69,22.582212448120117,-2.2387,True,False,57.5
mOrange,10.0,60.0,15.0,10,3,12,8,57.30000000000001,53.5,55.37,22.850330352783203,-1.4818,True,False,57.5
mOrange,10.0,60.0,15.0,11,1,12,7,64.5,59.89999999999998,62.2,21.262744903564453,-2.0873,True,False,57.5
mOrange,10.0,60.0,15.0,11,2,12,10,70.60000000000002,63.0,66.8,31.285097122192383,-0.3436,False,False,57.5
mOrange,10.0,60.0,15.0,11,3,12,8,65.10000000000002,58.30000000000001,61.73,25.886232376098633,-0.0094,True,False,57.5
EBFP,10.0,60.0,20.0,0,1,12,8,97.39999999999998,57.5,77.45,26.702497482299805,-3.1611,True,False,87.5
EBFP,10.0,60.0,20.0,0,2,12,8,53.89999999999998,36.80000000000001,45.33,24.638519287109375,3.4865,True,True,87.5
EBFP,10.0,60.0,20.0,0,3,12,9,43.30000000000001,30.0,36.66,26.858013153076172,0.2368,True,True,87.5
EBFP,10.0,60.0,20.0,1,1,12,9,43.89999999999998,41.0,42.45,26.81407356262207,0.1244,True,True,87.5
EBFP,10.0,60.0,20.0,1,2,12,9,38.19999999999999,42.30000000000001,40.23,27.79850196838379,1.574,True,True,87.5
EBFP,10.0,60.0,20.0,1,3,12,8,37.69999999999999,40.80000000000001,39.23,27.102874755859375,-0.4372,True,False,87.5
EBFP,10.0,60.0,20.0,2,1,12,7,43.80000000000001,36.80000000000001,40.31,25.275808334350586,-0.8948,True,False,87.5
EBFP,10.0,60.0,20.0,2,2,12,7,42.30000000000001,38.0,40.17,25.789743423461914,-1.245,True,False,87.5
EBFP,10.0,60.0,20.0,3,1,12,8,45.5,38.60000000000002,42.06,26.859451293945312,1.0035,True,True,87.5
EBFP,10.0,60.0,20.0,3,2,12,8,42.80000000000001,38.30000000000001,40.51,25.203126907348633,4.5033,True,True,87.5
EBFP,10.0,60.0,20.0,3,3,12,6,53.80000000000001,39.60000000000002,46.7,24.136917114257812,4.1208,True,True,87.5
EBFP,10.0,60.0,20.0,4,1,12,7,43.80000000000001,33.10000000000002,38.47,24.141855239868164,4.475,True,True,87.5
EBFP,10.0,60.0,20.0,4,2,12,7,43.69999999999999,32.0,37.84,25.86840057373047,4.6836,True,True,87.5
EBFP,10.0,60.0,20.0,4,3,12,9,45.0,32.60000000000002,38.78,29.83344268798828,2.7933,True,True,87.5
EBFP,10.0,60.0,20.0,5,1,12,8,39.60000000000002,37.60000000000002,38.59,28.277122497558594,-1.7074,True,False,87.5
EBFP,10.0,60.0,20.0,5,2,12,9,48.30000000000001,34.10000000000002,41.21,29.800304412841797,3.3026,True,True,87.5
EBFP,10.0,60.0,20.0,5,3,12,6,41.89999999999998,32.0,36.94,29.764976501464844,1.3311,True,True,87.5
EBFP,10.0,60.0,20.0,6,1,12,7,53.0,44.60000000000002,48.85,25.994678497314453,-1.2743,True,False,87.5
EBFP,10.0,60.0,20.0,6,2,12,8,39.0,33.60000000000002,36.32,27.094635009765625,4.2135,True,True,87.5
EBFP,10.0,60.0,20.0,6,3,12,8,49.80000000000001,41.39999999999998,45.56,27.428403854370117,4.6034,True,True,87.5
EBFP,10.0,60.0,20.0,7,1,12,7,49.89999999999998,36.30000000000001,43.06,23.5124568939209,-0.6676,True,False,87.5
EBFP,10.0,60.0,20.0,7,2,12,7,50.5,37.89999999999998,44.19,25.3941593170166,4.8789,True,True,87.5
EBFP,10.0,60.0,20.0,7,3,12,7,44.10000000000002,33.69999999999999,38.91,25.250442504882812,5.0247,True,True,87.5
EBFP,10.0,60.0,20.0,8,1,12,8,41.10000000000002,30.100000000000023,35.6,24.971088409423828,4.3419,True,True,87.5
EBFP,10.0,60.0,20.0,8,2,12,6,50.80000000000001,39.19999999999999,45.01,30.756572723388672,3.3551,False,True,87.5
EBFP,10.0,60.0,20.0,8,3,12,7,51.10000000000002,43.5,47.32,31.32183074951172,-2.1491,False,False,87.5
EBFP,10.0,60.0,20.0,9,1,12,6,55.39999999999998,43.80000000000001,49.59,21.97905158996582,-3.597,True,False,87.5
EBFP,10.0,60.0,20.0,9,2,12,10,47.69999999999999,33.10000000000002,40.37,27.80979347229004,3.3849,True,True,87.5
EBFP,10.0,60.0,20.0,9,3,12,8,52.30000000000001,37.69999999999999,45.02,25.79770278930664,0.2542,True,True,87.5
EBFP,10.0,60.0,20.0,10,1,12,9,42.60000000000002,51.19999999999999,46.86,30.999374389648438,-0.4744,False,False,87.5
EBFP,10.0,60.0,20.0,10,2,12,8,43.80000000000001,34.39999999999998,39.11,25.51360321044922,4.9719,True,True,87.5
EBFP,10.0,60.0,20.0,10,3,12,7,41.89999999999998,32.30000000000001,37.12,27.10979461669922,2.9648,True,True,87.5
EBFP,10.0,60.0,20.0,11,1,12,8,37.19999999999999,28.899999999999977,33.05,23.72991371154785,1.2785,True,True,87.5
EBFP,10.0,60.0,20.0,11,2,12,9,37.19999999999999,29.600000000000023,33.38,23.953332901000977,3.4575,True,True,87.5
EBFP,10.0,60.0,20.0,11,3,12,8,42.69999999999999,40.10000000000002,41.41,22.079763412475586,2.2668,True,True,87.5
mOrange,10.0,60.0,20.0,0,1,12,6,59.30000000000001,54.39999999999998,56.86,17.305034637451172,-3.4335,True,False,57.5
mOrange,10.0,60.0,20.0,0,2,12,7,60.80000000000001,56.10000000000002,58.46,26.084917068481445,-3.2096,True,False,57.5
mOrange,10.0,60.0,20.0,0,3,12,8,59.0,54.60000000000002,56.75,24.075088500976562,-2.8917,True,False,57.5
mOrange,10.0,60.0,20.0,1,1,12,7,62.19999999999999,56.69999999999999,59.46,24.815942764282227,-2.7021,True,False,57.5
mOrange,10.0,60.0,20.0,1,2,12,7,66.39999999999998,59.0,62.68,25.85850715637207,1.8144,True,True,57.5
mOrange,10.0,60.0,20.0,1,3,12,7,66.10000000000002,57.80000000000001,61.96,25.740642547607422,-1.8868,True,False,57.5
mOrange,10.0,60.0,20.0,2,1,12,6,58.60000000000002,54.89999999999998,56.74,20.51072883605957,-4.5112,True,False,57.5
mOrange,10.0,60.0,20.0,2,2,12,9,81.80000000000001,64.69999999999999,73.27,22.730606079101562,-1.4159,True,False,57.5
mOrange,10.0,60.0,20.0,2,3,12,7,62.5,55.39999999999998,58.94,26.59836196899414,-2.7555,True,False,57.5
mOrange,10.0,60.0,20.0,3,1,12,6,58.60000000000002,56.0,57.33,29.496845245361328,-4.6145,True,False,57.5
mOrange,10.0,60.0,20.0,3,2,12,7,58.10000000000002,47.10000000000002,52.6,31.0063419342041,-2.344,False,False,57.5
mOrange,10.0,60.0,20.0,3,3,12,6,56.30000000000001,50.30000000000001,53.29,30.724876403808594,-3.8279,False,False,57.5
mOrange,10.0,60.0,20.0,4,1,12,8,60.39999999999998,54.0,57.22,25.81289291381836,-2.3601,True,False,57.5
mOrange,10.0,60.0,20.0,4,2,12,8,61.89999999999998,55.39999999999998,58.65,23.143896102905273,-1.4917,True,False,57.5
mOrange,10.0,60.0,20.0,4,3,12,7,61.10000000000002,55.10000000000002,58.14,25.858844757080078,-2.6434,True,False,57.5
mOrange,10.0,60.0,20.0,5,1,12,6,66.19999999999999,60.10000000000002,63.12,20.13836097717285,-3.242,True,False,57.5
mOrange,10.0,60.0,20.0,5,2,12,8,69.19999999999999,45.799999999999955,57.5,26.561283111572266,0.9663,True,True,57.5
mOrange,10.0,60.0,20.0,5,3,12,7,66.89999999999998,47.60000000000002,57.23,26.454124450683594,3.0333,True,True,57.5
mOrange,10.0,60.0,20.0,6,1,12,5,63.30000000000001,56.0,59.63,25.944650650024414,-4.0005,True,False,57.5
mOrange,10.0,60.0,20.0,6,2,12,6,69.0,50.60000000000002,59.78,25.56180763244629,1.2444,True,True,57.5
mOrange,10.0,60.0,20.0,6,3,12,6,61.69999999999999,43.799999999999955,52.73,25.412702560424805,1.1074,True,True,57.5
mOrange,10.0,60.0,20.0,7,1,12,6,60.0,56.0,58.0,20.12383460998535,-4.1707,True,False,57.5
mOrange,10.0,60.0,20.0,7,2,12,8,54.10000000000002,49.89999999999998,52.04,23.453720092773438,-2.23,True,False,57.5
mOrange,10.0,60.0,20.0,7,3,12,10,58.89999999999998,53.39999999999998,56.15,28.495399475097656,-1.3683,True,False,57.5
mOrange,10.0,60.0,20.0,8,1,12,5,72.60000000000002,64.0,68.31,21.900197982788086,-0.0154,True,False,57.5
mOrange,10.0,60.0,20.0,8,2,12,6,62.80000000000001,57.39999999999998,60.08,26.545364379882812,-3.8869,True,False,57.5
mOrange,10.0,60.0,20.0,8,3,12,6,59.80000000000001,55.80000000000001,57.79,25.12059211730957,-3.452,True,False,57.5
mOrange,10.0,60.0,20.0,9,1,12,5,65.30000000000001,59.10000000000002,62.22,19.911991119384766,-4.4097,True,False,57.5
mOrange,10.0,60.0,20.0,9,2,12,8,66.19999999999999,59.39999999999998,62.79,28.664772033691406,-0.963,True,False,57.5
mOrange,10.0,60.0,20.0,9,3,12,10,57.39999999999998,47.299999999999955,52.38,43.732643127441406,-0.9076,False,False,57.5
mOrange,10.0,60.0,20.0,10,1,12,8,58.30000000000001,52.69999999999999,55.47,21.892805099487305,-1.9538,True,False,57.5
mOrange,10.0,60.0,20.0,10,2,12,7,56.5,52.80000000000001,54.69,22.582212448120117,-2.2387,True,False,57.5
mOrange,10.0,60.0,20.0,11,1,12,6,59.60000000000002,54.30000000000001,56.95,27.845609664916992,-3.7929,True,False,57.5
mOrange,10.0,60.0,20.0,11,2,12,6,61.10000000000002,56.0,58.56,24.593273162841797,-4.2407,True,False,57.5
mOrange,10.0,60.0,20.0,11,3,12,6,56.69999999999999,53.0,54.85,27.67180633544922,-3.4604,True,False,57.5
EBFP,20.0,40.0,10.0,0,1,24,14,15.600000000000023,11.5,13.55,29.442245483398438,-5.4056,True,False,87.5
EBFP,20.0,40.0,10.0,0,2,24,14,18.80000000000001,13.199999999999989,16.0,28.800222396850586,-5.0017,True,False,87.5
EBFP,20.0,40.0,10.0,0,3,24,15,16.600000000000023,12.100000000000023,14.36,33.648529052734375,-4.9087,False,False,87.5
EBFP,20.0,40.0,10.0,1,1,24,12,41.10000000000002,30.80000000000001,35.98,27.863277435302734,0.5518,True,True,87.5
EBFP,20.0,40.0,10.0,1,2,24,9,42.0,38.30000000000001,40.15,29.619735717773438,-2.1526,True,False,87.5
EBFP,20.0,40.0,10.0,1,3,24,9,31.399999999999977,36.0,33.73,29.535696029663086,-0.6189,True,False,87.5
EBFP,20.0,40.0,10.0,2,1,24,10,39.0,32.19999999999999,35.6,29.458255767822266,-0.5837,True,False,87.5
EBFP,20.0,40.0,10.0,2,2,24,13,36.89999999999998,30.19999999999999,33.6,27.55088996887207,2.5301,True,True,87.5
EBFP,20.0,40.0,10.0,2,3,24,9,35.0,29.80000000000001,32.37,30.336050033569336,3.2425,False,True,87.5
EBFP,20.0,40.0,10.0,3,1,24,11,23.69999999999999,35.30000000000001,29.51,30.391565322875977,-3.1324,False,False,87.5
EBFP,20.0,40.0,10.0,3,2,24,9,32.69999999999999,23.80000000000001,28.25,25.682607650756836,1.7713,True,True,87.5
EBFP,20.0,40.0,10.0,3,3,24,10,34.5,28.5,31.51,29.538816452026367,1.1314,True,True,87.5
EBFP,20.0,40.0,10.0,4,1,24,9,34.69999999999999,28.30000000000001,31.49,25.825361251831055,-1.0053,True,False,87.5
EBFP,20.0,40.0,10.0,4,2,24,9,35.80000000000001,29.899999999999977,32.81,24.953468322753906,0.7482,True,True,87.5
EBFP,20.0,40.0,10.0,4,3,24,15,0.19999999999998863,0.30000000000001137,0.27,33.258522033691406,-4.4505,False,False,87.5
EBFP,20.0,40.0,10.0,5,1,24,10,34.39999999999998,28.600000000000023,31.53,29.51839256286621,0.0043,True,True,87.5
EBFP,20.0,40.0,10.0,5,2,24,10,26.0,43.69999999999999,34.86,27.863380432128906,0.5948,True,True,87.5
EBFP,20.0,40.0,10.0,5,3,24,11,39.60000000000002,39.30000000000001,39.46,28.216970443725586,1.1906,True,True,87.5
EBFP,20.0,40.0,10.0,6,1,24,10,42.30000000000001,31.69999999999999,37.0,29.161998748779297,2.6428,True,True,87.5
EBFP,20.0,40.0,10.0,6,2,24,11,36.80000000000001,28.80000000000001,32.79,29.169713973999023,3.2378,True,True,87.5
EBFP,20.0,40.0,10.0,6,3,24,10,42.30000000000001,30.899999999999977,36.64,28.38761329650879,1.7104,True,True,87.5
EBFP,20.0,40.0,10.0,7,1,24,11,32.80000000000001,21.69999999999999,27.25,27.59313201904297,-4.4418,True,False,87.5
EBFP,20.0,40.0,10.0,7,2,24,15,39.0,35.0,36.96,30.00613784790039,-2.5118,True,False,87.5
EBFP,20.0,40.0,10.0,7,3,24,13,32.0,25.80000000000001,28.91,26.98499870300293,-1.5409,True,False,87.5
EBFP,20.0,40.0,10.0,8,1,24,12,19.80000000000001,26.69999999999999,23.23,37.10285568237305,-3.4076,False,False,87.5
EBFP,20.0,40.0,10.0,8,2,24,9,39.39999999999998,30.399999999999977,34.91,30.026796340942383,1.1614,True,True,87.5
EBFP,20.0,40.0,10.0,8,3,24,11,30.600000000000023,26.399999999999977,28.51,31.613780975341797,1.9767,False,True,87.5
EBFP,20.0,40.0,10.0,9,1,24,11,34.39999999999998,22.69999999999999,28.55,33.444732666015625,-3.1566,False,False,87.5
EBFP,20.0,40.0,10.0,9,2,24,9,37.89999999999998,32.80000000000001,35.36,27.708934783935547,-1.0119,True,False,87.5
EBFP,20.0,40.0,10.0,9,3,24,10,40.19999999999999,30.100000000000023,35.17,27.28398323059082,0.5085,True,True,87.5
EBFP,20.0,40.0,10.0,10,1,24,12,17.899999999999977,22.0,19.92,31.654136657714844,-1.859,False,False,87.5
EBFP,20.0,40.0,10.0,10,2,24,11,27.600000000000023,26.100000000000023,26.86,26.467798233032227,1.9642,True,True,87.5
EBFP,20.0,40.0,10.0,10,3,24,11,25.899999999999977,26.30000000000001,26.1,26.028539657592773,1.8807,True,True,87.5
EBFP,20.0,40.0,10.0,11,1,24,18,11.0,9.399999999999977,10.19,39.06534957885742,-5.5582,False,False,87.5
EBFP,20.0,40.0,10.0,11,2,24,14,0.8000000000000114,0.19999999999998863,0.51,34.15522003173828,-5.9738,False,False,87.5
EBFP,20.0,40.0,10.0,11,3,24,14,0.30000000000001137,1.6999999999999886,1.0,33.21236801147461,-5.4296,False,False,87.5
EBFP,20.0,40.0,10.0,12,1,24,10,27.80000000000001,25.19999999999999,26.51,26.301151275634766,1.8138,True,True,87.5
EBFP,20.0,40.0,10.0,12,2,24,10,30.0,27.600000000000023,28.81,25.933130264282227,2.5587,True,True,87.5
EBFP,20.0,40.0,10.0,12,3,24,11,15.300000000000011,27.0,21.12,29.080968856811523,0.7814,True,True,87.5
EBFP,20.0,40.0,10.0,13,1,24,12,25.899999999999977,22.5,24.21,31.505002975463867,-4.0124,False,False,87.5
EBFP,20.0,40.0,10.0,13,2,24,9,11.600000000000023,20.19999999999999,15.87,28.738603591918945,0.9884,True,True,87.5
EBFP,20.0,40.0,10.0,13,3,24,13,14.399999999999977,16.80000000000001,15.6,32.36166000366211,-4.4167,False,False,87.5
EBFP,20.0,40.0,10.0,14,1,24,13,37.89999999999998,30.80000000000001,34.36,34.3582649230957,-2.145,False,False,87.5
EBFP,20.0,40.0,10.0,14,2,24,10,39.0,30.600000000000023,34.76,25.386266708374023,3.3649,True,True,87.5
EBFP,20.0,40.0,10.0,14,3,24,8,34.30000000000001,26.69999999999999,30.47,28.906219482421875,-0.2258,True,False,87.5
EBFP,20.0,40.0,10.0,15,1,24,13,29.600000000000023,20.5,25.05,33.85007858276367,-6.3288,False,False,87.5
EBFP,20.0,40.0,10.0,15,2,24,13,10.399999999999977,13.300000000000011,11.85,34.68824005126953,-3.7685,False,False,87.5
EBFP,20.0,40.0,10.0,15,3,24,13,0.19999999999998863,17.0,8.63,35.916908264160156,-3.3382,False,False,87.5
EBFP,20.0,40.0,10.0,16,1,24,15,25.399999999999977,26.19999999999999,25.83,34.91270065307617,-5.2572,False,False,87.5
EBFP,20.0,40.0,10.0,16,2,24,13,21.69999999999999,29.80000000000001,25.74,36.78647232055664,-3.6925,False,False,87.5
EBFP,20.0,40.0,10.0,16,3,24,13,20.80000000000001,21.5,21.18,33.615230560302734,-3.8828,False,False,87.5
EBFP,20.0,40.0,10.0,17,1,24,14,41.10000000000002,40.0,40.54,27.241199493408203,-3.182,True,False,87.5
EBFP,20.0,40.0,10.0,17,2,24,11,20.19999999999999,22.30000000000001,21.26,29.13099479675293,0.7212,True,True,87.5
EBFP,20.0,40.0,10.0,17,3,24,11,16.0,26.5,21.27,32.034088134765625,-0.2879,False,False,87.5
EBFP,20.0,40.0,10.0,18,1,24,13,0.19999999999998863,0.6000000000000227,0.38,30.700878143310547,-4.4275,False,False,87.5
EBFP,20.0,40.0,10.0,18,2,24,12,0.19999999999998863,0.0,0.11,31.262672424316406,-5.0726,False,False,87.5
EBFP,20.0,40.0,10.0,18,3,24,10,65.60000000000002,43.19999999999999,54.42,30.7653751373291,-1.0794,False,False,87.5
EBFP,20.0,40.0,10.0,19,1,24,10,41.0,31.0,36.04,30.0245304107666,1.9886,True,True,87.5
EBFP,20.0,40.0,10.0,19,2,24,13,10.100000000000023,6.399999999999977,8.28,35.06050491333008,-4.5704,False,False,87.5
EBFP,20.0,40.0,10.0,19,3,24,14,73.60000000000002,43.69999999999999,58.68,29.652267456054688,-1.2228,True,False,87.5
EBFP,20.0,40.0,10.0,20,1,24,16,9.899999999999977,9.800000000000011,9.85,31.470417022705078,-6.7949,False,False,87.5
EBFP,20.0,40.0,10.0,20,2,24,14,14.899999999999977,20.0,17.41,34.18483352661133,-0.7499,False,False,87.5
EBFP,20.0,40.0,10.0,20,3,24,16,25.0,16.600000000000023,20.79,32.05715560913086,-5.5658,False,False,87.5
EBFP,20.0,40.0,10.0,21,1,24,13,44.39999999999998,31.19999999999999,37.81,30.912370681762695,-2.7764,False,False,87.5
EBFP,20.0,40.0,10.0,21,2,24,11,49.69999999999999,29.899999999999977,39.79,27.791715621948242,2.0678,True,True,87.5
EBFP,20.0,40.0,10.0,21,3,24,14,39.19999999999999,26.69999999999999,32.94,26.760353088378906,-0.2486,True,False,87.5
EBFP,20.0,40.0,10.0,22,1,24,11,46.10000000000002,33.30000000000001,39.74,30.279481887817383,-2.5883,False,False,87.5
EBFP,20.0,40.0,10.0,22,2,24,11,36.30000000000001,30.399999999999977,33.34,26.383617401123047,4.1056,True,True,87.5
EBFP,20.0,40.0,10.0,22,3,24,10,34.10000000000002,30.600000000000023,32.36,26.982900619506836,0.7118,True,True,87.5
EBFP,20.0,40.0,10.0,23,1,24,12,44.60000000000002,32.39999999999998,38.53,31.542064666748047,-3.3336,False,False,87.5
EBFP,20.0,40.0,10.0,23,2,24,15,26.30000000000001,28.600000000000023,27.44,37.1575927734375,1.1716,False,True,87.5
EBFP,20.0,40.0,10.0,23,3,24,13,27.899999999999977,27.80000000000001,27.85,35.07600021362305,1.7626,False,True,87.5
mOrange,20.0,40.0,10.0,0,1,24,8,41.39999999999998,37.39999999999998,39.38,21.45914077758789,-4.6242,True,False,57.5
mOrange,20.0,40.0,10.0,0,2,24,11,30.5,21.600000000000023,26.05,32.3599853515625,-2.4025,False,False,57.5
mOrange,20.0,40.0,10.0,0,3,24,6,66.19999999999999,44.0,55.1,29.100765228271484,0.5783,True,True,57.5
mOrange,20.0,40.0,10.0,1,1,24,11,44.30000000000001,44.89999999999998,44.57,31.49311637878418,-5.1852,False,False,57.5
mOrange,20.0,40.0,10.0,1,2,24,15,46.5,46.10000000000002,46.29,37.92403793334961,-3.4917,False,False,57.5
mOrange,20.0,40.0,10.0,1,3,24,15,37.30000000000001,35.5,36.4,31.518695831298828,-2.8361,False,False,57.5
mOrange,20.0,40.0,10.0,2,1,24,9,43.89999999999998,42.5,43.23,31.06228256225586,-4.4081,False,False,57.5
mOrange,20.0,40.0,10.0,2,2,24,14,42.39999999999998,47.39999999999998,44.89,34.19648742675781,-3.8622,False,False,57.5
mOrange,20.0,40.0,10.0,2,3,24,16,44.30000000000001,42.200000000000045,43.25,35.561668395996094,-3.6824,False,False,57.5
mOrange,20.0,40.0,10.0,3,1,24,11,45.39999999999998,44.89999999999998,45.18,32.721351623535156,-5.3168,False,False,57.5
mOrange,20.0,40.0,10.0,3,2,24,12,49.69999999999999,47.10000000000002,48.43,30.971651077270508,0.5521,False,True,57.5
mOrange,20.0,40.0,10.0,3,3,24,11,11.5,1.0,6.21,33.03657913208008,-3.3081,False,False,57.5
mOrange,20.0,40.0,10.0,4,1,24,10,50.19999999999999,47.0,48.58,29.708662033081055,-2.5776,True,False,57.5
mOrange,20.0,40.0,10.0,4,2,24,12,39.60000000000002,38.200000000000045,38.9,35.25759506225586,-2.9519,False,False,57.5
mOrange,20.0,40.0,10.0,4,3,24,12,39.60000000000002,34.700000000000045,37.16,28.661012649536133,-3.6852,True,False,57.5
mOrange,20.0,40.0,10.0,5,1,24,9,45.5,44.799999999999955,45.14,33.32947540283203,-5.4597,False,False,57.5
mOrange,20.0,40.0,10.0,5,2,24,12,39.60000000000002,40.299999999999955,39.96,38.72542953491211,-3.5822,False,False,57.5
mOrange,20.0,40.0,10.0,5,3,24,13,41.60000000000002,41.39999999999998,41.48,38.70660400390625,-3.4177,False,False,57.5
mOrange,20.0,40.0,10.0,6,1,24,11,47.5,44.799999999999955,46.14,31.530227661132812,-3.8663,False,False,57.5
mOrange,20.0,40.0,10.0,6,2,24,11,30.0,22.799999999999955,26.42,29.926523208618164,-3.3612,True,False,57.5
mOrange,20.0,40.0,10.0,6,3,24,7,65.10000000000002,38.299999999999955,51.66,28.93145751953125,2.3186,True,True,57.5
mOrange,20.0,40.0,10.0,7,1,24,9,43.60000000000002,46.200000000000045,44.9,25.198333740234375,-3.3019,True,False,57.5
mOrange,20.0,40.0,10.0,7,2,24,16,27.399999999999977,24.0,25.73,41.9432487487793,-6.941,False,False,57.5
mOrange,20.0,40.0,10.0,7,3,24,14,42.10000000000002,40.0,41.04,32.047889709472656,-3.0069,False,False,57.5
mOrange,20.0,40.0,10.0,8,1,24,13,42.10000000000002,38.799999999999955,40.47,29.249296188354492,-2.7935,True,False,57.5
mOrange,20.0,40.0,10.0,8,2,24,13,39.80000000000001,36.60000000000002,38.21,38.773887634277344,-4.0934,False,False,57.5
mOrange,20.0,40.0,10.0,8,3,24,13,42.19999999999999,37.0,39.62,30.259708404541016,-0.1828,False,False,57.5
mOrange,20.0,40.0,10.0,9,1,24,9,61.0,57.5,59.27,32.79669189453125,-2.8352,False,False,57.5
mOrange,20.0,40.0,10.0,9,2,24,12,46.5,46.60000000000002,46.54,30.65179443359375,-2.7757,False,False,57.5
mOrange,20.0,40.0,10.0,9,3,24,8,48.80000000000001,44.299999999999955,46.52,33.634132385253906,-0.4455,False,False,57.5
mOrange,20.0,40.0,10.0,10,1,24,12,40.19999999999999,37.89999999999998,39.08,27.63624382019043,-4.1144,True,False,57.5
mOrange,20.0,40.0,10.0,10,2,24,10,41.39999999999998,37.60000000000002,39.46,25.115345001220703,-2.2091,True,False,57.5
mOrange,20.0,40.0,10.0,10,3,24,11,34.5,30.600000000000023,32.54,32.062686920166016,-2.5615,False,False,57.5
mOrange,20.0,40.0,10.0,11,1,24,8,41.69999999999999,38.700000000000045,40.17,28.483501434326172,-0.7148,True,False,57.5
mOrange,20.0,40.0,10.0,11,2,24,9,39.30000000000001,27.299999999999955,33.29,28.549224853515625,1.8067,True,True,57.5
mOrange,20.0,40.0,10.0,11,3,24,9,32.200000000000045,24.399999999999977,28.3,28.947818756103516,0.7977,True,True,57.5
mOrange,20.0,40.0,10.0,12,1,24,10,47.0,45.299999999999955,46.13,30.798980712890625,-5.1649,False,False,57.5
mOrange,20.0,40.0,10.0,12,2,24,9,48.19999999999999,46.799999999999955,47.53,29.4326114654541,-5.2607,True,False,57.5
mOrange,20.0,40.0,10.0,12,3,24,12,50.60000000000002,48.299999999999955,49.45,35.639007568359375,-4.3134,False,False,57.5
mOrange,20.0,40.0,10.0,13,1,24,8,43.10000000000002,41.799999999999955,42.46,25.90662956237793,-4.5773,True,False,57.5
mOrange,20.0,40.0,10.0,13,2,24,11,33.60000000000002,28.0,30.79,26.549734115600586,-1.9464,True,False,57.5
mOrange,20.0,40.0,10.0,13,3,24,9,40.10000000000002,26.600000000000023,33.31,25.53377914428711,0.2602,True,True,57.5
mOrange,20.0,40.0,10.0,14,1,24,11,46.19999999999999,43.39999999999998,44.83,30.168386459350586,-4.2497,True,False,57.5
mOrange,20.0,40.0,10.0,14,2,24,10,45.30000000000001,41.0,43.14,28.515844345092773,-3.1027,True,False,57.5
mOrange,20.0,40.0,10.0,14,3,24,13,33.299999999999955,18.799999999999955,26.03,30.131772994995117,-1.5196,True,False,57.5
mOrange,20.0,40.0,10.0,15,1,24,10,45.89999999999998,45.799999999999955,45.83,28.08941078186035,-4.4837,True,False,57.5
mOrange,20.0,40.0,10.0,15,2,24,11,38.10000000000002,38.799999999999955,38.44,34.45552062988281,-4.5805,False,False,57.5
mOrange,20.0,40.0,10.0,15,3,24,13,50.10000000000002,33.0,41.56,32.31699752807617,-1.1146,False,False,57.5
mOrange,20.0,40.0,10.0,16,1,24,10,44.80000000000001,44.39999999999998,44.61,25.36506462097168,-4.0055,True,False,57.5
mOrange,20.0,40.0,10.0,16,2,24,11,44.10000000000002,41.0,42.55,29.079301834106445,-3.7634,True,False,57.5
mOrange,20.0,40.0,10.0,16,3,24,13,35.299999999999955,29.200000000000045,32.27,32.4993896484375,-3.4588,False,False,57.5
mOrange,20.0,40.0,10.0,17,1,24,9,35.39999999999998,28.200000000000045,31.81,30.769250869750977,-1.6161,False,False,57.5
mOrange,20.0,40.0,10.0,17,2,24,9,41.30000000000001,19.700000000000045,30.51,32.118526458740234,-1.3254,False,False,57.5
mOrange,20.0,40.0,10.0,17,3,24,9,40.80000000000001,30.100000000000023,35.44,33.45521545410156,-1.5138,False,False,57.5
mOrange,20.0,40.0,10.0,18,1,24,11,47.39999999999998,44.700000000000045,46.04,32.25502395629883,-4.1142,False,False,57.5
mOrange,20.0,40.0,10.0,18,2,24,12,31.5,24.200000000000045,27.84,34.45992660522461,-2.1466,False,False,57.5
mOrange,20.0,40.0,10.0,18,3,24,15,27.700000000000045,15.899999999999977,21.84,36.07490158081055,1.3218,False,True,57.5
mOrange,20.0,40.0,10.0,19,1,24,11,43.5,40.700000000000045,42.09,36.295440673828125,-6.2993,False,False,57.5
mOrange,20.0,40.0,10.0,19,2,24,12,45.19999999999999,43.799999999999955,44.52,37.678123474121094,-6.0968,False,False,57.5
mOrange,20.0,40.0,10.0,19,3,24,9,38.80000000000001,39.89999999999998,39.37,36.67867660522461,-6.4695,False,False,57.5
mOrange,20.0,40.0,10.0,20,1,24,10,42.10000000000002,39.200000000000045,40.67,24.19251823425293,-4.8705,True,False,57.5
mOrange,20.0,40.0,10.0,20,2,24,13,36.60000000000002,26.600000000000023,31.61,29.50806999206543,-4.5447,True,False,57.5
mOrange,20.0,40.0,10.0,20,3,24,13,35.89999999999998,25.0,30.43,29.46160316467285,-3.9406,True,False,57.5
mOrange,20.0,40.0,10.0,21,1,24,11,39.69999999999999,38.700000000000045,39.21,35.052978515625,-6.7865,False,False,57.5
mOrange,20.0,40.0,10.0,21,2,24,10,48.60000000000002,47.5,48.05,37.981842041015625,-3.7535,False,False,57.5
mOrange,20.0,40.0,10.0,21,3,24,12,36.10000000000002,38.10000000000002,37.08,41.74860382080078,-5.6355,False,False,57.5
mOrange,20.0,40.0,10.0,22,1,24,11,41.5,42.5,41.99,27.042837142944336,-4.9865,True,False,57.5
mOrange,20.0,40.0,10.0,22,2,24,13,25.899999999999977,17.200000000000045,21.53,28.736419677734375,-3.4995,True,False,57.5
mOrange,20.0,40.0,10.0,22,3,24,10,28.0,16.600000000000023,22.31,28.350767135620117,-0.7148,True,False,57.5
mOrange,20.0,40.0,10.0,23,1,24,9,48.89999999999998,46.799999999999955,47.86,23.772924423217773,-4.3483,True,False,57.5
mOrange,20.0,40.0,10.0,23,2,24,10,47.89999999999998,46.200000000000045,47.06,28.142812728881836,-4.0465,True,False,57.5
mOrange,20.0,40.0,10.0,23,3,24,11,40.0,36.299999999999955,38.16,29.05748176574707,-3.3207,True,False,57.5
EBFP,20.0,40.0,15.0,0,1,12,13,17.399999999999977,12.300000000000011,14.86,27.958629608154297,-5.5504,True,False,87.5
EBFP,20.0,40.0,15.0,0,2,12,13,24.0,14.399999999999977,19.21,27.428199768066406,-4.2364,True,False,87.5
EBFP,20.0,40.0,15.0,0,3,12,12,26.80000000000001,17.899999999999977,22.32,35.69234848022461,-3.8753,False,False,87.5
EBFP,20.0,40.0,15.0,1,1,12,11,44.60000000000002,31.19999999999999,37.91,27.282739639282227,1.4348,True,True,87.5
EBFP,20.0,40.0,15.0,1,2,12,9,45.60000000000002,40.60000000000002,43.12,24.60379981994629,-1.6013,True,False,87.5
EBFP,20.0,40.0,15.0,1,3,12,10,37.80000000000001,27.899999999999977,32.87,29.262243270874023,0.0711,True,True,87.5
EBFP,20.0,40.0,15.0,2,1,12,9,37.39999999999998,34.80000000000001,36.08,25.007509231567383,-1.3208,True,False,87.5
EBFP,20.0,40.0,15.0,2,2,12,9,47.60000000000002,34.39999999999998,40.99,25.309423446655273,1.9807,True,True,87.5
EBFP,20.0,40.0,15.0,2,3,12,9,42.80000000000001,35.89999999999998,39.37,25.34659767150879,1.4946,True,True,87.5
EBFP,20.0,40.0,15.0,3,1,12,10,42.10000000000002,31.399999999999977,36.77,29.64318084716797,0.611,True,True,87.5
EBFP,20.0,40.0,15.0,3,2,12,6,40.39999999999998,29.19999999999999,34.83,24.975162506103516,1.5191,True,True,87.5
EBFP,20.0,40.0,15.0,3,3,12,8,36.60000000000002,28.399999999999977,32.47,28.211837768554688,0.9305,True,True,87.5
EBFP,20.0,40.0,15.0,4,1,12,9,36.0,29.0,32.49,24.531673431396484,1.134,True,True,87.5
EBFP,20.0,40.0,15.0,4,2,12,10,34.60000000000002,29.69999999999999,32.17,25.74793243408203,2.586,True,True,87.5
EBFP,20.0,40.0,15.0,4,3,12,9,1.5,0.30000000000001137,0.92,27.202659606933594,-5.1608,True,False,87.5
EBFP,20.0,40.0,15.0,5,1,12,10,34.39999999999998,28.600000000000023,31.53,29.51839256286621,0.0043,True,True,87.5
EBFP,20.0,40.0,15.0,5,2,12,10,29.600000000000023,42.0,35.79,29.283445358276367,2.1541,True,True,87.5
EBFP,20.0,40.0,15.0,5,3,12,10,34.19999999999999,36.80000000000001,35.47,31.582128524780273,-1.4023,False,False,87.5
EBFP,20.0,40.0,15.0,6,1,12,7,43.0,31.600000000000023,37.28,23.459402084350586,4.2211,True,True,87.5
EBFP,20.0,40.0,15.0,6,2,12,9,14.800000000000011,18.0,16.4,28.39459800720215,3.3854,True,True,87.5
EBFP,20.0,40.0,15.0,6,3,12,9,21.0,24.69999999999999,22.84,26.602622985839844,2.513,True,True,87.5
EBFP,20.0,40.0,15.0,7,1,12,10,27.899999999999977,17.69999999999999,22.8,28.929468154907227,-3.372,True,False,87.5
EBFP,20.0,40.0,15.0,7,2,12,8,38.10000000000002,28.899999999999977,33.51,26.55929946899414,-1.0799,True,False,87.5
EBFP,20.0,40.0,15.0,7,3,12,8,49.19999999999999,34.5,41.85,23.639585494995117,0.2347,True,True,87.5
EBFP,20.0,40.0,15.0,8,1,12,9,33.39999999999998,32.0,32.72,34.081321716308594,-2.1519,False,False,87.5
EBFP,20.0,40.0,15.0,8,2,12,7,40.5,30.100000000000023,35.29,26.784542083740234,1.6143,True,True,87.5
EBFP,20.0,40.0,15.0,8,3,12,9,32.69999999999999,31.80000000000001,32.24,28.40433692932129,-0.9543,True,False,87.5
EBFP,20.0,40.0,15.0,9,1,12,9,34.89999999999998,29.30000000000001,32.08,28.749738693237305,1.2194,True,True,87.5
EBFP,20.0,40.0,15.0,9,2,12,10,37.60000000000002,28.899999999999977,33.24,28.646482467651367,2.8336,True,True,87.5
EBFP,20.0,40.0,15.0,9,3,12,8,39.39999999999998,29.600000000000023,34.52,26.64550018310547,2.0045,True,True,87.5
EBFP,20.0,40.0,15.0,10,1,12,12,17.899999999999977,22.0,19.92,31.654136657714844,-1.859,False,False,87.5
EBFP,20.0,40.0,15.0,10,2,12,11,27.600000000000023,26.100000000000023,26.86,26.467798233032227,1.9642,True,True,87.5
EBFP,20.0,40.0,15.0,10,3,12,11,25.899999999999977,26.30000000000001,26.1,26.028533935546875,1.8807,True,True,87.5
EBFP,20.0,40.0,15.0,11,1,12,15,11.699999999999989,9.399999999999977,10.57,38.02769470214844,-5.3279,False,False,87.5
EBFP,20.0,40.0,15.0,11,2,12,11,0.6000000000000227,0.8000000000000114,0.7,35.7949104309082,-5.6722,False,False,87.5
EBFP,20.0,40.0,15.0,11,3,12,11,72.0,47.80000000000001,59.9,26.729536056518555,0.6039,True,True,87.5
mOrange,20.0,40.0,15.0,0,1,12,5,58.30000000000001,53.80000000000001,56.06,17.705263137817383,-4.969,True,False,57.5
mOrange,20.0,40.0,15.0,0,2,12,6,50.0,47.200000000000045,48.6,26.98304557800293,-4.0398,True,False,57.5
mOrange,20.0,40.0,15.0,0,3,12,10,41.0,38.5,39.74,30.984024047851562,-3.5177,False,False,57.5
mOrange,20.0,40.0,15.0,1,1,12,9,54.19999999999999,51.10000000000002,52.66,35.00553512573242,-5.0717,False,False,57.5
mOrange,20.0,40.0,15.0,1,2,12,12,40.80000000000001,41.10000000000002,40.97,35.12282180786133,-4.4123,False,False,57.5
mOrange,20.0,40.0,15.0,1,3,12,10,23.5,2.3999999999999773,12.94,34.0361213684082,-1.4091,False,False,57.5
mOrange,20.0,40.0,15.0,2,1,12,8,43.89999999999998,43.89999999999998,43.9,26.058320999145508,-5.8883,True,False,57.5
mOrange,20.0,40.0,15.0,2,2,12,9,44.80000000000001,48.60000000000002,46.68,28.034393310546875,-4.8093,True,False,57.5
mOrange,20.0,40.0,15.0,2,3,12,9,46.19999999999999,24.5,35.35,26.361488342285156,-2.4763,True,False,57.5
mOrange,20.0,40.0,15.0,3,1,12,8,47.5,45.799999999999955,46.63,30.640913009643555,-5.6288,False,False,57.5
mOrange,20.0,40.0,15.0,3,2,12,10,39.89999999999998,42.5,41.2,40.23900604248047,-4.8669,False,False,57.5
mOrange,20.0,40.0,15.0,3,3,12,8,45.80000000000001,43.799999999999955,44.77,30.68871307373047,-3.3355,False,False,57.5
mOrange,20.0,40.0,15.0,4,1,12,8,54.10000000000002,50.30000000000001,52.17,19.762361526489258,-3.1449,True,False,57.5
mOrange,20.0,40.0,15.0,4,2,12,8,48.30000000000001,45.299999999999955,46.82,27.44911003112793,-4.0444,True,False,57.5
mOrange,20.0,40.0,15.0,4,3,12,9,44.89999999999998,41.0,42.95,30.55608367919922,0.062,False,True,57.5
mOrange,20.0,40.0,15.0,5,1,12,8,45.30000000000001,41.799999999999955,43.57,33.28281784057617,-5.7776,False,False,57.5
mOrange,20.0,40.0,15.0,5,2,12,10,52.10000000000002,45.700000000000045,48.92,35.91886901855469,-5.1677,False,False,57.5
mOrange,20.0,40.0,15.0,5,3,12,8,44.0,39.5,41.72,33.58207321166992,-4.149,False,False,57.5
mOrange,20.0,40.0,15.0,6,1,12,11,47.5,44.799999999999955,46.14,31.530227661132812,-3.8663,False,False,57.5
mOrange,20.0,40.0,15.0,6,2,12,9,47.10000000000002,42.60000000000002,44.86,31.57715606689453,1.8787,False,True,57.5
mOrange,20.0,40.0,15.0,6,3,12,10,45.60000000000002,40.700000000000045,43.16,32.595245361328125,1.6182,False,True,57.5
mOrange,20.0,40.0,15.0,7,1,12,7,45.5,48.89999999999998,47.21,24.28217887878418,-4.9066,True,False,57.5
mOrange,20.0,40.0,15.0,7,2,12,9,33.799999999999955,26.399999999999977,30.08,28.75751304626465,-2.045,True,False,57.5
mOrange,20.0,40.0,15.0,7,3,12,8,29.799999999999955,16.5,23.15,28.716585159301758,-1.6752,True,False,57.5
mOrange,20.0,40.0,15.0,8,1,12,9,45.80000000000001,41.799999999999955,43.84,36.73578643798828,-2.6225,False,False,57.5
mOrange,20.0,40.0,15.0,8,2,12,10,40.39999999999998,35.700000000000045,38.06,31.512605667114258,-2.2539,False,False,57.5
mOrange,20.0,40.0,15.0,8,3,12,11,36.30000000000001,24.100000000000023,30.18,33.992313385009766,-0.6904,False,False,57.5
mOrange,20.0,40.0,15.0,9,2,12,9,34.299999999999955,31.0,32.66,31.537614822387695,-5.8943,False,False,57.5
mOrange,20.0,40.0,15.0,9,3,12,8,35.60000000000002,21.399999999999977,28.47,25.883432388305664,-1.4567,True,False,57.5
mOrange,20.0,40.0,15.0,10,1,12,10,45.19999999999999,42.89999999999998,44.04,30.711650848388672,-4.7066,False,False,57.5
mOrange,20.0,40.0,15.0,10,2,12,9,42.39999999999998,39.5,40.95,30.448226928710938,-4.2686,False,False,57.5
mOrange,20.0,40.0,15.0,10,3,12,10,36.5,34.39999999999998,35.46,27.434358596801758,-4.8028,True,False,57.5
mOrange,20.0,40.0,15.0,11,1,12,7,36.5,31.299999999999955,33.91,28.16096305847168,-1.1938,True,False,57.5
mOrange,20.0,40.0,15.0,11,2,12,7,42.80000000000001,13.799999999999955,28.3,27.228139877319336,-0.3186,True,False,57.5
mOrange,20.0,40.0,15.0,11,3,12,7,47.19999999999999,16.5,31.86,27.305139541625977,1.0874,True,True,57.5
EBFP,20.0,40.0,20.0,0,1,12,9,33.0,18.5,25.78,28.301149368286133,-3.1838,True,False,87.5
EBFP,20.0,40.0,20.0,0,2,12,6,78.5,48.0,63.24,27.629545211791992,-1.6274,True,False,87.5
EBFP,20.0,40.0,20.0,0,3,12,7,40.60000000000002,31.30000000000001,35.94,24.83742332458496,0.6426,True,True,87.5
EBFP,20.0,40.0,20.0,1,1,12,9,46.0,31.19999999999999,38.63,26.744647979736328,-0.1363,True,False,87.5
EBFP,20.0,40.0,20.0,1,2,12,9,40.5,33.19999999999999,36.84,26.61692237854004,-1.624,True,False,87.5
EBFP,20.0,40.0,20.0,1,3,12,9,35.69999999999999,30.30000000000001,32.97,25.95211410522461,0.8204,True,True,87.5
EBFP,20.0,40.0,20.0,2,1,12,8,38.60000000000002,31.30000000000001,34.96,25.642866134643555,-2.0137,True,False,87.5
EBFP,20.0,40.0,20.0,2,2,12,8,36.19999999999999,36.30000000000001,36.25,27.72002410888672,-3.0794,True,False,87.5
EBFP,20.0,40.0,20.0,2,3,12,8,39.69999999999999,32.10000000000002,35.88,23.77663230895996,-1.2937,True,False,87.5
EBFP,20.0,40.0,20.0,3,1,12,10,42.10000000000002,31.399999999999977,36.77,29.64318084716797,0.611,True,True,87.5
EBFP,20.0,40.0,20.0,3,2,12,6,40.39999999999998,29.19999999999999,34.83,24.975162506103516,1.5191,True,True,87.5
EBFP,20.0,40.0,20.0,3,3,12,8,36.60000000000002,28.399999999999977,32.47,28.211837768554688,0.9305,True,True,87.5
EBFP,20.0,40.0,20.0,4,1,12,7,36.10000000000002,31.30000000000001,33.67,27.785537719726562,0.7704,True,True,87.5
EBFP,20.0,40.0,20.0,4,2,12,10,33.60000000000002,28.600000000000023,31.13,28.81845474243164,-2.9374,True,False,87.5
EBFP,20.0,40.0,20.0,4,3,12,9,32.19999999999999,23.69999999999999,27.96,30.128488540649414,-1.4406,True,False,87.5
EBFP,20.0,40.0,20.0,5,1,12,10,34.39999999999998,28.600000000000023,31.53,29.51839256286621,0.0043,True,True,87.5
EBFP,20.0,40.0,20.0,5,2,12,9,36.5,27.600000000000023,32.04,27.816280364990234,-2.0423,True,False,87.5
EBFP,20.0,40.0,20.0,5,3,12,9,37.30000000000001,36.10000000000002,36.73,27.872175216674805,-0.6874,True,False,87.5
EBFP,20.0,40.0,20.0,6,1,12,7,43.0,31.600000000000023,37.28,23.459402084350586,4.2211,True,True,87.5
EBFP,20.0,40.0,20.0,6,2,12,8,17.19999999999999,20.399999999999977,18.82,29.4934024810791,2.4661,True,True,87.5
EBFP,20.0,40.0,20.0,6,3,12,9,21.0,24.69999999999999,22.84,26.602622985839844,2.513,True,True,87.5
EBFP,20.0,40.0,20.0,7,1,12,7,45.10000000000002,28.5,36.78,27.173734664916992,-5.5392,True,False,87.5
EBFP,20.0,40.0,20.0,7,2,12,8,40.60000000000002,32.39999999999998,36.51,25.884662628173828,-0.011,True,False,87.5
EBFP,20.0,40.0,20.0,7,3,12,8,11.800000000000011,20.19999999999999,16.02,28.25453758239746,-1.016,True,False,87.5
EBFP,20.0,40.0,20.0,8,1,12,8,41.10000000000002,30.100000000000023,35.6,24.971088409423828,4.3419,True,True,87.5
EBFP,20.0,40.0,20.0,8,2,12,9,36.30000000000001,31.19999999999999,33.76,28.883176803588867,3.4437,True,True,87.5
EBFP,20.0,40.0,20.0,8,3,12,8,36.80000000000001,29.80000000000001,33.27,28.96852684020996,3.7912,True,True,87.5
EBFP,20.0,40.0,20.0,9,1,12,8,36.39999999999998,27.600000000000023,32.01,24.83114242553711,1.8373,True,True,87.5
EBFP,20.0,40.0,20.0,9,2,12,9,39.30000000000001,31.80000000000001,35.55,31.249820709228516,0.0603,False,True,87.5
EBFP,20.0,40.0,20.0,9,3,12,6,41.89999999999998,32.0,36.94,29.764976501464844,1.3311,True,True,87.5
EBFP,20.0,40.0,20.0,10,1,12,9,44.60000000000002,34.69999999999999,39.64,26.845237731933594,-3.005,True,False,87.5
EBFP,20.0,40.0,20.0,10,2,12,8,44.0,34.30000000000001,39.15,23.752445220947266,4.1805,True,True,87.5
EBFP,20.0,40.0,20.0,10,3,12,8,34.30000000000001,29.30000000000001,31.8,28.38218879699707,0.3876,True,True,87.5
EBFP,20.0,40.0,20.0,11,1,12,9,39.0,31.19999999999999,35.08,34.14299011230469,-0.108,False,False,87.5
EBFP,20.0,40.0,20.0,11,2,12,9,33.0,30.69999999999999,31.81,30.606290817260742,2.1877,False,True,87.5
EBFP,20.0,40.0,20.0,11,3,12,8,41.30000000000001,30.19999999999999,35.7,25.822866439819336,0.8201,True,True,87.5
mOrange,20.0,40.0,20.0,0,1,12,5,58.30000000000001,53.80000000000001,56.06,17.705263137817383,-4.969,True,False,57.5
mOrange,20.0,40.0,20.0,0,2,12,6,50.0,47.200000000000045,48.6,26.98304557800293,-4.0398,True,False,57.5
mOrange,20.0,40.0,20.0,0,3,12,6,44.10000000000002,44.10000000000002,44.08,31.77626609802246,-4.7342,False,False,57.5
mOrange,20.0,40.0,20.0,1,1,12,8,52.89999999999998,48.799999999999955,50.88,27.998537063598633,-4.5246,True,False,57.5
mOrange,20.0,40.0,20.0,1,2,12,8,53.39999999999998,51.0,52.24,29.219064712524414,-3.2467,True,False,57.5
mOrange,20.0,40.0,20.0,1,3,12,9,51.69999999999999,32.39999999999998,42.07,28.221525192260742,-1.9385,True,False,57.5
mOrange,20.0,40.0,20.0,2,1,12,8,43.89999999999998,43.89999999999998,43.9,26.058320999145508,-5.8883,True,False,57.5
mOrange,20.0,40.0,20.0,2,2,12,8,41.19999999999999,41.10000000000002,41.18,27.836719512939453,-4.2135,True,False,57.5
mOrange,20.0,40.0,20.0,2,3,12,7,47.69999999999999,44.0,45.81,27.29442596435547,-1.3343,True,False,57.5
mOrange,20.0,40.0,20.0,3,1,12,5,54.5,51.30000000000001,52.89,23.6265811920166,-5.2892,True,False,57.5
mOrange,20.0,40.0,20.0,3,2,12,6,55.80000000000001,52.10000000000002,53.96,27.415327072143555,-3.6433,True,False,57.5
mOrange,20.0,40.0,20.0,3,3,12,8,45.60000000000002,43.799999999999955,44.72,30.565855026245117,-4.5853,False,False,57.5
mOrange,20.0,40.0,20.0,4,1,12,6,52.10000000000002,47.60000000000002,49.84,28.42682647705078,-4.7776,True,False,57.5
mOrange,20.0,40.0,20.0,4,2,12,5,60.10000000000002,55.39999999999998,57.73,26.127580642700195,-3.9056,True,False,57.5
mOrange,20.0,40.0,20.0,4,3,12,7,55.19999999999999,47.299999999999955,51.24,27.332555770874023,0.1579,True,True,57.5
mOrange,20.0,40.0,20.0,5,1,12,8,45.30000000000001,41.799999999999955,43.57,33.28281784057617,-5.7776,False,False,57.5
mOrange,20.0,40.0,20.0,5,2,12,9,47.0,43.299999999999955,45.13,36.97180938720703,-5.353,False,False,57.5
mOrange,20.0,40.0,20.0,5,3,12,7,46.0,44.799999999999955,45.44,34.39240264892578,-3.8644,False,False,57.5
mOrange,20.0,40.0,20.0,6,1,12,10,51.10000000000002,47.10000000000002,49.1,29.012754440307617,-4.9492,True,False,57.5
mOrange,20.0,40.0,20.0,6,2,12,10,47.80000000000001,45.5,46.64,34.20999526977539,-4.2304,False,False,57.5
mOrange,20.0,40.0,20.0,6,3,12,12,43.19999999999999,40.200000000000045,41.68,32.70085906982422,-3.6303,False,False,57.5
mOrange,20.0,40.0,20.0,7,1,12,5,56.30000000000001,53.19999999999999,54.75,18.806346893310547,-5.1343,True,False,57.5
mOrange,20.0,40.0,20.0,7,2,12,7,43.39999999999998,41.299999999999955,42.37,31.17449951171875,-5.9857,False,False,57.5
mOrange,20.0,40.0,20.0,7,3,12,7,49.39999999999998,47.39999999999998,48.4,29.49912452697754,-3.7262,True,False,57.5
mOrange,20.0,40.0,20.0,8,1,12,8,51.39999999999998,48.10000000000002,49.73,23.43172264099121,-4.4858,True,False,57.5
mOrange,20.0,40.0,20.0,8,2,12,8,47.89999999999998,45.799999999999955,46.85,22.012447357177734,-4.1187,True,False,57.5
mOrange,20.0,40.0,20.0,8,3,12,8,41.39999999999998,39.799999999999955,40.58,23.8227481842041,-5.4112,True,False,57.5
mOrange,20.0,40.0,20.0,9,2,12,8,54.69999999999999,48.700000000000045,51.67,28.642946243286133,-4.4931,True,False,57.5
mOrange,20.0,40.0,20.0,9,3,12,8,41.69999999999999,40.10000000000002,40.86,25.54669189453125,-4.5234,True,False,57.5
mOrange,20.0,40.0,20.0,10,1,12,7,57.19999999999999,53.30000000000001,55.25,20.872224807739258,-2.0884,True,False,57.5
mOrange,20.0,40.0,20.0,10,2,12,9,41.60000000000002,39.10000000000002,40.38,27.73233985900879,-4.3515,True,False,57.5
mOrange,20.0,40.0,20.0,10,3,12,9,40.30000000000001,39.0,39.66,28.989667892456055,-3.5644,True,False,57.5
mOrange,20.0,40.0,20.0,11,1,12,5,59.39999999999998,38.700000000000045,49.05,24.356826782226562,-0.9465,True,False,57.5
mOrange,20.0,40.0,20.0,11,2,12,6,44.39999999999998,15.399999999999977,29.9,25.97519874572754,-0.4041,True,False,57.5
EBFP,20.0,50.0,10.0,0,1,12,14,15.600000000000023,11.5,13.55,29.442245483398438,-5.4056,True,False,87.5
EBFP,20.0,50.0,10.0,0,2,12,17,20.0,15.899999999999977,17.96,31.321767807006836,-3.1195,False,False,87.5
EBFP,20.0,50.0,10.0,0,3,12,11,21.30000000000001,20.5,20.9,31.96617889404297,-3.4135,False,False,87.5
EBFP,20.0,50.0,10.0,1,1,12,12,37.69999999999999,35.89999999999998,36.79,28.108020782470703,1.1615,True,True,87.5
EBFP,20.0,50.0,10.0,1,2,12,12,29.80000000000001,35.39999999999998,32.59,33.323753356933594,0.9927,False,True,87.5
EBFP,20.0,50.0,10.0,1,3,12,12,28.0,31.5,29.78,30.919200897216797,1.3695,False,True,87.5
EBFP,20.0,50.0,10.0,2,1,12,10,39.0,32.19999999999999,35.6,29.458255767822266,-0.5837,True,False,87.5
EBFP,20.0,50.0,10.0,2,2,12,11,42.39999999999998,31.69999999999999,37.07,23.577938079833984,4.3271,True,True,87.5
EBFP,20.0,50.0,10.0,2,3,12,11,42.89999999999998,33.69999999999999,38.31,23.377355575561523,5.7343,True,True,87.5
EBFP,20.0,50.0,10.0,3,1,12,10,42.10000000000002,31.399999999999977,36.77,29.64318084716797,0.611,True,True,87.5
EBFP,20.0,50.0,10.0,3,2,12,9,32.69999999999999,23.80000000000001,28.25,25.682607650756836,1.7713,True,True,87.5
EBFP,20.0,50.0,10.0,3,3,12,10,34.89999999999998,29.19999999999999,32.05,30.723773956298828,2.1015,False,True,87.5
EBFP,20.0,50.0,10.0,4,1,12,9,38.69999999999999,29.19999999999999,33.96,23.759288787841797,2.9416,True,True,87.5
EBFP,20.0,50.0,10.0,4,2,12,9,35.80000000000001,29.899999999999977,32.81,24.953468322753906,0.7482,True,True,87.5
EBFP,20.0,50.0,10.0,4,3,12,10,35.60000000000002,29.5,32.52,24.870864868164062,3.5629,True,True,87.5
EBFP,20.0,50.0,10.0,5,1,12,10,45.0,31.69999999999999,38.32,30.381526947021484,-0.1613,False,False,87.5
EBFP,20.0,50.0,10.0,5,2,12,13,35.60000000000002,34.60000000000002,35.08,31.638212203979492,1.6376,False,True,87.5
EBFP,20.0,50.0,10.0,5,3,12,11,37.60000000000002,35.10000000000002,36.36,29.807397842407227,0.3534,True,True,87.5
EBFP,20.0,50.0,10.0,6,1,12,8,39.39999999999998,29.600000000000023,34.52,26.64550018310547,2.0045,True,True,87.5
EBFP,20.0,50.0,10.0,6,2,12,10,34.5,29.399999999999977,31.95,28.8940372467041,1.197,True,True,87.5
EBFP,20.0,50.0,10.0,6,3,12,9,34.5,27.19999999999999,30.84,36.43121337890625,-0.525,False,False,87.5
EBFP,20.0,50.0,10.0,7,1,12,12,28.19999999999999,18.0,23.1,28.691421508789062,-1.9888,True,False,87.5
EBFP,20.0,50.0,10.0,7,2,12,9,43.10000000000002,36.10000000000002,39.57,24.870784759521484,1.8037,True,True,87.5
EBFP,20.0,50.0,10.0,7,3,12,11,34.10000000000002,29.899999999999977,32.01,31.0301513671875,3.4851,False,True,87.5
EBFP,20.0,50.0,10.0,8,1,12,10,34.30000000000001,27.5,30.94,31.413490295410156,1.5154,False,True,87.5
EBFP,20.0,50.0,10.0,8,2,12,10,36.5,30.80000000000001,33.64,28.426542282104492,2.3709,True,True,87.5
EBFP,20.0,50.0,10.0,8,3,12,10,33.69999999999999,28.19999999999999,30.97,30.59775161743164,2.6089,False,True,87.5
EBFP,20.0,50.0,10.0,9,1,12,9,35.39999999999998,26.399999999999977,30.9,25.298355102539062,2.1928,True,True,87.5
EBFP,20.0,50.0,10.0,9,2,12,10,34.5,26.5,30.5,29.126033782958984,0.5415,True,True,87.5
EBFP,20.0,50.0,10.0,9,3,12,10,31.80000000000001,24.5,28.13,28.106143951416016,1.8781,True,True,87.5
EBFP,20.0,50.0,10.0,10,1,12,14,28.5,22.899999999999977,25.74,31.486717224121094,-3.0904,False,False,87.5
EBFP,20.0,50.0,10.0,10,2,12,9,43.30000000000001,29.80000000000001,36.57,24.832508087158203,1.417,True,True,87.5
EBFP,20.0,50.0,10.0,10,3,12,14,28.69999999999999,29.30000000000001,29.02,29.33955192565918,-1.0388,True,False,87.5
EBFP,20.0,50.0,10.0,11,1,12,10,47.5,32.80000000000001,40.15,26.921127319335938,-0.7884,True,False,87.5
EBFP,20.0,50.0,10.0,11,2,12,12,28.30000000000001,27.30000000000001,27.81,30.13970184326172,0.1049,True,True,87.5
EBFP,20.0,50.0,10.0,11,3,12,12,36.60000000000002,30.0,33.31,29.35403823852539,3.0868,True,True,87.5
mOrange,20.0,50.0,10.0,0,1,12,7,62.19999999999999,56.19999999999999,59.2,21.295101165771484,-3.9168,True,False,57.5
mOrange,20.0,50.0,10.0,0,2,12,9,64.10000000000002,51.89999999999998,57.96,29.885847091674805,-0.2621,True,False,57.5
mOrange,20.0,50.0,10.0,0,3,12,9,46.60000000000002,40.10000000000002,43.35,28.702392578125,0.5601,True,True,57.5
mOrange,20.0,50.0,10.0,1,1,12,12,58.0,53.80000000000001,55.9,34.27263259887695,-3.859,False,False,57.5
mOrange,20.0,50.0,10.0,1,2,12,14,39.5,45.0,42.25,31.229379653930664,-4.1683,False,False,57.5
mOrange,20.0,50.0,10.0,1,3,12,16,38.89999999999998,41.39999999999998,40.17,31.50215721130371,-3.0034,False,False,57.5
mOrange,20.0,50.0,10.0,2,1,12,8,45.39999999999998,45.0,45.23,24.742233276367188,-3.8766,True,False,57.5
mOrange,20.0,50.0,10.0,2,2,12,10,25.899999999999977,21.600000000000023,23.73,27.66897201538086,-3.701,True,False,57.5
mOrange,20.0,50.0,10.0,2,3,12,9,44.39999999999998,11.700000000000045,28.01,26.010467529296875,-0.0648,True,False,57.5
mOrange,20.0,50.0,10.0,3,1,12,10,46.5,45.39999999999998,45.97,29.17508316040039,-4.14,True,False,57.5
mOrange,20.0,50.0,10.0,3,2,12,12,44.69999999999999,39.299999999999955,42.01,32.139892578125,-1.6223,False,False,57.5
mOrange,20.0,50.0,10.0,3,3,12,10,46.19999999999999,42.39999999999998,44.3,32.3144416809082,0.0481,False,True,57.5
mOrange,20.0,50.0,10.0,4,1,12,12,50.5,46.299999999999955,48.42,35.512149810791016,0.6316,False,True,57.5
mOrange,20.0,50.0,10.0,4,2,12,11,42.0,43.299999999999955,42.63,28.534360885620117,-1.3723,True,False,57.5
mOrange,20.0,50.0,10.0,4,3,12,10,66.19999999999999,46.89999999999998,56.56,26.57845115661621,0.3617,True,True,57.5
mOrange,20.0,50.0,10.0,5,1,12,9,46.60000000000002,44.5,45.59,28.411373138427734,-2.307,True,False,57.5
mOrange,20.0,50.0,10.0,5,2,12,11,37.60000000000002,34.200000000000045,35.87,33.562435150146484,-0.6572,False,False,57.5
mOrange,20.0,50.0,10.0,5,3,12,11,39.60000000000002,37.10000000000002,38.34,34.6499137878418,-0.2618,False,False,57.5
mOrange,20.0,50.0,10.0,6,1,12,10,47.69999999999999,44.799999999999955,46.23,32.03873825073242,-3.7443,False,False,57.5
mOrange,20.0,50.0,10.0,6,2,12,9,37.39999999999998,20.5,28.96,29.95452880859375,1.1135,True,True,57.5
mOrange,20.0,50.0,10.0,6,3,12,8,53.19999999999999,41.299999999999955,47.21,26.95374298095703,0.5265,True,True,57.5
mOrange,20.0,50.0,10.0,7,1,12,8,40.30000000000001,39.10000000000002,39.7,29.334026336669922,-2.6814,True,False,57.5
mOrange,20.0,50.0,10.0,7,2,12,12,36.60000000000002,35.89999999999998,36.29,32.95453643798828,-4.8203,False,False,57.5
mOrange,20.0,50.0,10.0,7,3,12,11,38.39999999999998,34.5,36.42,31.22179412841797,-0.1465,False,False,57.5
mOrange,20.0,50.0,10.0,8,1,12,12,46.10000000000002,43.799999999999955,44.93,29.668973922729492,-1.444,True,False,57.5
mOrange,20.0,50.0,10.0,8,2,12,13,44.5,40.10000000000002,42.3,31.55559539794922,0.5672,False,True,57.5
mOrange,20.0,50.0,10.0,8,3,12,11,35.60000000000002,28.600000000000023,32.11,27.71793556213379,-2.8517,True,False,57.5
mOrange,20.0,50.0,10.0,9,1,12,9,61.0,57.5,59.27,32.79669189453125,-2.8352,False,False,57.5
mOrange,20.0,50.0,10.0,9,2,12,11,50.5,47.89999999999998,49.19,34.635711669921875,-1.1185,False,False,57.5
mOrange,20.0,50.0,10.0,9,3,12,10,42.10000000000002,41.200000000000045,41.66,34.40462112426758,-0.4417,False,False,57.5
mOrange,20.0,50.0,10.0,10,1,12,12,43.80000000000001,41.0,42.36,26.329561233520508,-3.9509,True,False,57.5
mOrange,20.0,50.0,10.0,10,2,12,11,62.60000000000002,56.30000000000001,59.48,25.866159439086914,-2.0114,True,False,57.5
mOrange,20.0,50.0,10.0,10,3,12,12,46.60000000000002,34.799999999999955,40.71,27.012582778930664,0.8365,True,True,57.5
mOrange,20.0,50.0,10.0,11,1,12,12,45.0,42.0,43.52,29.660171508789062,-0.731,True,False,57.5
mOrange,20.0,50.0,10.0,11,2,12,12,43.89999999999998,40.700000000000045,42.31,32.07542037963867,0.7808,False,True,57.5
mOrange,20.0,50.0,10.0,11,3,12,12,42.30000000000001,39.200000000000045,40.73,34.97895050048828,0.6896,False,True,57.5
EBFP,20.0,50.0,15.0,0,1,12,9,33.0,18.5,25.78,28.301149368286133,-3.1838,True,False,87.5
EBFP,20.0,50.0,15.0,0,2,12,8,70.89999999999998,45.5,58.22,26.22748565673828,0.2974,True,True,87.5
EBFP,20.0,50.0,15.0,0,3,12,11,28.899999999999977,28.80000000000001,28.83,33.46149444580078,-1.4301,False,False,87.5
EBFP,20.0,50.0,15.0,1,1,12,12,37.69999999999999,35.89999999999998,36.79,28.108020782470703,1.1615,True,True,87.5
EBFP,20.0,50.0,15.0,1,2,12,11,25.899999999999977,37.30000000000001,31.58,28.500667572021484,1.7138,True,True,87.5
EBFP,20.0,50.0,15.0,1,3,12,10,25.100000000000023,38.5,31.78,29.76178741455078,0.3278,True,True,87.5
EBFP,20.0,50.0,15.0,2,1,12,9,37.39999999999998,34.80000000000001,36.08,25.007509231567383,-1.3208,True,False,87.5
EBFP,20.0,50.0,15.0,2,2,12,9,47.60000000000002,34.39999999999998,40.99,25.309423446655273,1.9807,True,True,87.5
EBFP,20.0,50.0,15.0,2,3,12,9,41.89999999999998,32.19999999999999,37.08,26.13509178161621,-0.4184,True,False,87.5
EBFP,20.0,50.0,15.0,3,1,12,10,42.10000000000002,31.399999999999977,36.77,29.64318084716797,0.611,True,True,87.5
EBFP,20.0,50.0,15.0,3,2,12,6,40.39999999999998,29.19999999999999,34.83,24.975162506103516,1.5191,True,True,87.5
EBFP,20.0,50.0,15.0,3,3,12,8,36.60000000000002,28.399999999999977,32.47,28.211837768554688,0.9305,True,True,87.5
EBFP,20.0,50.0,15.0,4,1,12,10,35.60000000000002,29.19999999999999,32.42,24.733909606933594,3.167,True,True,87.5
EBFP,20.0,50.0,15.0,4,2,12,10,36.60000000000002,32.19999999999999,34.39,25.613981246948242,0.5746,True,True,87.5
EBFP,20.0,50.0,15.0,4,3,12,9,36.60000000000002,28.600000000000023,32.62,28.55628776550293,4.6124,True,True,87.5
EBFP,20.0,50.0,15.0,5,1,12,10,45.0,31.69999999999999,38.32,30.381526947021484,-0.1613,False,False,87.5
EBFP,20.0,50.0,15.0,5,2,12,12,30.80000000000001,36.89999999999998,33.84,30.64679718017578,1.4052,False,True,87.5
EBFP,20.0,50.0,15.0,5,3,12,10,26.399999999999977,40.0,33.19,34.86439895629883,-0.6276,False,False,87.5
EBFP,20.0,50.0,15.0,6,1,12,7,43.0,31.600000000000023,37.28,23.459402084350586,4.2211,True,True,87.5
EBFP,20.0,50.0,15.0,6,2,12,9,14.800000000000011,18.0,16.4,28.39459800720215,3.3854,True,True,87.5
EBFP,20.0,50.0,15.0,6,3,12,9,23.600000000000023,22.80000000000001,23.24,26.827150344848633,4.2132,True,True,87.5
EBFP,20.0,50.0,15.0,7,1,12,10,27.899999999999977,17.69999999999999,22.8,28.929468154907227,-3.372,True,False,87.5
EBFP,20.0,50.0,15.0,7,2,12,9,37.30000000000001,28.5,32.89,27.607513427734375,-0.3736,True,False,87.5
EBFP,20.0,50.0,15.0,8,1,12,8,36.0,29.69999999999999,32.83,30.214202880859375,1.2429,False,True,87.5
EBFP,20.0,50.0,15.0,8,2,12,8,39.10000000000002,30.19999999999999,34.63,29.12409210205078,1.9486,True,True,87.5
EBFP,20.0,50.0,15.0,8,3,12,12,39.5,41.89999999999998,40.72,26.280109405517578,2.4293,True,True,87.5
EBFP,20.0,50.0,15.0,9,1,12,9,34.89999999999998,29.30000000000001,32.08,28.749738693237305,1.2194,True,True,87.5
EBFP,20.0,50.0,15.0,9,2,12,10,37.60000000000002,28.899999999999977,33.24,28.646482467651367,2.8336,True,True,87.5
EBFP,20.0,50.0,15.0,9,3,12,8,39.39999999999998,29.600000000000023,34.52,26.64550018310547,2.0045,True,True,87.5
EBFP,20.0,50.0,15.0,10,1,12,9,44.30000000000001,35.30000000000001,39.81,27.983898162841797,-2.2532,True,False,87.5
EBFP,20.0,50.0,15.0,10,2,12,8,41.0,31.0,35.97,25.780437469482422,3.8821,True,True,87.5
EBFP,20.0,50.0,15.0,10,3,12,7,35.89999999999998,30.69999999999999,33.28,26.779502868652344,1.3389,True,True,87.5
EBFP,20.0,50.0,15.0,11,1,12,9,39.0,31.19999999999999,35.08,34.14295196533203,-0.108,False,False,87.5
EBFP,20.0,50.0,15.0,11,2,12,9,27.0,33.69999999999999,30.36,29.340749740600586,2.6675,True,True,87.5
EBFP,20.0,50.0,15.0,11,3,12,9,26.100000000000023,34.30000000000001,30.16,29.06357765197754,1.9158,True,True,87.5
mOrange,20.0,50.0,15.0,0,1,12,6,59.30000000000001,54.39999999999998,56.86,17.305034637451172,-3.4335,True,False,57.5
mOrange,20.0,50.0,15.0,0,2,12,8,52.39999999999998,48.10000000000002,50.22,24.29606819152832,-4.552,True,False,57.5
mOrange,20.0,50.0,15.0,0,3,12,11,38.30000000000001,32.39999999999998,35.35,29.53795051574707,-1.0768,True,False,57.5
mOrange,20.0,50.0,15.0,1,1,12,9,57.69999999999999,54.19999999999999,55.95,30.966005325317383,-4.4464,False,False,57.5
mOrange,20.0,50.0,15.0,1,2,12,8,51.69999999999999,48.700000000000045,50.18,24.292402267456055,-3.4698,True,False,57.5
mOrange,20.0,50.0,15.0,1,3,12,10,45.19999999999999,46.0,45.6,27.899633407592773,-3.4608,True,False,57.5
mOrange,20.0,50.0,15.0,2,1,12,7,45.0,44.10000000000002,44.55,29.244285583496094,-4.3014,True,False,57.5
mOrange,20.0,50.0,15.0,2,2,12,8,43.80000000000001,42.89999999999998,43.36,31.631053924560547,-4.0512,False,False,57.5
mOrange,20.0,50.0,15.0,2,3,12,8,59.19999999999999,53.60000000000002,56.4,28.052061080932617,-2.4201,True,False,57.5
mOrange,20.0,50.0,15.0,3,1,12,9,47.80000000000001,46.799999999999955,47.34,31.26250648498535,-4.5526,False,False,57.5
mOrange,20.0,50.0,15.0,3,2,12,11,40.19999999999999,41.200000000000045,40.73,30.89764404296875,-3.7163,False,False,57.5
mOrange,20.0,50.0,15.0,3,3,12,8,39.19999999999999,40.799999999999955,40.01,34.21870803833008,-4.7227,False,False,57.5
mOrange,20.0,50.0,15.0,4,1,12,8,54.10000000000002,50.30000000000001,52.17,19.762361526489258,-3.1449,True,False,57.5
mOrange,20.0,50.0,15.0,4,2,12,10,55.69999999999999,51.69999999999999,53.67,23.661731719970703,-2.0931,True,False,57.5
mOrange,20.0,50.0,15.0,4,3,12,9,56.60000000000002,52.0,54.3,24.387548446655273,-2.6422,True,False,57.5
mOrange,20.0,50.0,15.0,5,1,12,9,50.5,46.700000000000045,48.6,31.97295379638672,-4.3358,False,False,57.5
mOrange,20.0,50.0,15.0,5,2,12,10,46.60000000000002,44.89999999999998,45.71,33.5679931640625,-3.4268,False,False,57.5
mOrange,20.0,50.0,15.0,5,3,12,9,47.69999999999999,47.60000000000002,47.63,32.126949310302734,-3.3127,False,False,57.5
mOrange,20.0,50.0,15.0,6,1,12,10,47.69999999999999,44.799999999999955,46.23,32.03873825073242,-3.7443,False,False,57.5
mOrange,20.0,50.0,15.0,6,2,12,8,64.19999999999999,41.299999999999955,52.76,29.290861129760742,1.961,True,True,57.5
mOrange,20.0,50.0,15.0,6,3,12,8,46.80000000000001,20.0,33.37,28.63752555847168,1.0261,True,True,57.5
mOrange,20.0,50.0,15.0,7,1,12,8,54.60000000000002,52.60000000000002,53.58,24.80238914489746,-2.4408,True,False,57.5
mOrange,20.0,50.0,15.0,7,2,12,7,41.30000000000001,35.60000000000002,38.43,27.586139678955078,-0.7689,True,False,57.5
mOrange,20.0,50.0,15.0,7,3,12,6,55.80000000000001,27.399999999999977,41.56,31.70707130432129,0.8497,False,True,57.5
mOrange,20.0,50.0,15.0,8,1,12,9,45.80000000000001,41.799999999999955,43.84,36.73578643798828,-2.6225,False,False,57.5
mOrange,20.0,50.0,15.0,8,2,12,11,49.60000000000002,45.10000000000002,47.37,35.49787139892578,1.9322,False,True,57.5
mOrange,20.0,50.0,15.0,8,3,12,11,33.39999999999998,27.5,30.43,32.01552200317383,-0.8002,False,False,57.5
mOrange,20.0,50.0,15.0,9,1,12,5,58.30000000000001,53.80000000000001,56.06,17.705263137817383,-4.969,True,False,57.5
mOrange,20.0,50.0,15.0,9,2,12,8,54.69999999999999,48.700000000000045,51.67,28.642946243286133,-4.4931,True,False,57.5
mOrange,20.0,50.0,15.0,9,3,12,9,45.30000000000001,43.799999999999955,44.53,30.157968521118164,-4.8125,True,False,57.5
mOrange,20.0,50.0,15.0,10,1,12,11,46.39999999999998,50.19999999999999,48.28,23.326461791992188,-4.1997,True,False,57.5
mOrange,20.0,50.0,15.0,10,2,12,8,56.0,55.39999999999998,55.72,27.21107292175293,-3.5394,True,False,57.5
mOrange,20.0,50.0,15.0,10,3,12,12,46.0,44.89999999999998,45.44,43.95208740234375,-4.9714,False,False,57.5
mOrange,20.0,50.0,15.0,11,1,12,9,45.5,44.299999999999955,44.89,26.407325744628906,-3.5523,True,False,57.5
mOrange,20.0,50.0,15.0,11,2,12,10,45.10000000000002,44.10000000000002,44.61,29.95280647277832,-2.3882,True,False,57.5
EBFP,20.0,50.0,20.0,0,1,12,9,34.30000000000001,31.399999999999977,32.85,29.204975128173828,-3.1648,True,False,87.5
EBFP,20.0,50.0,20.0,0,2,12,7,43.39999999999998,38.5,40.92,24.929710388183594,-1.6729,True,False,87.5
EBFP,20.0,50.0,20.0,0,3,12,7,48.39999999999998,35.60000000000002,42.01,27.208467483520508,-0.8492,True,False,87.5
EBFP,20.0,50.0,20.0,1,1,12,11,29.80000000000001,29.899999999999977,29.88,33.556312561035156,1.0273,False,True,87.5
EBFP,20.0,50.0,20.0,1,2,12,8,42.0,38.80000000000001,40.4,26.442642211914062,-0.5346,True,False,87.5
EBFP,20.0,50.0,20.0,1,3,12,7,45.39999999999998,37.19999999999999,41.32,26.115203857421875,-1.9154,True,False,87.5
EBFP,20.0,50.0,20.0,2,1,12,8,39.39999999999998,31.19999999999999,35.27,25.915931701660156,-0.209,True,False,87.5
EBFP,20.0,50.0,20.0,2,2,12,9,40.80000000000001,29.100000000000023,34.93,29.073101043701172,-2.2472,True,False,87.5
EBFP,20.0,50.0,20.0,2,3,12,10,33.60000000000002,31.69999999999999,32.65,32.46328353881836,-2.2692,False,False,87.5
EBFP,20.0,50.0,20.0,3,1,12,10,42.10000000000002,31.399999999999977,36.77,29.64318084716797,0.611,True,True,87.5
EBFP,20.0,50.0,20.0,3,2,12,6,40.39999999999998,29.19999999999999,34.83,24.975162506103516,1.5191,True,True,87.5
EBFP,20.0,50.0,20.0,3,3,12,8,36.60000000000002,28.399999999999977,32.47,28.211837768554688,0.9305,True,True,87.5
EBFP,20.0,50.0,20.0,4,1,12,8,37.19999999999999,28.100000000000023,32.6,27.65699005126953,1.8839,True,True,87.5
EBFP,20.0,50.0,20.0,4,2,12,8,40.10000000000002,29.69999999999999,34.85,25.761831283569336,4.9455,True,True,87.5
EBFP,20.0,50.0,20.0,4,3,12,7,42.89999999999998,31.899999999999977,37.41,25.04743003845215,4.5536,True,True,87.5
EBFP,20.0,50.0,20.0,5,1,12,10,45.0,31.69999999999999,38.32,30.381526947021484,-0.1613,False,False,87.5
EBFP,20.0,50.0,20.0,5,2,12,9,23.80000000000001,42.89999999999998,33.38,32.194923400878906,-0.3504,False,False,87.5
EBFP,20.0,50.0,20.0,5,3,12,9,53.0,38.69999999999999,45.85,24.069353103637695,-1.8038,True,False,87.5
EBFP,20.0,50.0,20.0,6,1,12,7,43.0,31.600000000000023,37.28,23.459402084350586,4.2211,True,True,87.5
EBFP,20.0,50.0,20.0,6,2,12,8,17.19999999999999,20.399999999999977,18.82,29.4934024810791,2.4661,True,True,87.5
EBFP,20.0,50.0,20.0,6,3,12,9,35.0,29.399999999999977,32.21,22.70484161376953,2.678,True,True,87.5
EBFP,20.0,50.0,20.0,7,1,12,7,49.89999999999998,36.30000000000001,43.06,23.5124568939209,-0.6676,True,False,87.5
EBFP,20.0,50.0,20.0,7,2,12,8,37.30000000000001,33.19999999999999,35.27,24.788124084472656,0.5352,True,True,87.5
EBFP,20.0,50.0,20.0,7,3,12,8,29.19999999999999,30.899999999999977,30.02,28.175453186035156,2.0909,True,True,87.5
EBFP,20.0,50.0,20.0,8,1,12,8,41.10000000000002,30.100000000000023,35.6,24.971088409423828,4.3419,True,True,87.5
EBFP,20.0,50.0,20.0,8,2,12,7,42.39999999999998,32.5,37.48,29.106658935546875,3.5344,True,True,87.5
EBFP,20.0,50.0,20.0,8,3,12,12,13.600000000000023,24.69999999999999,19.16,30.888078689575195,1.271,False,True,87.5
EBFP,20.0,50.0,20.0,9,1,12,8,36.39999999999998,27.600000000000023,32.01,24.83114242553711,1.8373,True,True,87.5
EBFP,20.0,50.0,20.0,9,2,12,10,38.80000000000001,30.100000000000023,34.47,31.99570655822754,0.8511,False,True,87.5
EBFP,20.0,50.0,20.0,9,3,12,6,41.89999999999998,32.0,36.94,29.764976501464844,1.3311,True,True,87.5
EBFP,20.0,50.0,20.0,10,1,12,9,44.30000000000001,35.30000000000001,39.81,27.983898162841797,-2.2532,True,False,87.5
EBFP,20.0,50.0,20.0,10,2,12,8,41.0,31.0,35.97,25.780437469482422,3.8821,True,True,87.5
EBFP,20.0,50.0,20.0,10,3,12,7,35.89999999999998,30.69999999999999,33.28,26.779525756835938,1.3389,True,True,87.5
EBFP,20.0,50.0,20.0,11,1,12,9,39.0,31.19999999999999,35.08,34.14299011230469,-0.108,False,False,87.5
EBFP,20.0,50.0,20.0,11,2,12,9,27.0,33.69999999999999,30.36,29.34028434753418,2.6675,True,True,87.5
EBFP,20.0,50.0,20.0,11,3,12,9,42.30000000000001,31.0,36.65,26.626792907714844,2.9946,True,True,87.5
mOrange,20.0,50.0,20.0,0,1,12,5,58.30000000000001,53.80000000000001,56.06,17.705263137817383,-4.969,True,False,57.5
mOrange,20.0,50.0,20.0,0,2,12,6,49.89999999999998,47.5,48.71,27.422115325927734,-3.949,True,False,57.5
mOrange,20.0,50.0,20.0,0,3,12,8,42.10000000000002,42.60000000000002,42.31,40.53201675415039,-5.0419,False,False,57.5
mOrange,20.0,50.0,20.0,1,1,12,8,52.89999999999998,48.799999999999955,50.88,27.998537063598633,-4.5246,True,False,57.5
mOrange,20.0,50.0,20.0,1,2,12,8,55.0,52.80000000000001,53.89,29.7746524810791,-2.7295,True,False,57.5
mOrange,20.0,50.0,20.0,1,3,12,7,56.10000000000002,52.89999999999998,54.48,29.171674728393555,-1.5854,True,False,57.5
mOrange,20.0,50.0,20.0,2,1,12,7,45.0,44.10000000000002,44.55,29.244285583496094,-4.3014,True,False,57.5
mOrange,20.0,50.0,20.0,2,2,12,8,43.80000000000001,42.89999999999998,43.36,31.631053924560547,-4.0512,False,False,57.5
mOrange,20.0,50.0,20.0,2,3,12,8,59.19999999999999,53.60000000000002,56.4,28.052061080932617,-2.4201,True,False,57.5
mOrange,20.0,50.0,20.0,3,1,12,7,51.80000000000001,48.0,49.9,28.922250747680664,-5.3602,True,False,57.5
mOrange,20.0,50.0,20.0,3,2,12,8,57.5,53.19999999999999,55.38,29.92148208618164,-1.7818,True,False,57.5
mOrange,20.0,50.0,20.0,3,3,12,7,52.80000000000001,45.200000000000045,49.02,30.321142196655273,-0.4021,False,False,57.5
mOrange,20.0,50.0,20.0,4,1,12,7,57.89999999999998,53.60000000000002,55.77,18.48828887939453,-2.456,True,False,57.5
mOrange,20.0,50.0,20.0,4,2,12,11,67.30000000000001,57.10000000000002,62.2,24.437986373901367,-0.2941,True,False,57.5
mOrange,20.0,50.0,20.0,4,3,12,10,58.0,52.39999999999998,55.18,25.276100158691406,-3.1449,True,False,57.5
mOrange,20.0,50.0,20.0,5,1,12,8,46.89999999999998,45.60000000000002,46.27,20.8764705657959,-4.8825,True,False,57.5
mOrange,20.0,50.0,20.0,5,2,12,10,45.89999999999998,43.89999999999998,44.88,35.12739944458008,-4.6654,False,False,57.5
mOrange,20.0,50.0,20.0,5,3,12,9,41.10000000000002,39.799999999999955,40.47,26.065963745117188,-5.0842,True,False,57.5
mOrange,20.0,50.0,20.0,6,1,12,9,52.80000000000001,48.200000000000045,50.54,28.40252685546875,-4.8601,True,False,57.5
mOrange,20.0,50.0,20.0,6,2,12,9,55.80000000000001,50.89999999999998,53.34,33.12920379638672,-4.5503,False,False,57.5
mOrange,20.0,50.0,20.0,6,3,12,10,49.69999999999999,43.89999999999998,46.84,35.86473846435547,-4.796,False,False,57.5
mOrange,20.0,50.0,20.0,7,1,12,5,56.30000000000001,53.19999999999999,54.75,18.806346893310547,-5.1343,True,False,57.5
mOrange,20.0,50.0,20.0,7,2,12,7,50.5,47.89999999999998,49.21,33.09294509887695,-4.1371,False,False,57.5
mOrange,20.0,50.0,20.0,7,3,12,7,58.80000000000001,26.899999999999977,42.84,26.73350715637207,2.3777,True,True,57.5
mOrange,20.0,50.0,20.0,8,1,12,7,47.0,43.60000000000002,45.29,32.74951934814453,-2.8977,False,False,57.5
mOrange,20.0,50.0,20.0,8,2,12,10,50.69999999999999,46.39999999999998,48.57,37.621803283691406,-4.3122,False,False,57.5
mOrange,20.0,50.0,20.0,8,3,12,7,48.10000000000002,44.799999999999955,46.45,28.80069923400879,0.3885,True,True,57.5
mOrange,20.0,50.0,20.0,9,2,12,6,56.30000000000001,50.30000000000001,53.29,30.724876403808594,-3.8279,False,False,57.5
mOrange,20.0,50.0,20.0,9,3,12,6,56.80000000000001,50.69999999999999,53.72,31.40945053100586,-3.9953,False,False,57.5
mOrange,20.0,50.0,20.0,10,1,12,7,57.19999999999999,53.30000000000001,55.25,20.872224807739258,-2.0884,True,False,57.5
mOrange,20.0,50.0,20.0,10,2,12,9,54.5,48.799999999999955,51.64,28.511777877807617,-3.2725,True,False,57.5
mOrange,20.0,50.0,20.0,10,3,12,8,57.5,52.69999999999999,55.09,28.21091079711914,-2.5691,True,False,57.5
mOrange,20.0,50.0,20.0,11,1,12,5,59.39999999999998,38.700000000000045,49.05,24.356855392456055,-0.9465,True,False,57.5
mOrange,20.0,50.0,20.0,11,2,12,9,46.0,42.60000000000002,44.32,31.193265914916992,1.6799,False,True,57.5
mOrange,20.0,50.0,20.0,11,3,12,7,47.19999999999999,16.5,31.86,27.305139541625977,1.0874,True,True,57.5
EBFP,20.0,60.0,10.0,0,1,96,14,27.69999999999999,30.19999999999999,28.96,34.15602493286133,-3.4728,False,False,87.5
EBFP,20.0,60.0,10.0,0,2,96,14,33.89999999999998,26.600000000000023,30.25,34.12350845336914,-3.8694,False,False,87.5
EBFP,20.0,60.0,10.0,0,3,96,12,44.10000000000002,34.30000000000001,39.23,34.65851974487305,-0.1839,False,False,87.5
EBFP,20.0,60.0,10.0,1,1,96,12,37.80000000000001,35.89999999999998,36.81,28.108020782470703,1.152,True,True,87.5
EBFP,20.0,60.0,10.0,1,2,96,12,29.899999999999977,35.39999999999998,32.64,33.323753356933594,1.0038,False,True,87.5
EBFP,20.0,60.0,10.0,1,3,96,11,39.30000000000001,29.19999999999999,34.27,29.373754501342773,1.3975,True,True,87.5
EBFP,20.0,60.0,10.0,2,1,96,10,38.89999999999998,32.19999999999999,35.56,29.458255767822266,-0.5816,True,False,87.5
EBFP,20.0,60.0,10.0,2,2,96,10,53.60000000000002,39.5,46.56,24.691028594970703,2.3308,True,True,87.5
EBFP,20.0,60.0,10.0,2,3,96,11,46.0,33.0,39.48,32.53492736816406,1.2038,False,True,87.5
EBFP,20.0,60.0,10.0,3,1,96,11,39.80000000000001,36.80000000000001,38.33,28.41923713684082,0.8919,True,True,87.5
EBFP,20.0,60.0,10.0,3,2,96,11,36.69999999999999,27.80000000000001,32.25,26.827356338500977,2.812,True,True,87.5
EBFP,20.0,60.0,10.0,3,3,96,10,34.80000000000001,26.600000000000023,30.71,26.868122100830078,1.8374,True,True,87.5
EBFP,20.0,60.0,10.0,4,1,96,9,38.89999999999998,29.30000000000001,34.14,23.759288787841797,2.9382,True,True,87.5
EBFP,20.0,60.0,10.0,4,2,96,9,35.69999999999999,29.899999999999977,32.81,24.953468322753906,0.7755,True,True,87.5
EBFP,20.0,60.0,10.0,4,3,96,10,35.60000000000002,29.5,32.53,24.870864868164062,3.543,True,True,87.5
EBFP,20.0,60.0,10.0,5,1,96,10,44.89999999999998,31.600000000000023,38.24,30.381526947021484,-0.1861,False,False,87.5
EBFP,20.0,60.0,10.0,5,2,96,13,35.80000000000001,34.60000000000002,35.18,31.638212203979492,1.6357,False,True,87.5
EBFP,20.0,60.0,10.0,5,3,96,10,39.10000000000002,32.10000000000002,35.62,28.258731842041016,5.779,True,True,87.5
EBFP,20.0,60.0,10.0,6,1,96,10,42.89999999999998,30.5,36.71,27.757593154907227,4.5975,True,True,87.5
EBFP,20.0,60.0,10.0,6,2,96,9,35.69999999999999,28.399999999999977,32.01,28.6301326751709,3.6867,True,True,87.5
EBFP,20.0,60.0,10.0,6,3,96,10,33.60000000000002,28.100000000000023,30.86,25.72853660583496,1.1025,True,True,87.5
EBFP,20.0,60.0,10.0,7,1,96,9,49.0,34.89999999999998,41.96,24.85942268371582,-0.9252,True,False,87.5
EBFP,20.0,60.0,10.0,7,2,96,9,32.10000000000002,27.0,29.58,27.9565372467041,3.0257,True,True,87.5
EBFP,20.0,60.0,10.0,7,3,96,10,41.39999999999998,30.600000000000023,36.01,27.998483657836914,-0.0977,True,False,87.5
EBFP,20.0,60.0,10.0,8,1,96,13,42.19999999999999,30.600000000000023,36.41,30.825349807739258,1.9212,False,True,87.5
EBFP,20.0,60.0,10.0,8,2,96,10,42.60000000000002,31.80000000000001,37.2,27.518972396850586,3.0629,True,True,87.5
EBFP,20.0,60.0,10.0,8,3,96,13,41.10000000000002,32.5,36.78,32.0509147644043,2.4405,False,True,87.5
EBFP,20.0,60.0,10.0,9,1,96,9,35.39999999999998,26.399999999999977,30.87,25.298355102539062,2.1983,True,True,87.5
EBFP,20.0,60.0,10.0,9,2,96,9,38.39999999999998,31.30000000000001,34.89,30.33184814453125,1.5099,False,True,87.5
EBFP,20.0,60.0,10.0,9,3,96,8,38.80000000000001,31.399999999999977,35.08,35.900184631347656,0.2367,False,True,87.5
EBFP,20.0,60.0,10.0,10,1,96,12,31.80000000000001,34.10000000000002,32.95,30.380661010742188,-0.1116,False,False,87.5
EBFP,20.0,60.0,10.0,10,2,96,12,38.0,28.5,33.23,30.89313316345215,2.9787,False,True,87.5
EBFP,20.0,60.0,10.0,10,3,96,14,32.0,27.69999999999999,29.85,32.79462814331055,3.0036,False,True,87.5
EBFP,20.0,60.0,10.0,11,1,96,9,38.89999999999998,31.19999999999999,35.06,34.142860412597656,-0.0818,False,False,87.5
EBFP,20.0,60.0,10.0,11,2,96,9,27.100000000000023,33.69999999999999,30.36,29.340389251708984,2.6798,True,True,87.5
EBFP,20.0,60.0,10.0,11,3,96,11,25.0,31.19999999999999,28.11,29.381023406982422,1.0943,True,True,87.5
EBFP,20.0,60.0,10.0,12,1,96,13,39.10000000000002,28.19999999999999,33.65,31.54644203186035,-1.4335,False,False,87.5
EBFP,20.0,60.0,10.0,12,2,96,12,41.30000000000001,31.899999999999977,36.59,33.245513916015625,0.9528,False,True,87.5
EBFP,20.0,60.0,10.0,12,3,96,11,39.19999999999999,28.19999999999999,33.72,28.64069938659668,2.9167,True,True,87.5
EBFP,20.0,60.0,10.0,13,1,96,9,29.600000000000023,31.899999999999977,30.75,33.01444625854492,2.178,False,True,87.5
EBFP,20.0,60.0,10.0,13,2,96,9,22.5,26.600000000000023,24.56,30.77597427368164,2.1412,False,True,87.5
EBFP,20.0,60.0,10.0,13,3,96,8,19.0,23.899999999999977,21.48,29.150747299194336,3.2138,True,True,87.5
EBFP,20.0,60.0,10.0,14,1,96,12,26.0,48.10000000000002,37.01,34.113731384277344,-4.0531,False,False,87.5
EBFP,20.0,60.0,10.0,14,2,96,12,23.100000000000023,34.5,28.81,29.83224868774414,-3.8825,True,False,87.5
EBFP,20.0,60.0,10.0,14,3,96,11,62.60000000000002,45.30000000000001,53.97,39.776851654052734,-2.5231,False,False,87.5
EBFP,20.0,60.0,10.0,15,1,96,10,45.89999999999998,31.5,38.67,27.044374465942383,0.3754,True,True,87.5
EBFP,20.0,60.0,10.0,15,2,96,10,42.19999999999999,31.899999999999977,37.06,26.764921188354492,2.911,True,True,87.5
EBFP,20.0,60.0,10.0,15,3,96,9,44.80000000000001,33.30000000000001,39.02,23.96028709411621,3.2394,True,True,87.5
EBFP,20.0,60.0,10.0,16,1,96,13,46.89999999999998,33.89999999999998,40.36,26.73780059814453,-0.7358,True,False,87.5
EBFP,20.0,60.0,10.0,16,2,96,8,37.30000000000001,29.0,33.11,29.3794002532959,4.0494,True,True,87.5
EBFP,20.0,60.0,10.0,16,3,96,9,36.39999999999998,27.30000000000001,31.85,25.913124084472656,3.075,True,True,87.5
EBFP,20.0,60.0,10.0,17,1,96,10,47.80000000000001,35.10000000000002,41.45,22.399667739868164,3.5698,True,True,87.5
EBFP,20.0,60.0,10.0,17,2,96,10,36.5,35.19999999999999,35.82,25.31104278564453,3.6344,True,True,87.5
EBFP,20.0,60.0,10.0,17,3,96,10,29.5,28.5,29.02,27.35247230529785,3.0807,True,True,87.5
EBFP,20.0,60.0,10.0,18,1,96,12,41.69999999999999,31.100000000000023,36.39,28.221078872680664,-1.8432,True,False,87.5
EBFP,20.0,60.0,10.0,18,2,96,11,41.30000000000001,30.5,35.86,30.602378845214844,0.1795,False,True,87.5
EBFP,20.0,60.0,10.0,18,3,96,13,47.60000000000002,32.5,40.07,31.388031005859375,1.6163,False,True,87.5
EBFP,20.0,60.0,10.0,19,1,96,12,27.5,29.80000000000001,28.66,30.920101165771484,2.5727,False,True,87.5
EBFP,20.0,60.0,10.0,19,2,96,12,21.100000000000023,28.600000000000023,24.85,32.56154251098633,2.8332,False,True,87.5
EBFP,20.0,60.0,10.0,19,3,96,13,22.19999999999999,33.89999999999998,28.06,30.639188766479492,1.512,False,True,87.5
EBFP,20.0,60.0,10.0,20,1,96,15,34.19999999999999,32.30000000000001,33.22,34.75965118408203,-1.5101,False,False,87.5
EBFP,20.0,60.0,10.0,20,2,96,15,30.899999999999977,28.100000000000023,29.48,39.411766052246094,-0.9928,False,False,87.5
EBFP,20.0,60.0,10.0,20,3,96,12,43.89999999999998,31.5,37.68,32.301719665527344,-0.5721,False,False,87.5
EBFP,20.0,60.0,10.0,21,1,96,13,54.69999999999999,43.39999999999998,49.07,30.388835906982422,-1.7487,False,False,87.5
EBFP,20.0,60.0,10.0,21,2,96,10,51.5,31.69999999999999,41.63,27.229183197021484,2.5467,True,True,87.5
EBFP,20.0,60.0,10.0,21,3,96,14,54.69999999999999,33.80000000000001,44.24,30.61662483215332,0.7373,False,True,87.5
EBFP,20.0,60.0,10.0,22,1,96,12,44.19999999999999,33.69999999999999,38.96,31.31620979309082,-0.8853,False,False,87.5
EBFP,20.0,60.0,10.0,22,2,96,9,37.60000000000002,30.600000000000023,34.11,24.43644142150879,3.3876,True,True,87.5
EBFP,20.0,60.0,10.0,22,3,96,10,36.0,36.10000000000002,36.05,25.631256103515625,3.3201,True,True,87.5
EBFP,20.0,60.0,10.0,23,1,96,11,49.80000000000001,36.19999999999999,43.03,31.438230514526367,0.9097,False,True,87.5
EBFP,20.0,60.0,10.0,23,2,96,11,44.0,32.30000000000001,38.16,29.55326271057129,-1.9093,True,False,87.5
EBFP,20.0,60.0,10.0,23,3,96,12,39.89999999999998,33.5,36.69,28.55063819885254,0.9838,True,True,87.5
EBFP,20.0,60.0,10.0,24,1,96,12,41.80000000000001,42.60000000000002,42.21,29.427213668823242,0.92,True,True,87.5
EBFP,20.0,60.0,10.0,24,2,96,13,42.80000000000001,33.10000000000002,37.96,27.18736457824707,1.9894,True,True,87.5
EBFP,20.0,60.0,10.0,24,3,96,13,45.30000000000001,36.0,40.66,28.729185104370117,-0.1889,True,False,87.5
EBFP,20.0,60.0,10.0,25,1,96,12,51.0,42.19999999999999,46.59,27.79148292541504,0.8747,True,True,87.5
EBFP,20.0,60.0,10.0,25,2,96,12,36.0,29.80000000000001,32.88,31.79935646057129,3.6624,False,True,87.5
EBFP,20.0,60.0,10.0,25,3,96,12,26.80000000000001,28.5,27.65,32.03861618041992,0.6169,False,True,87.5
EBFP,20.0,60.0,10.0,26,1,96,13,42.19999999999999,36.39999999999998,39.31,39.146461486816406,0.5811,False,True,87.5
EBFP,20.0,60.0,10.0,26,2,96,11,36.5,31.19999999999999,33.86,27.899194717407227,1.1399,True,True,87.5
EBFP,20.0,60.0,10.0,26,3,96,9,38.30000000000001,29.100000000000023,33.69,34.18351364135742,2.3807,False,True,87.5
EBFP,20.0,60.0,10.0,27,1,96,11,42.10000000000002,33.0,37.58,26.68312644958496,1.0975,True,True,87.5
EBFP,20.0,60.0,10.0,27,2,96,11,24.399999999999977,29.600000000000023,26.99,27.20728874206543,2.776,True,True,87.5
EBFP,20.0,60.0,10.0,27,3,96,10,31.399999999999977,27.80000000000001,29.59,25.466394424438477,2.7935,True,True,87.5
EBFP,20.0,60.0,10.0,28,1,96,9,39.5,31.0,35.27,23.599172592163086,-0.5053,True,False,87.5
EBFP,20.0,60.0,10.0,28,2,96,11,32.0,24.399999999999977,28.17,30.06927490234375,0.2608,True,True,87.5
EBFP,20.0,60.0,10.0,28,3,96,8,41.0,31.19999999999999,36.09,25.961742401123047,5.0058,True,True,87.5
EBFP,20.0,60.0,10.0,29,1,96,12,34.39999999999998,36.39999999999998,35.37,29.769580841064453,3.5458,True,True,87.5
EBFP,20.0,60.0,10.0,29,2,96,11,39.60000000000002,28.0,33.82,30.224124908447266,4.4414,False,True,87.5
EBFP,20.0,60.0,10.0,29,3,96,10,37.60000000000002,29.100000000000023,33.36,27.485910415649414,4.0479,True,True,87.5
EBFP,20.0,60.0,10.0,30,1,96,12,49.80000000000001,33.39999999999998,41.61,32.21495819091797,4.8293,False,True,87.5
EBFP,20.0,60.0,10.0,30,2,96,10,34.80000000000001,28.5,31.66,27.417490005493164,4.8588,True,True,87.5
EBFP,20.0,60.0,10.0,30,3,96,10,39.19999999999999,27.69999999999999,33.42,27.00724220275879,2.2666,True,True,87.5
EBFP,20.0,60.0,10.0,31,1,96,11,39.60000000000002,35.89999999999998,37.76,29.09517478942871,-1.5927,True,False,87.5
EBFP,20.0,60.0,10.0,31,2,96,13,34.60000000000002,33.5,34.08,29.244869232177734,1.0812,True,True,87.5
EBFP,20.0,60.0,10.0,31,3,96,10,36.30000000000001,28.899999999999977,32.58,28.99864959716797,3.9706,True,True,87.5
EBFP,20.0,60.0,10.0,32,1,96,11,43.5,31.5,37.47,29.028018951416016,-0.4693,True,False,87.5
EBFP,20.0,60.0,10.0,32,2,96,12,38.80000000000001,33.19999999999999,35.98,32.083457946777344,3.5108,False,True,87.5
EBFP,20.0,60.0,10.0,32,3,96,9,31.100000000000023,46.5,38.82,32.64966583251953,1.6612,False,True,87.5
EBFP,20.0,60.0,10.0,33,1,96,10,48.5,32.69999999999999,40.64,25.455543518066406,4.0944,True,True,87.5
EBFP,20.0,60.0,10.0,33,2,96,9,36.0,27.5,31.74,25.88196563720703,4.0429,True,True,87.5
EBFP,20.0,60.0,10.0,33,3,96,8,39.69999999999999,30.399999999999977,35.03,25.29555320739746,4.1613,True,True,87.5
EBFP,20.0,60.0,10.0,34,1,96,10,39.69999999999999,29.399999999999977,34.57,29.887998580932617,0.4424,True,True,87.5
EBFP,20.0,60.0,10.0,34,2,96,11,35.89999999999998,31.399999999999977,33.62,27.095129013061523,5.1907,True,True,87.5
EBFP,20.0,60.0,10.0,34,3,96,11,23.30000000000001,30.100000000000023,26.73,26.9893741607666,1.2042,True,True,87.5
EBFP,20.0,60.0,10.0,35,1,96,13,53.80000000000001,39.10000000000002,46.44,27.02997398376465,1.0841,True,True,87.5
EBFP,20.0,60.0,10.0,35,2,96,11,41.60000000000002,32.19999999999999,36.93,25.91718101501465,3.557,True,True,87.5
EBFP,20.0,60.0,10.0,35,3,96,11,35.89999999999998,31.0,33.43,26.824811935424805,2.6037,True,True,87.5
EBFP,20.0,60.0,10.0,36,1,96,9,34.19999999999999,33.39999999999998,33.81,33.07843780517578,-1.556,False,False,87.5
EBFP,20.0,60.0,10.0,36,2,96,11,40.39999999999998,28.899999999999977,34.69,27.153400421142578,4.6219,True,True,87.5
EBFP,20.0,60.0,10.0,36,3,96,11,38.89999999999998,31.5,35.21,29.637840270996094,3.1343,True,True,87.5
EBFP,20.0,60.0,10.0,37,1,96,12,38.30000000000001,32.69999999999999,35.53,35.99323272705078,1.1217,False,True,87.5
EBFP,20.0,60.0,10.0,37,2,96,10,31.600000000000023,33.30000000000001,32.49,32.54420852661133,1.9584,False,True,87.5
EBFP,20.0,60.0,10.0,37,3,96,10,16.100000000000023,18.899999999999977,17.47,29.146520614624023,2.8094,True,True,87.5
EBFP,20.0,60.0,10.0,38,1,96,11,34.60000000000002,30.399999999999977,32.5,31.180660247802734,1.3688,False,True,87.5
EBFP,20.0,60.0,10.0,38,2,96,11,26.19999999999999,40.19999999999999,33.21,30.749832153320312,0.6226,False,True,87.5
EBFP,20.0,60.0,10.0,38,3,96,10,38.30000000000001,26.69999999999999,32.5,28.727846145629883,4.1614,True,True,87.5
EBFP,20.0,60.0,10.0,39,1,96,15,72.0,53.80000000000001,62.91,38.45207977294922,-0.1421,False,False,87.5
EBFP,20.0,60.0,10.0,39,2,96,12,69.10000000000002,44.89999999999998,57.02,24.82045555114746,2.5795,True,True,87.5
EBFP,20.0,60.0,10.0,39,3,96,10,37.30000000000001,29.100000000000023,33.23,28.57419776916504,3.8629,True,True,87.5
EBFP,20.0,60.0,10.0,40,1,96,9,31.80000000000001,21.0,26.38,29.870737075805664,-3.1634,True,False,87.5
EBFP,20.0,60.0,10.0,40,2,96,9,26.30000000000001,26.69999999999999,26.48,28.987266540527344,2.6294,True,True,87.5
EBFP,20.0,60.0,10.0,40,3,96,8,38.69999999999999,32.19999999999999,35.48,27.86564064025879,3.1846,True,True,87.5
EBFP,20.0,60.0,10.0,41,1,96,10,38.39999999999998,32.5,35.43,31.386503219604492,4.5459,False,True,87.5
EBFP,20.0,60.0,10.0,41,3,96,8,41.0,30.100000000000023,35.55,24.5191707611084,4.5801,True,True,87.5
EBFP,20.0,60.0,10.0,42,1,96,11,29.30000000000001,25.399999999999977,27.32,35.061824798583984,0.1238,False,True,87.5
EBFP,20.0,60.0,10.0,42,2,96,10,33.0,28.0,30.47,30.030851364135742,1.4102,True,True,87.5
EBFP,20.0,60.0,10.0,42,3,96,9,35.19999999999999,26.399999999999977,30.8,27.082372665405273,1.4642,True,True,87.5
EBFP,20.0,60.0,10.0,43,1,96,10,34.30000000000001,34.39999999999998,34.35,27.569461822509766,-0.5955,True,False,87.5
EBFP,20.0,60.0,10.0,43,2,96,10,41.39999999999998,32.0,36.69,24.419193267822266,4.9289,True,True,87.5
EBFP,20.0,60.0,10.0,43,3,96,8,40.19999999999999,33.89999999999998,37.04,26.856691360473633,4.301,True,True,87.5
EBFP,20.0,60.0,10.0,44,1,96,9,36.69999999999999,30.899999999999977,33.8,29.573335647583008,2.3588,True,True,87.5
EBFP,20.0,60.0,10.0,44,2,96,10,32.10000000000002,30.19999999999999,31.19,38.97370529174805,1.5864,False,True,87.5
EBFP,20.0,60.0,10.0,44,3,96,9,34.80000000000001,30.899999999999977,32.85,31.329172134399414,4.2524,False,True,87.5
EBFP,20.0,60.0,10.0,45,1,96,11,31.0,24.399999999999977,27.71,27.05071258544922,3.572,True,True,87.5
EBFP,20.0,60.0,10.0,45,2,96,8,35.80000000000001,29.30000000000001,32.53,27.854755401611328,4.4846,True,True,87.5
EBFP,20.0,60.0,10.0,45,3,96,9,36.10000000000002,28.19999999999999,32.14,23.926883697509766,4.8721,True,True,87.5
EBFP,20.0,60.0,10.0,46,1,96,10,51.80000000000001,34.69999999999999,43.23,25.729703903198242,-0.667,True,False,87.5
EBFP,20.0,60.0,10.0,46,2,96,9,37.19999999999999,25.69999999999999,31.42,26.35236358642578,1.5449,True,True,87.5
EBFP,20.0,60.0,10.0,46,3,96,10,44.39999999999998,33.69999999999999,39.03,25.455820083618164,1.8023,True,True,87.5
EBFP,20.0,60.0,10.0,47,1,96,15,40.39999999999998,30.600000000000023,35.5,36.805381774902344,-2.8675,False,False,87.5
EBFP,20.0,60.0,10.0,47,2,96,13,42.5,30.80000000000001,36.67,31.736984252929688,-2.8037,False,False,87.5
EBFP,20.0,60.0,10.0,47,3,96,12,38.39999999999998,26.399999999999977,32.39,28.181856155395508,-1.3912,True,False,87.5
EBFP,20.0,60.0,10.0,48,1,96,12,28.69999999999999,33.69999999999999,31.19,29.90460968017578,0.1947,True,True,87.5
EBFP,20.0,60.0,10.0,48,2,96,11,33.0,28.899999999999977,30.99,29.875993728637695,2.188,True,True,87.5
EBFP,20.0,60.0,10.0,48,3,96,10,37.19999999999999,29.0,33.1,26.714797973632812,3.7123,True,True,87.5
EBFP,20.0,60.0,10.0,49,1,96,14,56.30000000000001,39.0,47.64,30.41523551940918,3.048,False,True,87.5
EBFP,20.0,60.0,10.0,49,2,96,11,42.19999999999999,29.600000000000023,35.88,27.98974609375,5.0442,True,True,87.5
EBFP,20.0,60.0,10.0,49,3,96,11,37.30000000000001,30.899999999999977,34.08,30.399213790893555,3.6043,False,True,87.5
EBFP,20.0,60.0,10.0,50,1,96,12,51.0,35.89999999999998,43.42,27.791851043701172,0.808,True,True,87.5
EBFP,20.0,60.0,10.0,50,2,96,11,25.399999999999977,21.80000000000001,23.61,35.081581115722656,3.0492,False,True,87.5
EBFP,20.0,60.0,10.0,50,3,96,12,30.600000000000023,28.100000000000023,29.37,35.19078063964844,1.9622,False,True,87.5
EBFP,20.0,60.0,10.0,51,1,96,12,30.30000000000001,34.0,32.13,32.03791427612305,-0.717,False,False,87.5
EBFP,20.0,60.0,10.0,51,2,96,12,29.600000000000023,28.399999999999977,28.99,34.404415130615234,1.9398,False,True,87.5
EBFP,20.0,60.0,10.0,51,3,96,12,47.30000000000001,33.89999999999998,40.58,29.50155258178711,2.1627,True,True,87.5
EBFP,20.0,60.0,10.0,52,1,96,14,35.0,29.5,32.24,32.004817962646484,-2.8508,False,False,87.5
EBFP,20.0,60.0,10.0,52,2,96,13,41.0,28.100000000000023,34.54,28.25175666809082,1.2961,True,True,87.5
EBFP,20.0,60.0,10.0,52,3,96,11,6.699999999999989,6.100000000000023,6.41,31.211956024169922,3.6902,False,True,87.5
EBFP,20.0,60.0,10.0,53,1,96,12,35.39999999999998,27.399999999999977,31.4,28.927640914916992,-1.8137,True,False,87.5
EBFP,20.0,60.0,10.0,53,2,96,11,42.19999999999999,31.399999999999977,36.8,25.774206161499023,3.0655,True,True,87.5
EBFP,20.0,60.0,10.0,53,3,96,10,35.5,27.600000000000023,31.54,24.87574577331543,1.7932,True,True,87.5
EBFP,20.0,60.0,10.0,54,1,96,10,30.69999999999999,31.19999999999999,30.93,29.186790466308594,2.786,True,True,87.5
EBFP,20.0,60.0,10.0,54,2,96,13,52.89999999999998,38.60000000000002,45.75,30.229589462280273,1.4437,False,True,87.5
EBFP,20.0,60.0,10.0,54,3,96,13,56.39999999999998,39.0,47.7,29.665390014648438,-1.0844,True,False,87.5
EBFP,20.0,60.0,10.0,55,1,96,13,33.80000000000001,33.10000000000002,33.48,34.58426284790039,0.6477,False,True,87.5
EBFP,20.0,60.0,10.0,55,2,96,12,43.0,29.80000000000001,36.41,36.6682243347168,3.1634,False,True,87.5
EBFP,20.0,60.0,10.0,55,3,96,10,33.30000000000001,26.69999999999999,30.0,37.73829650878906,2.1386,False,True,87.5
EBFP,20.0,60.0,10.0,56,1,96,11,37.60000000000002,37.89999999999998,37.73,29.278383255004883,0.4346,True,True,87.5
EBFP,20.0,60.0,10.0,56,2,96,12,43.30000000000001,31.899999999999977,37.58,30.353342056274414,0.5435,False,True,87.5
EBFP,20.0,60.0,10.0,56,3,96,10,34.19999999999999,28.399999999999977,31.27,27.637248992919922,2.8046,True,True,87.5
EBFP,20.0,60.0,10.0,57,1,96,11,35.30000000000001,31.80000000000001,33.52,30.91421890258789,1.5621,False,True,87.5
EBFP,20.0,60.0,10.0,57,2,96,10,32.30000000000001,25.5,28.89,27.890378952026367,1.1576,True,True,87.5
EBFP,20.0,60.0,10.0,57,3,96,10,33.60000000000002,26.0,29.83,28.917333602905273,1.157,True,True,87.5
EBFP,20.0,60.0,10.0,58,1,96,12,29.30000000000001,35.80000000000001,32.56,32.91148376464844,1.1585,False,True,87.5
EBFP,20.0,60.0,10.0,58,2,96,13,37.80000000000001,26.30000000000001,32.03,28.11646842956543,3.2763,True,True,87.5
EBFP,20.0,60.0,10.0,58,3,96,9,28.899999999999977,43.0,35.94,34.948585510253906,-2.3715,False,False,87.5
EBFP,20.0,60.0,10.0,59,1,96,10,34.69999999999999,31.0,32.82,32.68599319458008,0.5161,False,True,87.5
EBFP,20.0,60.0,10.0,59,2,96,9,35.30000000000001,31.100000000000023,33.21,27.5546932220459,1.7732,True,True,87.5
EBFP,20.0,60.0,10.0,59,3,96,10,39.80000000000001,30.69999999999999,35.27,26.237951278686523,3.941,True,True,87.5
EBFP,20.0,60.0,10.0,60,1,96,11,41.19999999999999,29.30000000000001,35.22,30.67650032043457,1.0561,False,True,87.5
EBFP,20.0,60.0,10.0,60,2,96,12,38.5,27.30000000000001,32.87,31.5189266204834,1.3703,False,True,87.5
EBFP,20.0,60.0,10.0,60,3,96,9,15.600000000000023,18.399999999999977,17.01,28.682462692260742,2.8771,True,True,87.5
EBFP,20.0,60.0,10.0,61,1,96,11,38.0,29.899999999999977,33.92,30.547868728637695,0.0311,False,True,87.5
EBFP,20.0,60.0,10.0,61,2,96,10,41.69999999999999,29.600000000000023,35.63,29.248769760131836,0.7786,True,True,87.5
EBFP,20.0,60.0,10.0,61,3,96,12,34.5,30.399999999999977,32.48,30.1051025390625,1.3761,True,True,87.5
EBFP,20.0,60.0,10.0,62,1,96,15,34.60000000000002,24.100000000000023,29.35,33.47181701660156,-0.8009,False,False,87.5
EBFP,20.0,60.0,10.0,62,2,96,12,37.39999999999998,32.89999999999998,35.16,28.857555389404297,1.3425,True,True,87.5
EBFP,20.0,60.0,10.0,62,3,96,14,33.69999999999999,32.30000000000001,33.02,29.946508407592773,1.2452,True,True,87.5
EBFP,20.0,60.0,10.0,63,1,96,9,34.5,30.899999999999977,32.71,26.684465408325195,2.9339,True,True,87.5
EBFP,20.0,60.0,10.0,63,2,96,11,29.600000000000023,31.100000000000023,30.35,26.505342483520508,1.5911,True,True,87.5
EBFP,20.0,60.0,10.0,63,3,96,13,39.39999999999998,32.39999999999998,35.89,26.889007568359375,1.2184,True,True,87.5
EBFP,20.0,60.0,10.0,64,1,96,13,56.60000000000002,40.60000000000002,48.59,29.56734275817871,-0.1741,True,False,87.5
EBFP,20.0,60.0,10.0,64,2,96,10,37.10000000000002,27.19999999999999,32.14,26.589019775390625,4.6774,True,True,87.5
EBFP,20.0,60.0,10.0,64,3,96,12,36.0,28.30000000000001,32.15,27.10251235961914,2.5319,True,True,87.5
EBFP,20.0,60.0,10.0,65,1,96,12,27.100000000000023,38.69999999999999,32.93,29.78750228881836,0.0185,True,True,87.5
EBFP,20.0,60.0,10.0,65,2,96,12,39.10000000000002,30.0,34.55,29.198392868041992,4.8961,True,True,87.5
EBFP,20.0,60.0,10.0,65,3,96,11,33.5,31.899999999999977,32.7,29.14187240600586,4.8807,True,True,87.5
EBFP,20.0,60.0,10.0,66,1,96,12,31.19999999999999,41.69999999999999,36.44,30.75340461730957,-0.804,False,False,87.5
EBFP,20.0,60.0,10.0,66,2,96,11,43.19999999999999,30.80000000000001,36.97,27.838985443115234,2.7785,True,True,87.5
EBFP,20.0,60.0,10.0,66,3,96,11,32.39999999999998,32.30000000000001,32.36,30.281599044799805,3.3393,False,True,87.5
EBFP,20.0,60.0,10.0,67,1,96,10,44.80000000000001,33.10000000000002,38.93,26.868057250976562,-0.8391,True,False,87.5
EBFP,20.0,60.0,10.0,67,2,96,11,32.30000000000001,31.5,31.91,32.89164733886719,2.1545,False,True,87.5
EBFP,20.0,60.0,10.0,67,3,96,10,40.89999999999998,31.899999999999977,36.39,30.926368713378906,1.9206,False,True,87.5
EBFP,20.0,60.0,10.0,68,1,96,12,38.10000000000002,32.80000000000001,35.46,27.957197189331055,0.4611,True,True,87.5
EBFP,20.0,60.0,10.0,68,2,96,10,32.80000000000001,29.69999999999999,31.25,27.818002700805664,2.0451,True,True,87.5
EBFP,20.0,60.0,10.0,68,3,96,9,38.5,29.899999999999977,34.19,25.853065490722656,2.6716,True,True,87.5
EBFP,20.0,60.0,10.0,69,1,96,10,37.19999999999999,35.19999999999999,36.18,32.471031188964844,2.0916,False,True,87.5
EBFP,20.0,60.0,10.0,69,2,96,10,38.0,33.60000000000002,35.79,27.563812255859375,4.2662,True,True,87.5
EBFP,20.0,60.0,10.0,69,3,96,9,39.19999999999999,31.399999999999977,35.29,26.75841522216797,4.1381,True,True,87.5
EBFP,20.0,60.0,10.0,70,1,96,9,45.89999999999998,33.80000000000001,39.83,23.65224266052246,5.233,True,True,87.5
EBFP,20.0,60.0,10.0,70,2,96,10,39.19999999999999,30.100000000000023,34.65,26.312238693237305,5.1759,True,True,87.5
EBFP,20.0,60.0,10.0,70,3,96,9,29.899999999999977,28.0,28.91,26.72024917602539,1.7153,True,True,87.5
EBFP,20.0,60.0,10.0,71,1,96,10,46.39999999999998,33.30000000000001,39.85,27.731969833374023,-2.3143,True,False,87.5
EBFP,20.0,60.0,10.0,71,2,96,11,36.89999999999998,33.80000000000001,35.32,27.73038673400879,1.4732,True,True,87.5
EBFP,20.0,60.0,10.0,71,3,96,11,38.60000000000002,29.69999999999999,34.17,27.023313522338867,2.1095,True,True,87.5
EBFP,20.0,60.0,10.0,72,1,96,10,45.80000000000001,34.10000000000002,39.97,26.521156311035156,5.0599,True,True,87.5
EBFP,20.0,60.0,10.0,72,2,96,10,34.30000000000001,29.19999999999999,31.74,30.7037296295166,4.0063,False,True,87.5
EBFP,20.0,60.0,10.0,72,3,96,9,36.80000000000001,29.0,32.89,30.13685417175293,3.8552,True,True,87.5
EBFP,20.0,60.0,10.0,73,1,96,11,37.30000000000001,29.69999999999999,33.49,26.71639060974121,2.3644,True,True,87.5
EBFP,20.0,60.0,10.0,73,2,96,11,27.600000000000023,27.399999999999977,27.53,27.135162353515625,2.7628,True,True,87.5
EBFP,20.0,60.0,10.0,73,3,96,11,24.899999999999977,28.30000000000001,26.62,30.530742645263672,1.3883,False,True,87.5
EBFP,20.0,60.0,10.0,74,1,96,7,40.69999999999999,33.69999999999999,37.17,30.736099243164062,2.8818,False,True,87.5
EBFP,20.0,60.0,10.0,74,2,96,8,29.899999999999977,27.399999999999977,28.65,37.36518096923828,1.9801,False,True,87.5
EBFP,20.0,60.0,10.0,74,3,96,9,38.5,28.0,33.27,31.798410415649414,0.7283,False,True,87.5
EBFP,20.0,60.0,10.0,75,1,96,11,30.100000000000023,27.600000000000023,28.83,26.965618133544922,1.1741,True,True,87.5
EBFP,20.0,60.0,10.0,75,2,96,11,27.5,29.899999999999977,28.72,27.694278717041016,1.616,True,True,87.5
EBFP,20.0,60.0,10.0,75,3,96,12,26.0,25.5,25.75,26.950044631958008,2.6945,True,True,87.5
EBFP,20.0,60.0,10.0,76,1,96,11,56.89999999999998,38.5,47.71,27.50703239440918,2.1355,True,True,87.5
EBFP,20.0,60.0,10.0,76,2,96,11,31.69999999999999,35.39999999999998,33.58,33.34591293334961,2.058,False,True,87.5
EBFP,20.0,60.0,10.0,76,3,96,10,36.0,30.899999999999977,33.45,29.468521118164062,3.3178,True,True,87.5
EBFP,20.0,60.0,10.0,77,1,96,13,49.5,35.0,42.24,28.617469787597656,-0.4437,True,False,87.5
EBFP,20.0,60.0,10.0,77,2,96,13,35.39999999999998,32.30000000000001,33.89,28.544281005859375,2.8059,True,True,87.5
EBFP,20.0,60.0,10.0,77,3,96,12,26.5,28.399999999999977,27.48,29.839754104614258,5.3259,True,True,87.5
EBFP,20.0,60.0,10.0,78,1,96,11,34.89999999999998,28.19999999999999,31.57,28.490041732788086,0.1312,True,True,87.5
EBFP,20.0,60.0,10.0,78,2,96,12,5.600000000000023,9.399999999999977,7.5,31.299766540527344,0.9316,False,True,87.5
EBFP,20.0,60.0,10.0,78,3,96,9,4.699999999999989,11.100000000000023,7.93,28.169185638427734,2.2145,True,True,87.5
EBFP,20.0,60.0,10.0,79,1,96,9,30.399999999999977,27.899999999999977,29.18,26.808713912963867,-0.132,True,False,87.5
EBFP,20.0,60.0,10.0,79,3,96,11,31.0,25.399999999999977,28.2,27.461875915527344,3.2472,True,True,87.5
EBFP,20.0,60.0,10.0,80,1,96,11,27.5,32.0,29.79,32.71394729614258,2.3012,False,True,87.5
EBFP,20.0,60.0,10.0,80,2,96,12,30.80000000000001,26.899999999999977,28.85,32.706787109375,2.3403,False,True,87.5
EBFP,20.0,60.0,10.0,81,1,96,14,21.899999999999977,38.0,29.96,30.2730770111084,1.259,False,True,87.5
EBFP,20.0,60.0,10.0,81,2,96,11,36.30000000000001,32.80000000000001,34.58,26.22196388244629,1.7312,True,True,87.5
EBFP,20.0,60.0,10.0,81,3,96,10,34.69999999999999,30.399999999999977,32.54,29.949636459350586,2.3834,True,True,87.5
EBFP,20.0,60.0,10.0,82,1,96,11,41.60000000000002,28.600000000000023,35.06,34.589290618896484,1.4379,False,True,87.5
EBFP,20.0,60.0,10.0,82,2,96,13,31.100000000000023,34.10000000000002,32.6,32.01533508300781,-0.3548,False,False,87.5
EBFP,20.0,60.0,10.0,82,3,96,12,35.69999999999999,29.399999999999977,32.54,29.263261795043945,2.9675,True,True,87.5
EBFP,20.0,60.0,10.0,83,1,96,12,32.0,25.69999999999999,28.86,29.08662223815918,2.0909,True,True,87.5
EBFP,20.0,60.0,10.0,83,2,96,9,37.0,28.5,32.76,29.33824920654297,0.9774,True,True,87.5
EBFP,20.0,60.0,10.0,83,3,96,10,31.19999999999999,23.19999999999999,27.23,31.667251586914062,1.6699,False,True,87.5
EBFP,20.0,60.0,10.0,84,1,96,12,43.89999999999998,31.600000000000023,37.75,28.72368049621582,2.502,True,True,87.5
EBFP,20.0,60.0,10.0,84,2,96,11,29.19999999999999,29.399999999999977,29.33,28.380041122436523,0.9382,True,True,87.5
EBFP,20.0,60.0,10.0,84,3,96,9,37.89999999999998,29.19999999999999,33.52,28.329872131347656,1.2129,True,True,87.5
EBFP,20.0,60.0,10.0,85,1,96,12,42.5,25.100000000000023,33.81,31.62934684753418,-1.5578,False,False,87.5
EBFP,20.0,60.0,10.0,85,2,96,13,41.69999999999999,33.5,37.6,30.906633377075195,-0.4272,False,False,87.5
EBFP,20.0,60.0,10.0,85,3,96,13,46.89999999999998,34.39999999999998,40.68,30.662796020507812,-0.0182,False,False,87.5
EBFP,20.0,60.0,10.0,86,1,96,9,45.10000000000002,34.69999999999999,39.92,24.088088989257812,-0.1483,True,False,87.5
EBFP,20.0,60.0,10.0,86,2,96,10,32.0,31.0,31.47,30.831361770629883,4.7462,False,True,87.5
EBFP,20.0,60.0,10.0,86,3,96,11,35.0,36.80000000000001,35.9,30.84050750732422,1.7679,False,True,87.5
EBFP,20.0,60.0,10.0,87,1,96,12,44.0,30.899999999999977,37.47,29.441543579101562,2.5153,True,True,87.5
EBFP,20.0,60.0,10.0,87,2,96,10,34.30000000000001,26.69999999999999,30.52,31.280649185180664,-0.5626,False,False,87.5
EBFP,20.0,60.0,10.0,87,3,96,11,32.5,32.60000000000002,32.54,29.933948516845703,2.8524,True,True,87.5
EBFP,20.0,60.0,10.0,88,1,96,13,40.0,37.5,38.75,27.835859298706055,0.8868,True,True,87.5
EBFP,20.0,60.0,10.0,88,2,96,9,38.39999999999998,34.10000000000002,36.24,29.22355842590332,3.3715,True,True,87.5
EBFP,20.0,60.0,10.0,88,3,96,9,41.30000000000001,31.69999999999999,36.49,24.89308738708496,4.0327,True,True,87.5
EBFP,20.0,60.0,10.0,89,1,96,10,44.19999999999999,33.69999999999999,38.92,28.939882278442383,-1.0377,True,False,87.5
EBFP,20.0,60.0,10.0,89,2,96,12,33.5,31.30000000000001,32.37,30.710050582885742,-0.2883,False,False,87.5
EBFP,20.0,60.0,10.0,89,3,96,11,36.10000000000002,30.899999999999977,33.5,30.655914306640625,3.009,False,True,87.5
EBFP,20.0,60.0,10.0,90,1,96,13,40.89999999999998,31.0,35.95,30.100055694580078,2.9544,True,True,87.5
EBFP,20.0,60.0,10.0,90,2,96,12,45.60000000000002,32.89999999999998,39.27,29.38967514038086,3.8222,True,True,87.5
EBFP,20.0,60.0,10.0,90,3,96,10,42.19999999999999,32.69999999999999,37.44,30.478137969970703,4.1337,False,True,87.5
EBFP,20.0,60.0,10.0,91,1,96,13,21.399999999999977,33.39999999999998,27.4,34.77425765991211,-2.4385,False,False,87.5
EBFP,20.0,60.0,10.0,91,2,96,12,43.89999999999998,32.69999999999999,38.3,31.99641990661621,3.2328,False,True,87.5
EBFP,20.0,60.0,10.0,91,3,96,10,38.30000000000001,30.100000000000023,34.2,29.758148193359375,1.5905,True,True,87.5
EBFP,20.0,60.0,10.0,92,1,96,13,27.399999999999977,35.10000000000002,31.27,33.89339065551758,-1.1503,False,False,87.5
EBFP,20.0,60.0,10.0,92,2,96,11,40.69999999999999,31.5,36.08,27.617446899414062,4.9272,True,True,87.5
EBFP,20.0,60.0,10.0,92,3,96,12,33.69999999999999,27.399999999999977,30.59,27.317588806152344,4.7248,True,True,87.5
EBFP,20.0,60.0,10.0,93,1,96,13,37.30000000000001,36.5,36.9,30.682863235473633,-2.0993,False,False,87.5
EBFP,20.0,60.0,10.0,93,2,96,11,32.5,24.600000000000023,28.56,31.1389217376709,-1.0509,False,False,87.5
EBFP,20.0,60.0,10.0,93,3,96,10,34.60000000000002,27.100000000000023,30.81,27.799890518188477,2.9802,True,True,87.5
EBFP,20.0,60.0,10.0,94,1,96,11,47.5,35.89999999999998,41.72,28.368946075439453,0.2838,True,True,87.5
EBFP,20.0,60.0,10.0,94,2,96,11,36.0,31.899999999999977,33.94,30.00183868408203,2.6237,True,True,87.5
EBFP,20.0,60.0,10.0,95,1,96,6,41.80000000000001,32.0,36.92,29.764921188354492,1.3054,True,True,87.5
EBFP,20.0,60.0,10.0,95,2,96,10,38.10000000000002,29.69999999999999,33.9,31.21790313720703,1.6537,False,True,87.5
EBFP,20.0,60.0,10.0,95,3,96,8,38.5,29.0,33.74,26.429298400878906,1.7095,True,True,87.5
mOrange,20.0,60.0,10.0,0,1,96,7,62.19999999999999,56.19999999999999,59.21,21.295101165771484,-3.9013,True,False,57.5
mOrange,20.0,60.0,10.0,0,2,96,9,64.0,51.80000000000001,57.88,29.885847091674805,-0.2632,True,False,57.5
mOrange,20.0,60.0,10.0,0,3,96,9,46.69999999999999,40.200000000000045,43.45,28.702392578125,0.5593,True,True,57.5
mOrange,20.0,60.0,10.0,1,1,96,12,61.69999999999999,57.30000000000001,59.53,31.300039291381836,-2.9897,False,False,57.5
mOrange,20.0,60.0,10.0,1,2,96,14,53.0,52.19999999999999,52.63,29.56087303161621,-0.5969,True,False,57.5
mOrange,20.0,60.0,10.0,1,3,96,13,52.5,52.39999999999998,52.43,26.921772003173828,0.1441,True,True,57.5
mOrange,20.0,60.0,10.0,2,1,96,8,46.5,45.0,45.74,26.803035736083984,-3.9142,True,False,57.5
mOrange,20.0,60.0,10.0,2,2,96,8,86.80000000000001,61.0,73.91,27.57183265686035,-1.9901,True,False,57.5
mOrange,20.0,60.0,10.0,2,3,96,15,53.69999999999999,46.700000000000045,50.19,28.829875946044922,-2.1216,True,False,57.5
mOrange,20.0,60.0,10.0,3,1,96,10,46.60000000000002,45.39999999999998,45.98,29.17508316040039,-4.1364,True,False,57.5
mOrange,20.0,60.0,10.0,3,2,96,11,48.30000000000001,44.799999999999955,46.55,28.50815200805664,-3.4971,True,False,57.5
mOrange,20.0,60.0,10.0,3,3,96,11,49.19999999999999,44.39999999999998,46.8,27.71518325805664,-2.8744,True,False,57.5
mOrange,20.0,60.0,10.0,4,1,96,8,50.10000000000002,41.700000000000045,45.9,29.000211715698242,0.3216,True,True,57.5
mOrange,20.0,60.0,10.0,4,2,96,7,50.89999999999998,19.600000000000023,35.25,30.53946304321289,0.0963,False,True,57.5
mOrange,20.0,60.0,10.0,4,3,96,8,48.19999999999999,31.799999999999955,40.02,31.08262062072754,2.2853,False,True,57.5
mOrange,20.0,60.0,10.0,5,1,96,9,61.39999999999998,55.89999999999998,58.68,24.30035972595215,-2.8933,True,False,57.5
mOrange,20.0,60.0,10.0,5,2,96,12,46.0,28.100000000000023,37.07,30.984901428222656,-0.6073,False,False,57.5
mOrange,20.0,60.0,10.0,5,3,96,13,51.60000000000002,49.60000000000002,50.61,30.87283706665039,0.7856,False,True,57.5
mOrange,20.0,60.0,10.0,6,1,96,11,47.80000000000001,46.200000000000045,47.02,31.97117042541504,-3.5542,False,False,57.5
mOrange,20.0,60.0,10.0,6,2,96,11,39.39999999999998,31.5,35.49,33.15996170043945,-2.2115,False,False,57.5
mOrange,20.0,60.0,10.0,6,3,96,12,39.39999999999998,31.899999999999977,35.65,32.73297119140625,0.8852,False,True,57.5
mOrange,20.0,60.0,10.0,7,1,96,8,54.60000000000002,52.60000000000002,53.64,24.80238914489746,-2.4394,True,False,57.5
mOrange,20.0,60.0,10.0,7,2,96,11,39.80000000000001,37.799999999999955,38.78,29.481447219848633,-2.3823,True,False,57.5
mOrange,20.0,60.0,10.0,7,3,96,12,34.89999999999998,28.299999999999955,31.62,29.707761764526367,1.2405,True,True,57.5
mOrange,20.0,60.0,10.0,8,1,96,9,44.89999999999998,41.0,42.93,29.68570327758789,-2.5837,True,False,57.5
mOrange,20.0,60.0,10.0,8,2,96,12,50.19999999999999,46.799999999999955,48.46,32.268028259277344,-1.4872,False,False,57.5
mOrange,20.0,60.0,10.0,8,3,96,11,40.60000000000002,37.39999999999998,38.98,27.897003173828125,-0.6614,True,False,57.5
mOrange,20.0,60.0,10.0,9,1,96,7,66.10000000000002,59.60000000000002,62.84,27.717721939086914,-1.9135,True,False,57.5
mOrange,20.0,60.0,10.0,9,2,96,12,57.60000000000002,53.0,55.29,30.910202026367188,0.2881,False,True,57.5
mOrange,20.0,60.0,10.0,9,3,96,10,61.69999999999999,55.19999999999999,58.46,34.23121643066406,0.8578,False,True,57.5
mOrange,20.0,60.0,10.0,10,1,96,12,47.10000000000002,49.799999999999955,48.49,25.333223342895508,-4.0922,True,False,57.5
mOrange,20.0,60.0,10.0,10,2,96,13,45.60000000000002,44.700000000000045,45.13,28.162017822265625,-4.903,True,False,57.5
mOrange,20.0,60.0,10.0,10,3,96,14,41.69999999999999,38.60000000000002,40.13,34.98472213745117,-3.2188,False,False,57.5
mOrange,20.0,60.0,10.0,11,1,96,11,50.30000000000001,47.10000000000002,48.69,28.250574111938477,0.0599,True,True,57.5
mOrange,20.0,60.0,10.0,11,2,96,11,51.80000000000001,49.200000000000045,50.52,30.756092071533203,1.0196,False,True,57.5
mOrange,20.0,60.0,10.0,11,3,96,14,46.0,44.5,45.25,28.516332626342773,-1.448,True,False,57.5
mOrange,20.0,60.0,10.0,12,1,96,9,52.10000000000002,47.5,49.78,30.366548538208008,-3.854,False,False,57.5
mOrange,20.0,60.0,10.0,12,2,96,11,46.0,43.60000000000002,44.82,32.933902740478516,-3.8709,False,False,57.5
mOrange,20.0,60.0,10.0,12,3,96,9,45.0,39.299999999999955,42.19,29.543136596679688,-0.4789,True,False,57.5
mOrange,20.0,60.0,10.0,13,1,96,9,50.69999999999999,48.700000000000045,49.68,20.100496292114258,-3.8793,True,False,57.5
mOrange,20.0,60.0,10.0,13,2,96,11,51.39999999999998,48.299999999999955,49.82,23.201194763183594,-2.1957,True,False,57.5
mOrange,20.0,60.0,10.0,13,3,96,11,49.60000000000002,47.10000000000002,48.37,22.58284568786621,-2.3687,True,False,57.5
mOrange,20.0,60.0,10.0,14,1,96,11,46.19999999999999,43.39999999999998,44.83,30.168386459350586,-4.2497,True,False,57.5
mOrange,20.0,60.0,10.0,14,2,96,11,46.60000000000002,44.799999999999955,45.66,29.172456741333008,-2.563,True,False,57.5
mOrange,20.0,60.0,10.0,14,3,96,12,42.69999999999999,40.299999999999955,41.53,30.927555084228516,-0.9864,False,False,57.5
mOrange,20.0,60.0,10.0,15,1,96,9,52.10000000000002,50.19999999999999,51.19,27.973495483398438,-3.9596,True,False,57.5
mOrange,20.0,60.0,10.0,15,2,96,13,44.5,46.5,45.49,25.342985153198242,-2.3339,True,False,57.5
mOrange,20.0,60.0,10.0,15,3,96,16,52.80000000000001,49.200000000000045,50.96,29.495784759521484,-1.8635,True,False,57.5
mOrange,20.0,60.0,10.0,16,1,96,9,47.19999999999999,43.10000000000002,45.12,21.320222854614258,-3.7857,True,False,57.5
mOrange,20.0,60.0,10.0,16,2,96,11,34.10000000000002,22.799999999999955,28.44,28.297191619873047,-2.509,True,False,57.5
mOrange,20.0,60.0,10.0,16,3,96,8,68.39999999999998,56.60000000000002,62.51,26.041370391845703,3.2555,True,True,57.5
mOrange,20.0,60.0,10.0,17,1,96,9,35.89999999999998,25.200000000000045,30.58,30.28671646118164,-1.8848,False,False,57.5
mOrange,20.0,60.0,10.0,17,2,96,8,60.69999999999999,24.600000000000023,42.66,29.70572853088379,1.0365,True,True,57.5
mOrange,20.0,60.0,10.0,17,3,96,10,42.89999999999998,31.700000000000045,37.32,31.273311614990234,1.5084,False,True,57.5
mOrange,20.0,60.0,10.0,18,1,96,12,48.39999999999998,47.700000000000045,48.03,26.10509490966797,-1.4572,True,False,57.5
mOrange,20.0,60.0,10.0,18,2,96,11,42.80000000000001,46.0,44.41,32.331180572509766,0.52,False,True,57.5
mOrange,20.0,60.0,10.0,18,3,96,11,37.69999999999999,29.899999999999977,33.8,31.06727409362793,1.7391,False,True,57.5
mOrange,20.0,60.0,10.0,19,1,96,8,59.10000000000002,53.60000000000002,56.38,21.592845916748047,-2.3274,True,False,57.5
mOrange,20.0,60.0,10.0,19,2,96,8,61.60000000000002,55.60000000000002,58.63,28.735492706298828,-1.2088,True,False,57.5
mOrange,20.0,60.0,10.0,19,3,96,9,57.0,52.0,54.51,33.138126373291016,-2.3449,False,False,57.5
mOrange,20.0,60.0,10.0,20,1,96,8,57.10000000000002,51.89999999999998,54.51,20.499544143676758,-4.5673,True,False,57.5
mOrange,20.0,60.0,10.0,20,2,96,9,59.80000000000001,54.89999999999998,57.38,26.81711769104004,-0.3883,True,False,57.5
mOrange,20.0,60.0,10.0,20,3,96,10,56.60000000000002,52.60000000000002,54.61,28.941532135009766,-1.9163,True,False,57.5
mOrange,20.0,60.0,10.0,21,1,96,13,49.39999999999998,46.200000000000045,47.79,33.50218200683594,-3.2309,False,False,57.5
mOrange,20.0,60.0,10.0,21,2,96,12,43.5,36.799999999999955,40.16,31.22139549255371,-2.5972,False,False,57.5
mOrange,20.0,60.0,10.0,21,3,96,11,89.19999999999999,59.69999999999999,74.47,25.412981033325195,-2.1653,True,False,57.5
mOrange,20.0,60.0,10.0,22,1,96,10,57.30000000000001,51.60000000000002,54.46,28.32488250732422,-1.5377,True,False,57.5
mOrange,20.0,60.0,10.0,22,2,96,7,59.80000000000001,53.19999999999999,56.5,34.31608581542969,-0.403,False,False,57.5
mOrange,20.0,60.0,10.0,22,3,96,12,52.19999999999999,48.700000000000045,50.45,38.993896484375,0.5148,False,True,57.5
mOrange,20.0,60.0,10.0,23,1,96,12,45.30000000000001,42.39999999999998,43.84,25.09817886352539,-3.9975,True,False,57.5
mOrange,20.0,60.0,10.0,23,2,96,9,47.39999999999998,20.5,33.91,23.463090896606445,-0.4205,True,False,57.5
mOrange,20.0,60.0,10.0,23,3,96,11,44.0,34.700000000000045,39.34,27.881784439086914,-1.1706,True,False,57.5
mOrange,20.0,60.0,10.0,24,1,96,10,56.30000000000001,51.60000000000002,53.9,29.80204200744629,-0.2582,True,False,57.5
mOrange,20.0,60.0,10.0,24,2,96,10,45.60000000000002,40.39999999999998,42.99,31.562517166137695,1.5718,False,True,57.5
mOrange,20.0,60.0,10.0,24,3,96,11,36.5,26.100000000000023,31.3,33.84680938720703,0.9878,False,True,57.5
mOrange,20.0,60.0,10.0,25,1,96,9,41.5,44.89999999999998,43.21,25.3677921295166,-3.8985,True,False,57.5
mOrange,20.0,60.0,10.0,25,2,96,11,42.19999999999999,45.700000000000045,43.95,26.64069175720215,1.0867,True,True,57.5
mOrange,20.0,60.0,10.0,25,3,96,12,44.60000000000002,46.10000000000002,45.39,28.12522315979004,1.1297,True,True,57.5
mOrange,20.0,60.0,10.0,26,1,96,8,62.5,54.80000000000001,58.64,23.51422119140625,-2.1264,True,False,57.5
mOrange,20.0,60.0,10.0,26,2,96,10,54.89999999999998,49.39999999999998,52.13,27.00872802734375,-2.3186,True,False,57.5
mOrange,20.0,60.0,10.0,26,3,96,13,49.60000000000002,49.5,49.53,29.214963912963867,-1.6677,True,False,57.5
mOrange,20.0,60.0,10.0,27,1,96,8,60.80000000000001,54.19999999999999,57.5,25.396421432495117,-2.1231,True,False,57.5
mOrange,20.0,60.0,10.0,27,2,96,11,55.89999999999998,47.89999999999998,51.88,27.98628807067871,2.1095,True,True,57.5
mOrange,20.0,60.0,10.0,27,3,96,10,57.60000000000002,47.200000000000045,52.43,29.870586395263672,0.4699,True,True,57.5
mOrange,20.0,60.0,10.0,28,1,96,9,47.0,27.600000000000023,37.32,30.370393753051758,1.6186,False,True,57.5
mOrange,20.0,60.0,10.0,28,2,96,10,46.69999999999999,37.700000000000045,42.22,31.685110092163086,1.3168,False,True,57.5
mOrange,20.0,60.0,10.0,28,3,96,11,48.69999999999999,42.700000000000045,45.74,29.268239974975586,1.6841,True,True,57.5
mOrange,20.0,60.0,10.0,29,1,96,10,51.0,48.60000000000002,49.8,24.89430809020996,-3.0139,True,False,57.5
mOrange,20.0,60.0,10.0,29,2,96,9,32.799999999999955,28.299999999999955,30.56,27.332948684692383,1.5074,True,True,57.5
mOrange,20.0,60.0,10.0,29,3,96,8,42.10000000000002,27.700000000000045,34.91,27.52668571472168,1.1754,True,True,57.5
mOrange,20.0,60.0,10.0,30,1,96,8,56.5,49.799999999999955,53.18,21.51181411743164,-2.7089,True,False,57.5
mOrange,20.0,60.0,10.0,30,2,96,8,52.30000000000001,27.399999999999977,39.86,31.389497756958008,1.5975,False,True,57.5
mOrange,20.0,60.0,10.0,30,3,96,8,46.30000000000001,23.399999999999977,34.85,29.693567276000977,0.9943,True,True,57.5
mOrange,20.0,60.0,10.0,31,1,96,9,60.69999999999999,55.5,58.09,29.46037483215332,-0.2526,True,False,57.5
mOrange,20.0,60.0,10.0,31,2,96,11,49.30000000000001,46.39999999999998,47.85,30.049888610839844,-1.3514,True,False,57.5
mOrange,20.0,60.0,10.0,31,3,96,10,43.60000000000002,40.700000000000045,42.18,33.50849151611328,-3.781,False,False,57.5
mOrange,20.0,60.0,10.0,32,1,96,11,47.89999999999998,42.5,45.2,30.807313919067383,-1.79,False,False,57.5
mOrange,20.0,60.0,10.0,32,2,96,10,24.700000000000045,12.200000000000045,18.44,29.772199630737305,-2.4349,True,False,57.5
mOrange,20.0,60.0,10.0,32,3,96,11,33.39999999999998,20.100000000000023,26.78,28.349609375,-1.1041,True,False,57.5
mOrange,20.0,60.0,10.0,33,1,96,9,59.10000000000002,54.10000000000002,56.63,25.714954376220703,1.2325,True,True,57.5
mOrange,20.0,60.0,10.0,33,2,96,12,45.10000000000002,24.200000000000045,34.67,30.383445739746094,-1.4817,False,False,57.5
mOrange,20.0,60.0,10.0,33,3,96,10,40.0,19.200000000000045,29.57,30.40825843811035,-0.1788,False,False,57.5
mOrange,20.0,60.0,10.0,34,1,96,12,31.299999999999955,25.700000000000045,28.47,31.452320098876953,-3.1323,False,False,57.5
mOrange,20.0,60.0,10.0,34,2,96,10,35.299999999999955,11.5,23.42,30.760875701904297,-3.0,False,False,57.5
mOrange,20.0,60.0,10.0,34,3,96,12,36.80000000000001,29.899999999999977,33.38,31.094392776489258,1.5513,False,True,57.5
mOrange,20.0,60.0,10.0,35,1,96,11,48.10000000000002,47.799999999999955,47.94,30.570026397705078,-2.9077,False,False,57.5
mOrange,20.0,60.0,10.0,35,2,96,10,38.69999999999999,38.799999999999955,38.76,28.875621795654297,1.9314,True,True,57.5
mOrange,20.0,60.0,10.0,35,3,96,8,36.5,21.200000000000045,28.82,29.87546157836914,0.5544,True,True,57.5
mOrange,20.0,60.0,10.0,36,1,96,8,46.39999999999998,42.10000000000002,44.21,30.515872955322266,-1.0803,False,False,57.5
mOrange,20.0,60.0,10.0,36,2,96,8,46.60000000000002,15.5,31.04,27.89423179626465,0.3974,True,True,57.5
mOrange,20.0,60.0,10.0,36,3,96,7,55.30000000000001,23.899999999999977,39.59,26.247190475463867,1.7268,True,True,57.5
mOrange,20.0,60.0,10.0,37,1,96,9,37.89999999999998,33.60000000000002,35.74,27.600507736206055,-2.5815,True,False,57.5
mOrange,20.0,60.0,10.0,37,2,96,11,39.19999999999999,37.0,38.08,31.87666130065918,-1.3339,False,False,57.5
mOrange,20.0,60.0,10.0,37,3,96,11,39.0,34.200000000000045,36.56,28.451549530029297,-0.9598,True,False,57.5
mOrange,20.0,60.0,10.0,38,1,96,13,58.10000000000002,55.39999999999998,56.75,29.213455200195312,-3.791,True,False,57.5
mOrange,20.0,60.0,10.0,38,2,96,12,54.60000000000002,50.80000000000001,52.71,29.06614875793457,0.0188,True,True,57.5
mOrange,20.0,60.0,10.0,38,3,96,13,44.5,35.39999999999998,39.95,29.765869140625,0.4766,True,True,57.5
mOrange,20.0,60.0,10.0,39,1,96,12,44.19999999999999,47.89999999999998,46.05,28.001956939697266,-4.1964,True,False,57.5
mOrange,20.0,60.0,10.0,39,2,96,14,47.69999999999999,48.799999999999955,48.28,31.79962730407715,-1.1009,False,False,57.5
mOrange,20.0,60.0,10.0,39,3,96,11,35.299999999999955,39.299999999999955,37.29,31.908418655395508,-1.748,False,False,57.5
mOrange,20.0,60.0,10.0,40,1,96,11,48.19999999999999,47.5,47.84,33.38261413574219,-2.4735,False,False,57.5
mOrange,20.0,60.0,10.0,40,2,96,11,39.89999999999998,36.89999999999998,38.37,33.94976806640625,-1.3574,False,False,57.5
mOrange,20.0,60.0,10.0,40,3,96,9,54.69999999999999,33.0,43.85,32.69816589355469,-0.6763,False,False,57.5
mOrange,20.0,60.0,10.0,41,1,96,9,45.19999999999999,44.10000000000002,44.65,29.40447235107422,-4.9337,True,False,57.5
mOrange,20.0,60.0,10.0,41,2,96,9,47.5,47.10000000000002,47.3,28.060434341430664,-4.0121,True,False,57.5
mOrange,20.0,60.0,10.0,41,3,96,10,39.19999999999999,37.10000000000002,38.14,30.243392944335938,-3.8325,False,False,57.5
mOrange,20.0,60.0,10.0,42,1,96,8,55.80000000000001,52.30000000000001,54.05,21.895965576171875,-3.7047,True,False,57.5
mOrange,20.0,60.0,10.0,42,2,96,8,56.19999999999999,51.5,53.82,22.880695343017578,-1.7368,True,False,57.5
mOrange,20.0,60.0,10.0,42,3,96,9,77.19999999999999,58.0,67.61,26.03934669494629,-0.0368,True,False,57.5
mOrange,20.0,60.0,10.0,43,1,96,9,54.80000000000001,52.39999999999998,53.57,28.281238555908203,-3.411,True,False,57.5
mOrange,20.0,60.0,10.0,43,2,96,8,57.60000000000002,49.5,53.57,27.856313705444336,-0.5941,True,False,57.5
mOrange,20.0,60.0,10.0,43,3,96,9,40.39999999999998,26.100000000000023,33.26,31.067138671875,0.7854,False,True,57.5
mOrange,20.0,60.0,10.0,44,1,96,10,51.80000000000001,46.60000000000002,49.21,27.17005729675293,-2.1766,True,False,57.5
mOrange,20.0,60.0,10.0,44,2,96,11,34.60000000000002,28.899999999999977,31.79,26.825162887573242,1.2873,True,True,57.5
mOrange,20.0,60.0,10.0,44,3,96,11,28.700000000000045,16.299999999999955,22.49,26.546775817871094,-1.4381,True,False,57.5
mOrange,20.0,60.0,10.0,45,1,96,9,55.69999999999999,52.5,54.09,25.82504653930664,-2.1973,True,False,57.5
mOrange,20.0,60.0,10.0,45,2,96,9,50.0,50.0,49.99,29.62630844116211,-3.291,True,False,57.5
mOrange,20.0,60.0,10.0,45,3,96,9,71.80000000000001,46.60000000000002,59.17,29.261079788208008,0.9771,True,True,57.5
mOrange,20.0,60.0,10.0,46,1,96,10,53.89999999999998,47.799999999999955,50.82,24.92931365966797,-5.1048,True,False,57.5
mOrange,20.0,60.0,10.0,46,2,96,11,51.89999999999998,40.5,46.23,30.003156661987305,-1.9427,True,False,57.5
mOrange,20.0,60.0,10.0,46,3,96,9,53.39999999999998,46.700000000000045,50.07,28.297542572021484,0.9228,True,True,57.5
mOrange,20.0,60.0,10.0,47,1,96,11,43.0,41.60000000000002,42.3,30.54404067993164,-3.339,False,False,57.5
mOrange,20.0,60.0,10.0,47,2,96,10,36.30000000000001,24.0,30.14,30.73877716064453,0.4067,False,True,57.5
mOrange,20.0,60.0,10.0,47,3,96,9,42.0,26.899999999999977,34.46,29.32282066345215,1.8378,True,True,57.5
mOrange,20.0,60.0,10.0,48,1,96,11,55.0,50.89999999999998,52.92,26.406391143798828,-4.1726,True,False,57.5
mOrange,20.0,60.0,10.0,48,2,96,9,72.69999999999999,35.10000000000002,53.91,25.62738037109375,1.8339,True,True,57.5
mOrange,20.0,60.0,10.0,48,3,96,8,57.5,39.700000000000045,48.6,21.269248962402344,1.7007,True,True,57.5
mOrange,20.0,60.0,10.0,49,1,96,11,49.80000000000001,48.200000000000045,49.01,29.946805953979492,-2.7189,True,False,57.5
mOrange,20.0,60.0,10.0,49,2,96,11,43.39999999999998,37.39999999999998,40.38,30.005144119262695,-0.0778,True,False,57.5
mOrange,20.0,60.0,10.0,49,3,96,8,33.200000000000045,27.100000000000023,30.17,32.64262008666992,2.2852,False,True,57.5
mOrange,20.0,60.0,10.0,50,1,96,12,48.10000000000002,46.89999999999998,47.5,27.87078857421875,-3.5228,True,False,57.5
mOrange,20.0,60.0,10.0,50,2,96,11,41.80000000000001,40.799999999999955,41.3,29.995540618896484,-3.723,True,False,57.5
mOrange,20.0,60.0,10.0,50,3,96,13,39.69999999999999,35.700000000000045,37.7,32.73720169067383,-2.6587,False,False,57.5
mOrange,20.0,60.0,10.0,51,1,96,9,48.80000000000001,46.200000000000045,47.54,30.896116256713867,-4.5863,False,False,57.5
mOrange,20.0,60.0,10.0,51,2,96,12,49.69999999999999,46.799999999999955,48.26,34.58217239379883,-2.8889,False,False,57.5
mOrange,20.0,60.0,10.0,51,3,96,8,56.19999999999999,33.200000000000045,44.69,25.962600708007812,2.3807,True,True,57.5
mOrange,20.0,60.0,10.0,52,1,96,12,48.10000000000002,44.5,46.3,28.098928451538086,0.7549,True,True,57.5
mOrange,20.0,60.0,10.0,52,2,96,9,35.10000000000002,26.100000000000023,30.59,23.124086380004883,0.1994,True,True,57.5
mOrange,20.0,60.0,10.0,52,3,96,7,46.80000000000001,23.600000000000023,35.22,28.915842056274414,0.8972,True,True,57.5
mOrange,20.0,60.0,10.0,53,1,96,11,48.10000000000002,44.299999999999955,46.2,30.810409545898438,-1.6106,False,False,57.5
mOrange,20.0,60.0,10.0,53,2,96,9,51.69999999999999,42.299999999999955,46.98,28.43168067932129,3.199,True,True,57.5
mOrange,20.0,60.0,10.0,53,3,96,8,46.19999999999999,30.600000000000023,38.42,30.028127670288086,2.0807,True,True,57.5
mOrange,20.0,60.0,10.0,54,1,96,8,56.19999999999999,51.5,53.88,23.320716857910156,-3.9179,True,False,57.5
mOrange,20.0,60.0,10.0,54,2,96,9,54.30000000000001,49.89999999999998,52.09,24.761022567749023,-3.2467,True,False,57.5
mOrange,20.0,60.0,10.0,54,3,96,12,56.0,51.10000000000002,53.53,26.130897521972656,-0.8797,True,False,57.5
mOrange,20.0,60.0,10.0,55,1,96,11,63.69999999999999,54.69999999999999,59.18,26.94007110595703,-3.7377,True,False,57.5
mOrange,20.0,60.0,10.0,55,2,96,9,41.89999999999998,38.39999999999998,40.15,30.354721069335938,-0.9595,False,False,57.5
mOrange,20.0,60.0,10.0,55,3,96,9,39.89999999999998,34.39999999999998,37.13,29.676925659179688,-0.2516,True,False,57.5
mOrange,20.0,60.0,10.0,56,1,96,12,52.30000000000001,46.799999999999955,49.55,32.8219108581543,-4.7877,False,False,57.5
mOrange,20.0,60.0,10.0,56,2,96,13,40.5,36.700000000000045,38.63,32.328285217285156,-3.8629,False,False,57.5
mOrange,20.0,60.0,10.0,56,3,96,11,40.0,25.399999999999977,32.69,29.7014217376709,-1.4755,True,False,57.5
mOrange,20.0,60.0,10.0,57,1,96,10,50.89999999999998,49.200000000000045,50.02,25.299869537353516,-4.3531,True,False,57.5
mOrange,20.0,60.0,10.0,57,2,96,11,45.80000000000001,44.10000000000002,44.95,24.757177352905273,-3.6704,True,False,57.5
mOrange,20.0,60.0,10.0,57,3,96,13,56.69999999999999,53.60000000000002,55.18,27.991357803344727,-2.0428,True,False,57.5
mOrange,20.0,60.0,10.0,58,1,96,9,56.39999999999998,51.30000000000001,53.84,24.009748458862305,-2.4928,True,False,57.5
mOrange,20.0,60.0,10.0,58,2,96,11,49.10000000000002,29.700000000000045,39.41,26.292373657226562,-1.222,True,False,57.5
mOrange,20.0,60.0,10.0,58,3,96,9,46.19999999999999,36.10000000000002,41.17,30.96253204345703,0.2756,False,True,57.5
mOrange,20.0,60.0,10.0,59,1,96,10,59.69999999999999,56.60000000000002,58.14,26.21170997619629,-1.8556,True,False,57.5
mOrange,20.0,60.0,10.0,59,2,96,12,52.5,51.60000000000002,52.05,29.167221069335938,-0.268,True,False,57.5
mOrange,20.0,60.0,10.0,59,3,96,12,41.0,31.299999999999955,36.15,34.12071228027344,-2.9735,False,False,57.5
mOrange,20.0,60.0,10.0,60,1,96,9,73.5,62.69999999999999,68.11,24.94609260559082,-4.172,True,False,57.5
mOrange,20.0,60.0,10.0,60,2,96,12,46.80000000000001,41.39999999999998,44.12,28.410917282104492,-3.3979,True,False,57.5
mOrange,20.0,60.0,10.0,60,3,96,10,37.80000000000001,22.799999999999955,30.32,24.871353149414062,-0.9035,True,False,57.5
mOrange,20.0,60.0,10.0,61,1,96,10,46.10000000000002,41.39999999999998,43.77,31.484722137451172,1.0432,False,True,57.5
mOrange,20.0,60.0,10.0,61,2,96,11,38.89999999999998,35.200000000000045,37.03,29.342321395874023,0.6771,True,True,57.5
mOrange,20.0,60.0,10.0,61,3,96,10,30.100000000000023,18.299999999999955,24.19,29.12797737121582,0.5978,True,True,57.5
mOrange,20.0,60.0,10.0,62,1,96,11,44.39999999999998,42.89999999999998,43.65,30.9085636138916,-4.7719,False,False,57.5
mOrange,20.0,60.0,10.0,62,2,96,10,31.5,29.299999999999955,30.41,34.02595520019531,1.1849,False,True,57.5
mOrange,20.0,60.0,10.0,62,3,96,9,22.100000000000023,12.799999999999955,17.42,37.275875091552734,1.2385,False,True,57.5
mOrange,20.0,60.0,10.0,63,1,96,7,55.80000000000001,52.19999999999999,54.0,23.96411895751953,0.4177,True,True,57.5
mOrange,20.0,60.0,10.0,63,2,96,10,55.19999999999999,51.39999999999998,53.27,29.849267959594727,-0.0207,True,False,57.5
mOrange,20.0,60.0,10.0,63,3,96,8,51.30000000000001,30.899999999999977,41.11,28.869524002075195,0.1791,True,True,57.5
mOrange,20.0,60.0,10.0,64,1,96,13,42.10000000000002,31.5,36.84,29.636608123779297,-1.1042,True,False,57.5
mOrange,20.0,60.0,10.0,64,2,96,12,39.10000000000002,27.5,33.31,29.359285354614258,2.3074,True,True,57.5
mOrange,20.0,60.0,10.0,64,3,96,8,49.30000000000001,31.399999999999977,40.34,25.386096954345703,0.7756,True,True,57.5
mOrange,20.0,60.0,10.0,65,1,96,7,54.89999999999998,51.69999999999999,53.32,22.81885528564453,-4.2688,True,False,57.5
mOrange,20.0,60.0,10.0,65,2,96,10,35.799999999999955,29.600000000000023,32.67,31.904664993286133,-4.6155,False,False,57.5
mOrange,20.0,60.0,10.0,65,3,96,12,40.5,18.200000000000045,29.32,28.4212589263916,-3.9251,True,False,57.5
mOrange,20.0,60.0,10.0,66,1,96,11,42.19999999999999,42.700000000000045,42.45,25.9835147857666,-4.0637,True,False,57.5
mOrange,20.0,60.0,10.0,66,2,96,11,45.80000000000001,43.0,44.4,27.888774871826172,0.8234,True,True,57.5
mOrange,20.0,60.0,10.0,66,3,96,10,47.5,44.39999999999998,45.93,27.782909393310547,1.91,True,True,57.5
mOrange,20.0,60.0,10.0,67,1,96,9,57.60000000000002,51.89999999999998,54.72,28.931989669799805,0.2084,True,True,57.5
mOrange,20.0,60.0,10.0,67,2,96,10,40.30000000000001,34.700000000000045,37.46,29.255786895751953,0.3451,True,True,57.5
mOrange,20.0,60.0,10.0,67,3,96,11,39.39999999999998,35.299999999999955,37.36,33.86102294921875,1.0814,False,True,57.5
mOrange,20.0,60.0,10.0,68,1,96,10,51.30000000000001,45.299999999999955,48.28,23.967151641845703,-0.9366,True,False,57.5
mOrange,20.0,60.0,10.0,68,2,96,11,38.0,27.899999999999977,32.95,30.161314010620117,1.4233,True,True,57.5
mOrange,20.0,60.0,10.0,68,3,96,7,64.89999999999998,40.89999999999998,52.88,27.885818481445312,1.1738,True,True,57.5
mOrange,20.0,60.0,10.0,69,1,96,9,49.5,46.200000000000045,47.85,30.521038055419922,-3.2022,False,False,57.5
mOrange,20.0,60.0,10.0,69,2,96,9,51.10000000000002,22.0,36.53,28.96207046508789,1.7085,True,True,57.5
mOrange,20.0,60.0,10.0,69,3,96,7,47.80000000000001,19.0,33.37,33.1533088684082,0.6055,False,True,57.5
mOrange,20.0,60.0,10.0,70,1,96,9,55.80000000000001,51.89999999999998,53.82,30.679298400878906,-4.182,False,False,57.5
mOrange,20.0,60.0,10.0,70,2,96,13,46.69999999999999,45.299999999999955,45.96,30.901830673217773,-3.6431,False,False,57.5
mOrange,20.0,60.0,10.0,70,3,96,12,41.5,38.89999999999998,40.17,37.974910736083984,-3.8913,False,False,57.5
mOrange,20.0,60.0,10.0,71,1,96,9,35.799999999999955,29.899999999999977,32.87,24.287750244140625,-0.9229,True,False,57.5
mOrange,20.0,60.0,10.0,71,2,96,11,42.5,39.299999999999955,40.87,34.65871810913086,0.8023,False,True,57.5
mOrange,20.0,60.0,10.0,71,3,96,10,42.30000000000001,40.0,41.18,33.69523620605469,1.55,False,True,57.5
mOrange,20.0,60.0,10.0,72,1,96,9,49.10000000000002,49.799999999999955,49.46,23.10610008239746,-0.4405,True,False,57.5
mOrange,20.0,60.0,10.0,72,2,96,15,45.30000000000001,43.60000000000002,44.46,27.332252502441406,-2.9276,True,False,57.5
mOrange,20.0,60.0,10.0,72,3,96,8,58.0,28.5,43.26,22.81181526184082,-1.5999,True,False,57.5
mOrange,20.0,60.0,10.0,73,1,96,11,53.5,51.5,52.53,30.25069808959961,-2.8877,False,False,57.5
mOrange,20.0,60.0,10.0,73,2,96,17,42.39999999999998,43.200000000000045,42.84,38.606876373291016,-3.4242,False,False,57.5
mOrange,20.0,60.0,10.0,73,3,96,12,38.30000000000001,28.100000000000023,33.24,28.68970489501953,-4.1429,True,False,57.5
mOrange,20.0,60.0,10.0,74,1,96,9,38.39999999999998,31.200000000000045,34.81,31.305021286010742,1.1031,False,True,57.5
mOrange,20.0,60.0,10.0,74,2,96,8,46.39999999999998,21.399999999999977,33.92,29.810428619384766,-0.0267,True,False,57.5
mOrange,20.0,60.0,10.0,74,3,96,7,59.5,31.799999999999955,45.66,29.24930763244629,1.8429,True,True,57.5
mOrange,20.0,60.0,10.0,75,1,96,9,58.39999999999998,52.80000000000001,55.6,26.351131439208984,-2.7086,True,False,57.5
mOrange,20.0,60.0,10.0,75,2,96,10,58.69999999999999,54.69999999999999,56.7,27.93977928161621,-1.9087,True,False,57.5
mOrange,20.0,60.0,10.0,75,3,96,10,49.60000000000002,46.60000000000002,48.14,27.357616424560547,-4.6135,True,False,57.5
mOrange,20.0,60.0,10.0,76,1,96,10,52.69999999999999,50.80000000000001,51.75,25.852113723754883,-2.5711,True,False,57.5
mOrange,20.0,60.0,10.0,76,2,96,13,35.10000000000002,28.600000000000023,31.89,34.449981689453125,-2.7001,False,False,57.5
mOrange,20.0,60.0,10.0,76,3,96,13,34.39999999999998,24.600000000000023,29.48,28.44132423400879,0.3347,True,True,57.5
mOrange,20.0,60.0,10.0,77,1,96,10,48.0,41.10000000000002,44.55,29.91466522216797,-1.4131,True,False,57.5
mOrange,20.0,60.0,10.0,77,2,96,7,72.19999999999999,55.10000000000002,63.65,29.42299461364746,1.7971,True,True,57.5
mOrange,20.0,60.0,10.0,77,3,96,10,51.39999999999998,46.299999999999955,48.84,31.52005386352539,0.1774,False,True,57.5
mOrange,20.0,60.0,10.0,78,1,96,8,44.0,39.200000000000045,41.59,28.60884666442871,-2.512,True,False,57.5
mOrange,20.0,60.0,10.0,78,2,96,10,44.80000000000001,37.10000000000002,40.96,27.689794540405273,2.2355,True,True,57.5
mOrange,20.0,60.0,10.0,78,3,96,9,41.19999999999999,29.200000000000045,35.21,29.292980194091797,0.7726,True,True,57.5
mOrange,20.0,60.0,10.0,79,1,96,8,59.39999999999998,54.30000000000001,56.87,21.23878288269043,-2.8664,True,False,57.5
mOrange,20.0,60.0,10.0,79,2,96,10,43.89999999999998,40.39999999999998,42.15,22.263572692871094,-4.7107,True,False,57.5
mOrange,20.0,60.0,10.0,79,3,96,13,51.69999999999999,43.0,47.35,27.127368927001953,-1.9315,True,False,57.5
mOrange,20.0,60.0,10.0,80,1,96,10,47.89999999999998,45.799999999999955,46.84,25.247329711914062,-0.6358,True,False,57.5
mOrange,20.0,60.0,10.0,80,2,96,8,51.60000000000002,18.200000000000045,34.91,27.575031280517578,1.6865,True,True,57.5
mOrange,20.0,60.0,10.0,80,3,96,8,48.80000000000001,21.799999999999955,35.3,25.87800407409668,0.0581,True,True,57.5
mOrange,20.0,60.0,10.0,81,1,96,9,44.69999999999999,42.0,43.33,24.92862319946289,-5.0779,True,False,57.5
mOrange,20.0,60.0,10.0,81,2,96,10,48.30000000000001,45.89999999999998,47.09,26.01651954650879,-3.1279,True,False,57.5
mOrange,20.0,60.0,10.0,81,3,96,10,56.80000000000001,52.80000000000001,54.82,26.876937866210938,-2.1306,True,False,57.5
mOrange,20.0,60.0,10.0,82,1,96,10,57.0,53.89999999999998,55.45,30.18073844909668,-3.4394,True,False,57.5
mOrange,20.0,60.0,10.0,82,2,96,10,51.80000000000001,49.700000000000045,50.74,26.754261016845703,-2.5504,True,False,57.5
mOrange,20.0,60.0,10.0,82,3,96,14,48.89999999999998,44.5,46.73,32.9734001159668,-0.6897,False,False,57.5
mOrange,20.0,60.0,10.0,83,1,96,10,62.0,54.89999999999998,58.43,24.242279052734375,-1.0761,True,False,57.5
mOrange,20.0,60.0,10.0,83,2,96,11,55.69999999999999,49.60000000000002,52.65,26.45685386657715,3.7706,True,True,57.5
mOrange,20.0,60.0,10.0,83,3,96,11,54.30000000000001,42.5,48.44,25.779512405395508,1.5737,True,True,57.5
mOrange,20.0,60.0,10.0,84,1,96,10,54.89999999999998,50.80000000000001,52.87,26.930763244628906,-2.6903,True,False,57.5
mOrange,20.0,60.0,10.0,84,2,96,10,62.5,56.19999999999999,59.36,26.120466232299805,0.8002,True,True,57.5
mOrange,20.0,60.0,10.0,84,3,96,10,49.10000000000002,46.200000000000045,47.64,32.20185852050781,-2.06,False,False,57.5
mOrange,20.0,60.0,10.0,85,1,96,8,50.80000000000001,43.299999999999955,47.07,30.668392181396484,-0.6484,False,False,57.5
mOrange,20.0,60.0,10.0,85,2,96,8,55.69999999999999,29.100000000000023,42.41,28.38873863220215,1.2125,True,True,57.5
mOrange,20.0,60.0,10.0,85,3,96,8,55.30000000000001,27.0,41.14,28.67291831970215,1.5305,True,True,57.5
mOrange,20.0,60.0,10.0,86,1,96,10,53.30000000000001,51.39999999999998,52.35,22.886503219604492,-3.9109,True,False,57.5
mOrange,20.0,60.0,10.0,86,2,96,10,57.10000000000002,51.30000000000001,54.24,24.57643699645996,-1.8937,True,False,57.5
mOrange,20.0,60.0,10.0,86,3,96,11,55.89999999999998,48.200000000000045,52.03,24.158620834350586,-0.6811,True,False,57.5
mOrange,20.0,60.0,10.0,87,1,96,10,53.60000000000002,50.10000000000002,51.84,29.402660369873047,-0.7882,True,False,57.5
mOrange,20.0,60.0,10.0,87,2,96,11,57.30000000000001,53.5,55.37,27.6417236328125,0.9533,True,True,57.5
mOrange,20.0,60.0,10.0,87,3,96,11,55.10000000000002,50.60000000000002,52.82,35.55494689941406,2.4533,False,True,57.5
mOrange,20.0,60.0,10.0,88,1,96,12,48.10000000000002,48.0,48.06,36.5758171081543,-5.1697,False,False,57.5
mOrange,20.0,60.0,10.0,88,2,96,12,40.80000000000001,43.700000000000045,42.24,36.45166778564453,-3.7345,False,False,57.5
mOrange,20.0,60.0,10.0,88,3,96,12,40.60000000000002,43.5,42.07,37.54428482055664,-3.7794,False,False,57.5
mOrange,20.0,60.0,10.0,89,1,96,9,58.69999999999999,54.19999999999999,56.48,26.56951141357422,-2.1596,True,False,57.5
mOrange,20.0,60.0,10.0,89,2,96,10,45.30000000000001,35.299999999999955,40.3,26.079198837280273,0.2123,True,True,57.5
mOrange,20.0,60.0,10.0,89,3,96,9,57.89999999999998,21.700000000000045,39.81,25.941205978393555,0.0605,True,True,57.5
mOrange,20.0,60.0,10.0,90,1,96,9,52.19999999999999,47.700000000000045,49.95,30.406936645507812,-1.3173,False,False,57.5
mOrange,20.0,60.0,10.0,90,2,96,10,47.39999999999998,44.700000000000045,46.05,32.88886260986328,-0.2342,False,False,57.5
mOrange,20.0,60.0,10.0,90,3,96,11,54.19999999999999,49.799999999999955,52.01,30.502079010009766,-0.8533,False,False,57.5
mOrange,20.0,60.0,10.0,91,1,96,9,56.10000000000002,50.80000000000001,53.44,28.368511199951172,-1.9651,True,False,57.5
mOrange,20.0,60.0,10.0,91,2,96,9,57.39999999999998,53.0,55.16,30.751659393310547,-0.0971,False,False,57.5
mOrange,20.0,60.0,10.0,91,3,96,8,51.19999999999999,36.5,43.86,27.156078338623047,1.6434,True,True,57.5
mOrange,20.0,60.0,10.0,92,1,96,8,66.80000000000001,60.0,63.36,23.232019424438477,-0.7953,True,False,57.5
mOrange,20.0,60.0,10.0,92,2,96,13,56.89999999999998,51.30000000000001,54.1,27.339590072631836,-1.3599,True,False,57.5
mOrange,20.0,60.0,10.0,92,3,96,9,54.89999999999998,48.10000000000002,51.49,28.774606704711914,2.6222,True,True,57.5
mOrange,20.0,60.0,10.0,93,1,96,8,58.69999999999999,55.10000000000002,56.92,23.46636199951172,-3.121,True,False,57.5
mOrange,20.0,60.0,10.0,93,2,96,10,42.5,45.799999999999955,44.15,28.313961029052734,1.1452,True,True,57.5
mOrange,20.0,60.0,10.0,93,3,96,9,39.89999999999998,32.5,36.18,31.38434410095215,-2.0137,False,False,57.5
mOrange,20.0,60.0,10.0,94,1,96,13,44.60000000000002,43.200000000000045,43.87,20.07579803466797,-1.7374,True,False,57.5
mOrange,20.0,60.0,10.0,94,2,96,13,33.799999999999955,28.399999999999977,31.08,31.363956451416016,-2.154,False,False,57.5
mOrange,20.0,60.0,10.0,94,3,96,8,47.10000000000002,40.10000000000002,43.57,31.208419799804688,1.6503,False,True,57.5
mOrange,20.0,60.0,10.0,95,1,96,5,49.69999999999999,24.399999999999977,37.06,24.06963348388672,-2.1986,True,False,57.5
mOrange,20.0,60.0,10.0,95,2,96,7,60.19999999999999,34.799999999999955,47.48,29.28253173828125,2.0124,True,True,57.5
EBFP,20.0,60.0,15.0,0,1,12,11,22.5,28.899999999999977,25.73,31.073522567749023,-3.261,False,False,87.5
EBFP,20.0,60.0,15.0,0,2,12,10,39.10000000000002,29.5,34.31,33.75775909423828,1.3289,False,True,87.5
EBFP,20.0,60.0,15.0,0,3,12,9,38.60000000000002,28.5,33.54,32.746681213378906,0.1106,False,True,87.5
EBFP,20.0,60.0,15.0,1,1,12,12,37.69999999999999,35.89999999999998,36.79,28.108020782470703,1.1615,True,True,87.5
EBFP,20.0,60.0,15.0,1,2,12,11,25.899999999999977,37.30000000000001,31.58,28.500667572021484,1.7138,True,True,87.5
EBFP,20.0,60.0,15.0,1,3,12,10,25.100000000000023,38.5,31.78,29.76178741455078,0.3278,True,True,87.5
EBFP,20.0,60.0,15.0,2,1,12,9,37.10000000000002,43.19999999999999,40.16,26.215669631958008,-0.4313,True,False,87.5
EBFP,20.0,60.0,15.0,2,2,12,9,48.80000000000001,35.39999999999998,42.07,23.831817626953125,6.0182,True,True,87.5
EBFP,20.0,60.0,15.0,2,3,12,7,43.19999999999999,32.10000000000002,37.62,25.96462059020996,4.721,True,True,87.5
EBFP,20.0,60.0,15.0,3,1,12,10,42.10000000000002,31.399999999999977,36.77,29.64318084716797,0.611,True,True,87.5
EBFP,20.0,60.0,15.0,3,2,12,9,36.89999999999998,28.600000000000023,32.75,28.972381591796875,2.0655,True,True,87.5
EBFP,20.0,60.0,15.0,3,3,12,8,41.60000000000002,32.69999999999999,37.14,27.22603988647461,3.0298,True,True,87.5
EBFP,20.0,60.0,15.0,4,1,12,10,35.60000000000002,29.19999999999999,32.42,24.733909606933594,3.167,True,True,87.5
EBFP,20.0,60.0,15.0,4,2,12,10,36.60000000000002,32.19999999999999,34.39,25.613981246948242,0.5746,True,True,87.5
EBFP,20.0,60.0,15.0,4,3,12,10,44.60000000000002,32.89999999999998,38.75,25.971847534179688,1.8997,True,True,87.5
EBFP,20.0,60.0,15.0,5,1,12,10,45.0,31.69999999999999,38.32,30.381526947021484,-0.1613,False,False,87.5
EBFP,20.0,60.0,15.0,5,2,12,11,30.80000000000001,29.5,30.13,32.88641357421875,1.5585,False,True,87.5
EBFP,20.0,60.0,15.0,5,3,12,10,34.69999999999999,27.0,30.82,30.0745849609375,-0.9293,True,False,87.5
EBFP,20.0,60.0,15.0,6,1,12,8,46.0,32.60000000000002,39.31,24.173583984375,5.0839,True,True,87.5
EBFP,20.0,60.0,15.0,6,2,12,10,45.69999999999999,32.69999999999999,39.22,26.322471618652344,2.6715,True,True,87.5
EBFP,20.0,60.0,15.0,6,3,12,8,38.80000000000001,28.600000000000023,33.7,25.566869735717773,4.7053,True,True,87.5
EBFP,20.0,60.0,15.0,7,1,12,9,49.0,34.80000000000001,41.92,24.85942268371582,-0.9033,True,False,87.5
EBFP,20.0,60.0,15.0,7,2,12,7,36.39999999999998,28.0,32.21,25.358219146728516,2.4499,True,True,87.5
EBFP,20.0,60.0,15.0,7,3,12,9,37.30000000000001,28.5,32.89,27.607513427734375,-0.3736,True,False,87.5
EBFP,20.0,60.0,15.0,8,1,12,10,36.5,28.19999999999999,32.34,29.976694107055664,3.6497,True,True,87.5
EBFP,20.0,60.0,15.0,8,2,12,8,37.30000000000001,29.80000000000001,33.51,27.963186264038086,3.6868,True,True,87.5
EBFP,20.0,60.0,15.0,8,3,12,8,37.69999999999999,28.899999999999977,33.33,26.950836181640625,2.9873,True,True,87.5
EBFP,20.0,60.0,15.0,9,1,12,8,36.39999999999998,27.600000000000023,32.01,24.83114242553711,1.8373,True,True,87.5
EBFP,20.0,60.0,15.0,9,2,12,9,43.5,34.89999999999998,39.19,32.118377685546875,2.2132,False,True,87.5
EBFP,20.0,60.0,15.0,9,3,12,8,41.69999999999999,32.80000000000001,37.22,29.852352142333984,1.1565,True,True,87.5
EBFP,20.0,60.0,15.0,10,1,12,9,41.10000000000002,43.60000000000002,42.37,28.607707977294922,-1.6252,True,False,87.5
EBFP,20.0,60.0,15.0,10,2,12,10,31.69999999999999,33.80000000000001,32.79,28.75374984741211,2.195,True,True,87.5
EBFP,20.0,60.0,15.0,10,3,12,9,23.5,23.19999999999999,23.37,31.89156150817871,2.8294,False,True,87.5
EBFP,20.0,60.0,15.0,11,1,12,9,39.0,31.19999999999999,35.08,34.14299011230469,-0.108,False,False,87.5
EBFP,20.0,60.0,15.0,11,2,12,9,27.0,33.69999999999999,30.36,29.34028434753418,2.6675,True,True,87.5
EBFP,20.0,60.0,15.0,11,3,12,9,26.100000000000023,34.30000000000001,30.16,29.063589096069336,1.9158,True,True,87.5
mOrange,20.0,60.0,15.0,0,1,12,7,62.19999999999999,56.19999999999999,59.2,21.295101165771484,-3.9168,True,False,57.5
mOrange,20.0,60.0,15.0,0,2,12,7,59.5,53.60000000000002,56.52,28.884668350219727,-3.683,True,False,57.5
mOrange,20.0,60.0,15.0,0,3,12,8,60.19999999999999,53.19999999999999,56.71,30.696556091308594,-2.3777,False,False,57.5
mOrange,20.0,60.0,15.0,1,1,12,9,57.69999999999999,54.19999999999999,55.95,30.966005325317383,-4.4464,False,False,57.5
mOrange,20.0,60.0,15.0,1,2,12,8,51.69999999999999,48.700000000000045,50.18,24.292402267456055,-3.4698,True,False,57.5
mOrange,20.0,60.0,15.0,1,3,12,10,45.19999999999999,46.0,45.6,27.899633407592773,-3.4608,True,False,57.5
mOrange,20.0,60.0,15.0,2,1,12,8,46.5,44.89999999999998,45.72,26.803035736083984,-3.9307,True,False,57.5
mOrange,20.0,60.0,15.0,2,2,12,8,86.89999999999998,61.0,73.94,27.57183265686035,-1.9769,True,False,57.5
mOrange,20.0,60.0,15.0,2,3,12,12,52.0,43.5,47.73,31.922290802001953,-2.5292,False,False,57.5
mOrange,20.0,60.0,15.0,3,1,12,10,49.39999999999998,47.799999999999955,48.62,31.055618286132812,-4.0792,False,False,57.5
mOrange,20.0,60.0,15.0,3,2,12,9,43.69999999999999,46.0,44.85,36.42924499511719,-3.6203,False,False,57.5
mOrange,20.0,60.0,15.0,3,3,12,10,58.5,53.0,55.71,37.987674713134766,-3.0488,False,False,57.5
mOrange,20.0,60.0,15.0,4,1,12,8,56.89999999999998,53.19999999999999,55.03,19.514015197753906,-2.4586,True,False,57.5
mOrange,20.0,60.0,15.0,4,2,12,9,54.19999999999999,49.89999999999998,52.02,26.901174545288086,-2.857,True,False,57.5
mOrange,20.0,60.0,15.0,4,3,12,10,51.89999999999998,45.700000000000045,48.79,30.783456802368164,-3.8104,False,False,57.5
mOrange,20.0,60.0,15.0,5,1,12,9,61.5,56.0,58.73,24.30035972595215,-2.8938,True,False,57.5
mOrange,20.0,60.0,15.0,5,2,12,9,56.30000000000001,37.200000000000045,46.76,30.211715698242188,0.2961,False,True,57.5
mOrange,20.0,60.0,15.0,5,3,12,8,47.80000000000001,35.89999999999998,41.82,29.865158081054688,0.9478,True,True,57.5
mOrange,20.0,60.0,15.0,6,1,12,10,47.69999999999999,44.799999999999955,46.23,32.03873825073242,-3.7443,False,False,57.5
mOrange,20.0,60.0,15.0,6,2,12,8,64.19999999999999,41.299999999999955,52.76,29.290861129760742,1.961,True,True,57.5
mOrange,20.0,60.0,15.0,6,3,12,8,46.80000000000001,20.0,33.37,28.63752555847168,1.0261,True,True,57.5
mOrange,20.0,60.0,15.0,7,1,12,7,48.60000000000002,47.299999999999955,47.96,22.034305572509766,-5.0985,True,False,57.5
mOrange,20.0,60.0,15.0,7,2,12,7,51.39999999999998,44.700000000000045,48.06,27.85472297668457,-4.2637,True,False,57.5
mOrange,20.0,60.0,15.0,7,3,12,8,54.10000000000002,38.700000000000045,46.43,26.4901065826416,2.2411,True,True,57.5
mOrange,20.0,60.0,15.0,8,1,12,9,44.89999999999998,41.0,42.93,29.68570327758789,-2.5862,True,False,57.5
mOrange,20.0,60.0,15.0,8,2,12,9,58.69999999999999,52.39999999999998,55.51,29.399600982666016,-0.1294,True,False,57.5
mOrange,20.0,60.0,15.0,8,3,12,8,41.30000000000001,36.39999999999998,38.83,29.371828079223633,-0.9472,True,False,57.5
mOrange,20.0,60.0,15.0,9,1,12,5,58.30000000000001,53.80000000000001,56.06,17.705263137817383,-4.969,True,False,57.5
mOrange,20.0,60.0,15.0,9,2,12,6,56.30000000000001,50.30000000000001,53.29,30.724876403808594,-3.8279,False,False,57.5
mOrange,20.0,60.0,15.0,9,3,12,7,41.60000000000002,11.399999999999977,26.54,32.90418243408203,-0.442,False,False,57.5
mOrange,20.0,60.0,15.0,10,1,12,11,46.39999999999998,50.19999999999999,48.28,23.326461791992188,-4.1997,True,False,57.5
mOrange,20.0,60.0,15.0,10,2,12,8,56.0,55.39999999999998,55.72,27.21107292175293,-3.5394,True,False,57.5
mOrange,20.0,60.0,15.0,10,3,12,11,56.69999999999999,51.60000000000002,54.11,36.69453430175781,-3.9668,False,False,57.5
mOrange,20.0,60.0,15.0,11,1,12,9,52.80000000000001,50.19999999999999,51.52,25.874784469604492,0.7165,True,True,57.5
mOrange,20.0,60.0,15.0,11,2,12,9,47.80000000000001,46.0,46.9,31.48468017578125,0.6056,False,True,57.5
mOrange,20.0,60.0,15.0,11,3,12,12,45.30000000000001,43.0,44.14,37.32313919067383,-3.1353,False,False,57.5
EBFP,20.0,60.0,20.0,0,1,12,9,34.30000000000001,31.399999999999977,32.85,29.204975128173828,-3.1648,True,False,87.5
EBFP,20.0,60.0,20.0,0,2,12,9,50.10000000000002,36.89999999999998,43.49,29.217933654785156,-0.5388,True,False,87.5
EBFP,20.0,60.0,20.0,0,3,12,9,36.10000000000002,31.80000000000001,33.96,29.052127838134766,-1.1292,True,False,87.5
EBFP,20.0,60.0,20.0,1,1,12,11,29.80000000000001,29.899999999999977,29.88,33.556312561035156,1.0273,False,True,87.5
EBFP,20.0,60.0,20.0,1,2,12,8,42.0,38.80000000000001,40.4,26.442642211914062,-0.5346,True,False,87.5
EBFP,20.0,60.0,20.0,1,3,12,8,39.69999999999999,31.100000000000023,35.43,26.39719009399414,-1.5319,True,False,87.5
EBFP,20.0,60.0,20.0,2,1,12,8,39.39999999999998,31.19999999999999,35.27,25.915931701660156,-0.209,True,False,87.5
EBFP,20.0,60.0,20.0,2,2,12,10,36.5,27.19999999999999,31.82,31.46732521057129,-2.1639,False,False,87.5
EBFP,20.0,60.0,20.0,2,3,12,8,49.19999999999999,36.60000000000002,42.93,27.13313102722168,-0.3312,True,False,87.5
EBFP,20.0,60.0,20.0,3,1,12,10,42.10000000000002,31.399999999999977,36.77,29.64318084716797,0.611,True,True,87.5
EBFP,20.0,60.0,20.0,3,2,12,6,40.39999999999998,29.19999999999999,34.83,24.975162506103516,1.5191,True,True,87.5
EBFP,20.0,60.0,20.0,3,3,12,8,36.60000000000002,28.399999999999977,32.47,28.211837768554688,0.9305,True,True,87.5
EBFP,20.0,60.0,20.0,4,1,12,8,37.19999999999999,28.100000000000023,32.6,27.65699005126953,1.8839,True,True,87.5
EBFP,20.0,60.0,20.0,4,2,12,8,40.10000000000002,29.69999999999999,34.85,25.761831283569336,4.9455,True,True,87.5
EBFP,20.0,60.0,20.0,4,3,12,7,42.89999999999998,31.899999999999977,37.41,25.04743003845215,4.5536,True,True,87.5
EBFP,20.0,60.0,20.0,5,1,12,10,45.0,31.69999999999999,38.32,30.381526947021484,-0.1613,False,False,87.5
EBFP,20.0,60.0,20.0,5,2,12,9,23.80000000000001,42.89999999999998,33.38,32.194923400878906,-0.3504,False,False,87.5
EBFP,20.0,60.0,20.0,5,3,12,9,53.0,38.69999999999999,45.85,24.069353103637695,-1.8038,True,False,87.5
EBFP,20.0,60.0,20.0,6,1,12,7,43.0,31.600000000000023,37.28,23.459402084350586,4.2211,True,True,87.5
EBFP,20.0,60.0,20.0,6,2,12,8,39.30000000000001,31.69999999999999,35.53,26.005197525024414,4.4249,True,True,87.5
EBFP,20.0,60.0,20.0,6,3,12,9,31.30000000000001,30.30000000000001,30.81,27.84855079650879,4.5164,True,True,87.5
EBFP,20.0,60.0,20.0,7,1,12,7,49.89999999999998,36.30000000000001,43.06,23.5124568939209,-0.6676,True,False,87.5
EBFP,20.0,60.0,20.0,7,2,12,7,40.10000000000002,34.30000000000001,37.22,24.65064811706543,2.0745,True,True,87.5
EBFP,20.0,60.0,20.0,7,3,12,8,0.6000000000000227,9.0,4.81,31.22309684753418,-0.6956,False,False,87.5
EBFP,20.0,60.0,20.0,8,1,12,8,41.10000000000002,30.100000000000023,35.6,24.971088409423828,4.3419,True,True,87.5
EBFP,20.0,60.0,20.0,8,2,12,6,50.80000000000001,39.19999999999999,45.01,30.756572723388672,3.3551,False,True,87.5
EBFP,20.0,60.0,20.0,8,3,12,8,37.69999999999999,28.899999999999977,33.33,26.950836181640625,2.9873,True,True,87.5
EBFP,20.0,60.0,20.0,9,1,12,8,36.39999999999998,27.600000000000023,32.01,24.83114242553711,1.8373,True,True,87.5
EBFP,20.0,60.0,20.0,9,2,12,7,40.19999999999999,31.19999999999999,35.68,29.69765281677246,1.0151,True,True,87.5
EBFP,20.0,60.0,20.0,9,3,12,7,40.39999999999998,31.0,35.7,31.512283325195312,1.5576,False,True,87.5
EBFP,20.0,60.0,20.0,10,1,12,9,41.10000000000002,43.60000000000002,42.37,28.607707977294922,-1.6252,True,False,87.5
EBFP,20.0,60.0,20.0,10,2,12,10,31.69999999999999,33.80000000000001,32.79,28.75374984741211,2.195,True,True,87.5
EBFP,20.0,60.0,20.0,10,3,12,7,43.89999999999998,39.30000000000001,41.62,33.47618103027344,2.3233,False,True,87.5
EBFP,20.0,60.0,20.0,11,1,12,9,39.0,31.19999999999999,35.08,34.14299011230469,-0.108,False,False,87.5
EBFP,20.0,60.0,20.0,11,2,12,9,27.0,33.69999999999999,30.36,29.34028434753418,2.6675,True,True,87.5
EBFP,20.0,60.0,20.0,11,3,12,9,26.100000000000023,34.30000000000001,30.16,29.063589096069336,1.9158,True,True,87.5
mOrange,20.0,60.0,20.0,0,1,48,6,59.5,54.39999999999998,56.95,17.305034637451172,-3.4447,True,False,57.5
mOrange,20.0,60.0,20.0,0,2,48,7,60.89999999999998,56.19999999999999,58.51,26.084917068481445,-3.1968,True,False,57.5
mOrange,20.0,60.0,20.0,0,3,48,6,59.5,56.60000000000002,58.05,29.6119327545166,-4.7063,True,False,57.5
mOrange,20.0,60.0,20.0,1,1,48,9,63.89999999999998,56.80000000000001,60.4,27.693172454833984,-3.3414,True,False,57.5
mOrange,20.0,60.0,20.0,1,2,48,10,60.60000000000002,54.30000000000001,57.45,26.958087921142578,0.4074,True,True,57.5
mOrange,20.0,60.0,20.0,1,3,48,9,57.80000000000001,49.89999999999998,53.83,26.53478240966797,-1.8806,True,False,57.5
mOrange,20.0,60.0,20.0,2,1,48,7,45.0,44.10000000000002,44.57,29.244285583496094,-4.3058,True,False,57.5
mOrange,20.0,60.0,20.0,2,2,48,8,43.80000000000001,42.89999999999998,43.35,31.631053924560547,-4.0462,False,False,57.5
mOrange,20.0,60.0,20.0,2,3,48,8,59.19999999999999,53.60000000000002,56.4,28.052061080932617,-2.3965,True,False,57.5
mOrange,20.0,60.0,20.0,3,1,48,7,58.60000000000002,53.80000000000001,56.2,25.887182235717773,-4.4689,True,False,57.5
mOrange,20.0,60.0,20.0,3,2,48,9,64.19999999999999,57.60000000000002,60.92,30.540029525756836,-0.6577,False,False,57.5
mOrange,20.0,60.0,20.0,3,3,48,8,54.10000000000002,48.89999999999998,51.5,30.081586837768555,0.6574,True,True,57.5
mOrange,20.0,60.0,20.0,4,1,48,7,57.89999999999998,53.60000000000002,55.74,18.48828887939453,-2.4625,True,False,57.5
mOrange,20.0,60.0,20.0,4,2,48,10,62.30000000000001,54.30000000000001,58.32,26.909421920776367,-0.783,True,False,57.5
mOrange,20.0,60.0,20.0,4,3,48,10,61.89999999999998,51.60000000000002,56.72,28.902116775512695,-1.334,True,False,57.5
mOrange,20.0,60.0,20.0,5,1,48,8,66.60000000000002,60.69999999999999,63.66,23.439533233642578,-2.9534,True,False,57.5
mOrange,20.0,60.0,20.0,5,2,48,10,50.0,43.799999999999955,46.87,31.072402954101562,1.0443,False,True,57.5
mOrange,20.0,60.0,20.0,5,3,48,9,31.700000000000045,23.5,27.57,29.64925193786621,1.2732,True,True,57.5
mOrange,20.0,60.0,20.0,6,1,48,8,48.10000000000002,45.10000000000002,46.59,33.150577545166016,-5.754,False,False,57.5
mOrange,20.0,60.0,20.0,6,2,48,11,45.19999999999999,44.10000000000002,44.63,40.716373443603516,-4.7061,False,False,57.5
mOrange,20.0,60.0,20.0,6,3,48,9,42.39999999999998,41.0,41.71,39.2036018371582,-5.0307,False,False,57.5
mOrange,20.0,60.0,20.0,7,1,48,5,58.30000000000001,53.80000000000001,56.07,17.705263137817383,-4.9607,True,False,57.5
mOrange,20.0,60.0,20.0,7,2,48,7,50.0,24.299999999999955,37.14,28.0582332611084,0.3951,True,True,57.5
mOrange,20.0,60.0,20.0,7,3,48,6,55.80000000000001,27.399999999999977,41.59,31.70707130432129,0.8589,False,True,57.5
mOrange,20.0,60.0,20.0,8,1,48,10,50.0,44.299999999999955,47.15,33.34771728515625,-1.395,False,False,57.5
mOrange,20.0,60.0,20.0,8,2,48,10,52.69999999999999,47.200000000000045,49.97,31.207805633544922,-0.4943,False,False,57.5
mOrange,20.0,60.0,20.0,8,3,48,7,57.69999999999999,42.700000000000045,50.21,30.670629501342773,0.7259,False,True,57.5
mOrange,20.0,60.0,20.0,9,2,48,6,56.30000000000001,50.30000000000001,53.32,30.724876403808594,-3.8258,False,False,57.5
mOrange,20.0,60.0,20.0,10,1,48,8,57.39999999999998,52.69999999999999,55.06,22.540756225585938,-1.4511,True,False,57.5
mOrange,20.0,60.0,20.0,10,2,48,7,56.5,52.80000000000001,54.66,22.582212448120117,-2.2331,True,False,57.5
mOrange,20.0,60.0,20.0,10,3,48,8,54.39999999999998,49.39999999999998,51.87,22.687498092651367,-2.4479,True,False,57.5
mOrange,20.0,60.0,20.0,11,1,48,5,59.39999999999998,38.700000000000045,49.07,24.35691261291504,-0.9217,True,False,57.5
mOrange,20.0,60.0,20.0,11,2,48,8,53.69999999999999,42.799999999999955,48.27,28.753074645996094,1.4714,True,True,57.5
mOrange,20.0,60.0,20.0,11,3,48,7,47.10000000000002,16.399999999999977,31.73,27.305278778076172,1.0917,True,True,57.5
mOrange,20.0,60.0,20.0,12,1,48,9,52.19999999999999,47.5,49.84,30.366548538208008,-3.8506,False,False,57.5
mOrange,20.0,60.0,20.0,12,2,48,9,47.60000000000002,41.89999999999998,44.8,31.262149810791016,-2.2953,False,False,57.5
mOrange,20.0,60.0,20.0,12,3,48,6,71.10000000000002,55.30000000000001,63.2,28.261507034301758,1.5473,True,True,57.5
mOrange,20.0,60.0,20.0,13,1,48,5,58.19999999999999,54.0,56.13,19.053117752075195,-4.926,True,False,57.5
mOrange,20.0,60.0,20.0,13,2,48,8,62.10000000000002,55.60000000000002,58.89,22.42996597290039,-2.1126,True,False,57.5
mOrange,20.0,60.0,20.0,13,3,48,8,56.10000000000002,51.89999999999998,53.97,23.319896697998047,-1.9914,True,False,57.5
mOrange,20.0,60.0,20.0,14,1,48,5,57.60000000000002,53.0,55.29,24.9621639251709,-3.8254,True,False,57.5
mOrange,20.0,60.0,20.0,14,2,48,7,59.89999999999998,54.60000000000002,57.23,27.888874053955078,-2.5647,True,False,57.5
mOrange,20.0,60.0,20.0,14,3,48,7,60.30000000000001,43.299999999999955,51.83,27.553539276123047,0.4397,True,True,57.5
mOrange,20.0,60.0,20.0,15,1,48,6,61.10000000000002,55.5,58.27,25.123491287231445,-4.708,True,False,57.5
mOrange,20.0,60.0,20.0,15,2,48,10,47.89999999999998,45.10000000000002,46.51,33.5410270690918,-5.2963,False,False,57.5
mOrange,20.0,60.0,20.0,15,3,48,5,44.30000000000001,45.0,44.63,23.13343048095703,-5.3722,True,False,57.5
mOrange,20.0,60.0,20.0,16,1,48,7,56.10000000000002,52.39999999999998,54.28,21.48658561706543,-4.2905,True,False,57.5
mOrange,20.0,60.0,20.0,16,2,48,9,57.39999999999998,52.30000000000001,54.81,19.09341049194336,-2.5814,True,False,57.5
mOrange,20.0,60.0,20.0,16,3,48,7,57.60000000000002,53.5,55.55,23.199939727783203,-3.3391,True,False,57.5
mOrange,20.0,60.0,20.0,17,1,48,8,53.89999999999998,49.89999999999998,51.91,28.4364070892334,-1.7562,True,False,57.5
mOrange,20.0,60.0,20.0,17,2,48,9,48.69999999999999,45.60000000000002,47.15,28.312896728515625,-2.2311,True,False,57.5
mOrange,20.0,60.0,20.0,17,3,48,9,46.10000000000002,43.60000000000002,44.89,32.567081451416016,2.1529,False,True,57.5
mOrange,20.0,60.0,20.0,18,1,48,7,61.10000000000002,54.39999999999998,57.74,20.488399505615234,-3.3512,True,False,57.5
mOrange,20.0,60.0,20.0,18,2,48,7,53.30000000000001,27.100000000000023,40.17,27.39061737060547,-1.5196,True,False,57.5
mOrange,20.0,60.0,20.0,18,3,48,7,61.5,38.299999999999955,49.86,25.341529846191406,0.4241,True,True,57.5
mOrange,20.0,60.0,20.0,19,1,48,7,57.69999999999999,52.80000000000001,55.27,21.53601837158203,-4.274,True,False,57.5
mOrange,20.0,60.0,20.0,19,2,48,7,56.19999999999999,52.60000000000002,54.41,24.802242279052734,0.9179,True,True,57.5
mOrange,20.0,60.0,20.0,19,3,48,7,58.60000000000002,25.399999999999977,41.99,27.00144386291504,1.7773,True,True,57.5
mOrange,20.0,60.0,20.0,20,1,48,8,57.80000000000001,53.30000000000001,55.55,24.078500747680664,-1.7228,True,False,57.5
mOrange,20.0,60.0,20.0,20,2,48,9,54.10000000000002,50.80000000000001,52.43,25.860759735107422,-2.5675,True,False,57.5
mOrange,20.0,60.0,20.0,20,3,48,6,58.10000000000002,53.39999999999998,55.77,20.04357147216797,3.0749,True,True,57.5
mOrange,20.0,60.0,20.0,21,1,48,6,53.5,50.89999999999998,52.2,25.50181007385254,-4.8828,True,False,57.5
mOrange,20.0,60.0,20.0,21,2,48,6,56.30000000000001,52.60000000000002,54.43,29.43939971923828,-3.5779,True,False,57.5
mOrange,20.0,60.0,20.0,21,3,48,6,57.19999999999999,52.10000000000002,54.63,30.265424728393555,-3.5759,False,False,57.5
mOrange,20.0,60.0,20.0,22,1,48,6,53.30000000000001,50.39999999999998,51.81,24.393199920654297,-5.2638,True,False,57.5
mOrange,20.0,60.0,20.0,22,2,48,7,49.0,47.0,48.0,28.606985092163086,-3.658,True,False,57.5
mOrange,20.0,60.0,20.0,22,3,48,8,46.60000000000002,44.60000000000002,45.57,27.510753631591797,-3.799,True,False,57.5
mOrange,20.0,60.0,20.0,23,1,48,7,55.0,52.19999999999999,53.62,19.120479583740234,-4.3014,True,False,57.5
mOrange,20.0,60.0,20.0,23,2,48,7,54.69999999999999,50.30000000000001,52.48,29.879451751708984,-4.4827,True,False,57.5
mOrange,20.0,60.0,20.0,23,3,48,6,59.5,54.69999999999999,57.1,24.33066177368164,-3.7733,True,False,57.5
mOrange,20.0,60.0,20.0,24,1,48,7,55.39999999999998,52.0,53.7,26.62558937072754,-2.9836,True,False,57.5
mOrange,20.0,60.0,20.0,24,2,48,7,58.19999999999999,52.10000000000002,55.15,31.501296997070312,-0.706,False,False,57.5
mOrange,20.0,60.0,20.0,24,3,48,8,58.5,53.39999999999998,55.96,32.22371292114258,-3.8755,False,False,57.5
mOrange,20.0,60.0,20.0,25,1,48,7,55.69999999999999,53.19999999999999,54.46,24.3221378326416,-3.0271,True,False,57.5
mOrange,20.0,60.0,20.0,25,2,48,7,57.60000000000002,53.80000000000001,55.69,24.125513076782227,1.3009,True,True,57.5
mOrange,20.0,60.0,20.0,25,3,48,8,54.19999999999999,50.80000000000001,52.53,25.628568649291992,1.2614,True,True,57.5
mOrange,20.0,60.0,20.0,26,1,48,5,59.39999999999998,55.30000000000001,57.34,19.74141502380371,-4.5087,True,False,57.5
mOrange,20.0,60.0,20.0,26,2,48,8,57.5,54.39999999999998,55.91,26.72352409362793,-3.8707,True,False,57.5
mOrange,20.0,60.0,20.0,26,3,48,8,57.60000000000002,54.89999999999998,56.21,26.056550979614258,-3.5272,True,False,57.5
mOrange,20.0,60.0,20.0,27,1,48,8,56.69999999999999,52.89999999999998,54.81,21.407495498657227,-4.0609,True,False,57.5
mOrange,20.0,60.0,20.0,27,2,48,8,43.60000000000002,11.299999999999955,27.45,26.317907333374023,-3.9017,True,False,57.5
mOrange,20.0,60.0,20.0,27,3,48,7,47.69999999999999,40.60000000000002,44.13,28.050642013549805,0.2326,True,True,57.5
mOrange,20.0,60.0,20.0,28,1,48,6,59.69999999999999,54.80000000000001,57.27,19.852928161621094,-4.2751,True,False,57.5
mOrange,20.0,60.0,20.0,28,2,48,7,57.0,27.399999999999977,42.2,30.072729110717773,2.1711,True,True,57.5
mOrange,20.0,60.0,20.0,28,3,48,6,51.19999999999999,20.899999999999977,36.03,29.511337280273438,-0.2851,True,False,57.5
mOrange,20.0,60.0,20.0,29,1,48,6,57.0,52.89999999999998,54.95,21.927852630615234,-4.0638,True,False,57.5
mOrange,20.0,60.0,20.0,29,2,48,7,51.69999999999999,47.39999999999998,49.55,26.622356414794922,-4.4632,True,False,57.5
mOrange,20.0,60.0,20.0,29,3,48,10,55.10000000000002,43.299999999999955,49.21,29.48748016357422,-1.8346,True,False,57.5
mOrange,20.0,60.0,20.0,30,2,48,6,58.0,53.80000000000001,55.91,29.739341735839844,-3.3919,True,False,57.5
mOrange,20.0,60.0,20.0,30,3,48,6,57.39999999999998,53.39999999999998,55.39,27.606382369995117,-3.2422,True,False,57.5
mOrange,20.0,60.0,20.0,31,1,48,6,65.19999999999999,58.80000000000001,62.01,21.55895233154297,-3.9455,True,False,57.5
mOrange,20.0,60.0,20.0,31,2,48,8,62.10000000000002,56.30000000000001,59.19,26.579910278320312,-3.9687,True,False,57.5
mOrange,20.0,60.0,20.0,31,3,48,10,45.0,44.0,44.48,28.83429718017578,-3.3083,True,False,57.5
mOrange,20.0,60.0,20.0,32,1,48,8,60.10000000000002,54.39999999999998,57.25,27.930572509765625,-2.4788,True,False,57.5
mOrange,20.0,60.0,20.0,32,2,48,9,55.5,51.80000000000001,53.66,32.301090240478516,-2.4453,False,False,57.5
mOrange,20.0,60.0,20.0,32,3,48,9,57.19999999999999,51.69999999999999,54.45,27.050880432128906,-1.4963,True,False,57.5
mOrange,20.0,60.0,20.0,33,1,48,6,64.89999999999998,41.89999999999998,53.41,23.646169662475586,1.5308,True,True,57.5
mOrange,20.0,60.0,20.0,33,2,48,8,42.0,36.60000000000002,39.28,31.307491302490234,-0.2662,False,False,57.5
mOrange,20.0,60.0,20.0,33,3,48,7,48.39999999999998,37.700000000000045,43.05,29.82081413269043,2.7744,True,True,57.5
mOrange,20.0,60.0,20.0,34,1,48,8,53.19999999999999,49.39999999999998,51.31,28.185924530029297,-3.9429,True,False,57.5
mOrange,20.0,60.0,20.0,34,2,48,8,59.5,54.89999999999998,57.2,29.18227195739746,-2.0046,True,False,57.5
mOrange,20.0,60.0,20.0,34,3,48,8,47.0,34.799999999999955,40.9,29.00806427001953,2.5425,True,True,57.5
mOrange,20.0,60.0,20.0,35,1,48,9,49.39999999999998,44.5,46.95,26.131925582885742,-4.4109,True,False,57.5
mOrange,20.0,60.0,20.0,35,2,48,10,40.0,31.799999999999955,35.87,28.320226669311523,-1.5377,True,False,57.5
mOrange,20.0,60.0,20.0,35,3,48,9,32.89999999999998,25.200000000000045,29.03,31.85093116760254,-2.1217,False,False,57.5
mOrange,20.0,60.0,20.0,36,1,48,7,57.80000000000001,53.80000000000001,55.81,23.447467803955078,0.4243,True,True,57.5
mOrange,20.0,60.0,20.0,36,2,48,9,39.39999999999998,41.10000000000002,40.24,30.810209274291992,-0.4039,False,False,57.5
mOrange,20.0,60.0,20.0,36,3,48,7,54.39999999999998,23.0,38.68,27.184173583984375,0.9463,True,True,57.5
mOrange,20.0,60.0,20.0,37,1,48,6,57.5,52.80000000000001,55.14,21.05921745300293,-4.7111,True,False,57.5
mOrange,20.0,60.0,20.0,37,2,48,8,57.10000000000002,53.60000000000002,55.35,21.27785873413086,-3.5783,True,False,57.5
mOrange,20.0,60.0,20.0,37,3,48,10,52.69999999999999,47.299999999999955,50.0,28.92878532409668,-2.0669,True,False,57.5
mOrange,20.0,60.0,20.0,38,1,48,8,58.30000000000001,53.69999999999999,55.98,19.933351516723633,-3.064,True,False,57.5
mOrange,20.0,60.0,20.0,38,2,48,10,52.30000000000001,41.60000000000002,46.95,27.17331314086914,-2.5398,True,False,57.5
mOrange,20.0,60.0,20.0,38,3,48,7,60.5,41.200000000000045,50.84,27.486167907714844,0.4492,True,True,57.5
mOrange,20.0,60.0,20.0,39,1,48,6,56.0,52.19999999999999,54.09,22.809667587280273,-4.4968,True,False,57.5
mOrange,20.0,60.0,20.0,39,2,48,8,56.69999999999999,54.60000000000002,55.62,28.43832015991211,-0.9772,True,False,57.5
mOrange,20.0,60.0,20.0,39,3,48,7,67.89999999999998,47.0,57.47,27.19458770751953,3.3073,True,True,57.5
mOrange,20.0,60.0,20.0,40,1,48,6,55.89999999999998,52.5,54.2,20.207563400268555,-4.5819,True,False,57.5
mOrange,20.0,60.0,20.0,40,2,48,8,27.600000000000023,17.700000000000045,22.64,27.4742488861084,-1.7687,True,False,57.5
mOrange,20.0,60.0,20.0,40,3,48,8,58.19999999999999,45.700000000000045,51.97,23.68159294128418,0.0854,True,True,57.5
mOrange,20.0,60.0,20.0,41,1,48,7,58.30000000000001,55.0,56.65,23.162378311157227,-4.7055,True,False,57.5
mOrange,20.0,60.0,20.0,41,2,48,7,49.30000000000001,47.700000000000045,48.54,22.31576919555664,-4.7073,True,False,57.5
mOrange,20.0,60.0,20.0,41,3,48,6,55.69999999999999,52.0,53.88,27.415327072143555,-3.639,True,False,57.5
mOrange,20.0,60.0,20.0,42,1,48,7,58.0,54.30000000000001,56.15,21.965042114257812,-4.5172,True,False,57.5
mOrange,20.0,60.0,20.0,42,2,48,8,61.39999999999998,54.80000000000001,58.12,21.700639724731445,0.6519,True,True,57.5
mOrange,20.0,60.0,20.0,42,3,48,6,60.10000000000002,53.69999999999999,56.87,29.637836456298828,-0.9887,True,False,57.5
mOrange,20.0,60.0,20.0,43,1,48,7,55.39999999999998,50.60000000000002,53.02,26.27579116821289,-3.1718,True,False,57.5
mOrange,20.0,60.0,20.0,43,2,48,7,56.89999999999998,52.60000000000002,54.71,26.43844985961914,-3.3734,True,False,57.5
mOrange,20.0,60.0,20.0,43,3,48,7,62.89999999999998,55.30000000000001,59.08,27.730722427368164,0.2025,True,True,57.5
mOrange,20.0,60.0,20.0,44,1,48,9,57.0,52.19999999999999,54.59,25.40114402770996,-2.5754,True,False,57.5
mOrange,20.0,60.0,20.0,44,2,48,9,75.69999999999999,62.0,68.87,23.146060943603516,-0.7938,True,False,57.5
mOrange,20.0,60.0,20.0,44,3,48,8,59.80000000000001,38.39999999999998,49.1,23.479637145996094,2.2791,True,True,57.5
mOrange,20.0,60.0,20.0,45,1,48,6,55.5,50.60000000000002,53.02,26.415813446044922,-3.7277,True,False,57.5
mOrange,20.0,60.0,20.0,45,2,48,7,38.80000000000001,36.799999999999955,37.82,28.383819580078125,-4.8617,True,False,57.5
mOrange,20.0,60.0,20.0,45,3,48,7,51.10000000000002,45.299999999999955,48.2,28.580121994018555,-4.215,True,False,57.5
mOrange,20.0,60.0,20.0,46,1,48,7,54.10000000000002,48.60000000000002,51.33,24.542741775512695,-4.7059,True,False,57.5
mOrange,20.0,60.0,20.0,46,3,48,8,56.89999999999998,43.89999999999998,50.42,27.43349266052246,-0.8483,True,False,57.5
mOrange,20.0,60.0,20.0,47,1,48,7,56.5,53.10000000000002,54.77,27.0781192779541,-3.4069,True,False,57.5
mOrange,20.0,60.0,20.0,47,3,48,9,47.80000000000001,43.700000000000045,45.79,31.883716583251953,-3.6827,False,False,57.5
EBFP,30.0,40.0,10.0,0,1,12,11,0.19999999999998863,0.10000000000002274,0.15,34.01020812988281,-6.1001,False,False,87.5
EBFP,30.0,40.0,10.0,0,2,12,11,24.5,20.399999999999977,22.44,32.18916320800781,-3.8546,False,False,87.5
EBFP,30.0,40.0,10.0,0,3,12,15,27.5,20.600000000000023,24.03,37.40562057495117,-6.5697,False,False,87.5
EBFP,30.0,40.0,10.0,1,1,12,12,2.6000000000000227,0.8000000000000114,1.72,30.373445510864258,-5.2159,False,False,87.5
EBFP,30.0,40.0,10.0,1,2,12,11,2.3000000000000114,1.0,1.65,30.21323585510254,-4.3483,False,False,87.5
EBFP,30.0,40.0,10.0,1,3,12,10,6.699999999999989,3.1000000000000227,4.89,26.193294525146484,-2.9089,True,False,87.5
EBFP,30.0,40.0,10.0,2,1,12,13,6.800000000000011,3.8999999999999773,5.36,30.300933837890625,-3.1915,False,False,87.5
EBFP,30.0,40.0,10.0,2,2,12,13,0.8000000000000114,2.1999999999999886,1.51,28.052959442138672,-3.3656,True,False,87.5
EBFP,30.0,40.0,10.0,2,3,12,13,26.0,17.399999999999977,21.69,30.9610538482666,-1.8021,False,False,87.5
EBFP,30.0,40.0,10.0,3,1,12,13,20.69999999999999,13.800000000000011,17.28,31.456562042236328,-5.6109,False,False,87.5
EBFP,30.0,40.0,10.0,3,2,12,15,6.600000000000023,2.8000000000000114,4.68,31.123449325561523,-5.792,False,False,87.5
EBFP,30.0,40.0,10.0,3,3,12,14,6.899999999999977,2.8000000000000114,4.83,33.2804069519043,-4.523,False,False,87.5
EBFP,30.0,40.0,10.0,4,1,12,10,0.30000000000001137,3.0,1.64,27.551040649414062,-5.6518,True,False,87.5
EBFP,30.0,40.0,10.0,4,2,12,13,14.899999999999977,9.100000000000023,11.99,37.57345962524414,-4.5983,False,False,87.5
EBFP,30.0,40.0,10.0,4,3,12,13,0.5,0.19999999999998863,0.35,32.914581298828125,-5.0519,False,False,87.5
EBFP,30.0,40.0,10.0,5,1,12,13,28.899999999999977,21.69999999999999,25.31,33.057437896728516,-4.4196,False,False,87.5
EBFP,30.0,40.0,10.0,5,2,12,14,27.5,21.0,24.27,31.010805130004883,-4.6505,False,False,87.5
EBFP,30.0,40.0,10.0,5,3,12,14,23.80000000000001,17.80000000000001,20.81,33.09499740600586,-4.6357,False,False,87.5
EBFP,30.0,40.0,10.0,6,1,12,11,0.0,1.3000000000000114,0.67,30.21797752380371,-8.3876,False,False,87.5
EBFP,30.0,40.0,10.0,6,2,12,12,2.3999999999999773,0.19999999999998863,1.3,31.25067710876465,-3.9152,False,False,87.5
EBFP,30.0,40.0,10.0,6,3,12,13,0.5,0.19999999999998863,0.34,28.922061920166016,-3.5931,True,False,87.5
EBFP,30.0,40.0,10.0,7,1,12,15,27.899999999999977,19.600000000000023,23.73,35.268211364746094,-6.5733,False,False,87.5
EBFP,30.0,40.0,10.0,7,2,12,15,10.399999999999977,8.600000000000023,9.49,32.39472198486328,-5.2082,False,False,87.5
EBFP,30.0,40.0,10.0,7,3,12,16,0.5,0.0,0.26,30.583606719970703,-7.0361,False,False,87.5
EBFP,30.0,40.0,10.0,8,1,12,12,1.3000000000000114,0.5,0.86,34.23180389404297,-6.9674,False,False,87.5
EBFP,30.0,40.0,10.0,8,2,12,12,17.80000000000001,12.399999999999977,15.11,33.84927749633789,-4.8634,False,False,87.5
EBFP,30.0,40.0,10.0,8,3,12,15,0.10000000000002274,1.6000000000000227,0.86,36.60438919067383,-5.8482,False,False,87.5
EBFP,30.0,40.0,10.0,9,1,12,11,33.5,20.80000000000001,27.12,27.279855728149414,-2.0395,True,False,87.5
EBFP,30.0,40.0,10.0,9,2,12,14,4.800000000000011,1.3999999999999773,3.07,32.51130294799805,-7.0531,False,False,87.5
EBFP,30.0,40.0,10.0,9,3,12,15,5.0,2.0,3.49,38.62358856201172,-6.0337,False,False,87.5
EBFP,30.0,40.0,10.0,10,1,12,14,3.5,1.8000000000000114,2.64,29.942350387573242,-5.0901,True,False,87.5
EBFP,30.0,40.0,10.0,10,2,12,15,1.0,0.39999999999997726,0.66,37.805625915527344,-4.5961,False,False,87.5
EBFP,30.0,40.0,10.0,10,3,12,14,0.5,0.19999999999998863,0.37,37.37300491333008,-5.2199,False,False,87.5
EBFP,30.0,40.0,10.0,11,1,12,14,0.10000000000002274,1.1999999999999886,0.61,34.63828659057617,-7.9379,False,False,87.5
EBFP,30.0,40.0,10.0,11,2,12,13,6.300000000000011,6.399999999999977,6.35,38.22858810424805,-6.1538,False,False,87.5
EBFP,30.0,40.0,10.0,11,3,12,13,0.6000000000000227,0.8999999999999773,0.78,36.139801025390625,-3.6434,False,False,87.5
mOrange,30.0,40.0,10.0,0,1,12,10,40.19999999999999,37.299999999999955,38.74,22.761192321777344,-5.8452,True,False,57.5
mOrange,30.0,40.0,10.0,0,2,12,11,40.89999999999998,37.39999999999998,39.16,36.535194396972656,-4.0808,False,False,57.5
mOrange,30.0,40.0,10.0,0,3,12,12,38.60000000000002,31.899999999999977,35.23,43.291297912597656,-4.9639,False,False,57.5
mOrange,30.0,40.0,10.0,1,1,12,11,39.19999999999999,40.39999999999998,39.79,30.866708755493164,-5.2147,False,False,57.5
mOrange,30.0,40.0,10.0,1,2,12,12,32.5,26.700000000000045,29.62,29.617368698120117,-2.6877,True,False,57.5
mOrange,30.0,40.0,10.0,1,3,12,9,30.899999999999977,3.7000000000000455,17.31,27.225881576538086,-2.5599,True,False,57.5
mOrange,30.0,40.0,10.0,2,1,12,10,39.0,36.89999999999998,37.98,31.469457626342773,-5.3835,False,False,57.5
mOrange,30.0,40.0,10.0,2,2,12,10,38.30000000000001,32.60000000000002,35.46,27.4374942779541,-1.1139,True,False,57.5
mOrange,30.0,40.0,10.0,2,3,12,9,33.799999999999955,23.600000000000023,28.68,31.45285987854004,0.2485,False,True,57.5
mOrange,30.0,40.0,10.0,3,1,12,12,33.39999999999998,26.0,29.71,34.85491180419922,-2.2823,False,False,57.5
mOrange,30.0,40.0,10.0,3,2,12,12,30.100000000000023,21.399999999999977,25.76,31.106176376342773,-2.0592,False,False,57.5
mOrange,30.0,40.0,10.0,3,3,12,11,29.899999999999977,16.799999999999955,23.34,31.947813034057617,-3.1141,False,False,57.5
mOrange,30.0,40.0,10.0,4,1,12,12,41.30000000000001,40.60000000000002,40.95,32.8268928527832,-2.9235,False,False,57.5
mOrange,30.0,40.0,10.0,4,2,12,10,40.69999999999999,28.0,34.37,32.868896484375,-4.1269,False,False,57.5
mOrange,30.0,40.0,10.0,4,3,12,10,33.799999999999955,26.100000000000023,29.93,30.45430564880371,-3.2402,False,False,57.5
mOrange,30.0,40.0,10.0,5,1,12,7,45.80000000000001,43.60000000000002,44.7,32.56890106201172,-4.6336,False,False,57.5
mOrange,30.0,40.0,10.0,5,2,12,12,46.30000000000001,34.5,40.37,32.63506317138672,-4.0028,False,False,57.5
mOrange,30.0,40.0,10.0,5,3,12,12,24.5,7.399999999999977,15.94,33.67819595336914,-4.0146,False,False,57.5
mOrange,30.0,40.0,10.0,6,1,12,13,39.30000000000001,39.10000000000002,39.22,41.95968246459961,-6.299,False,False,57.5
mOrange,30.0,40.0,10.0,6,2,12,11,40.0,41.10000000000002,40.53,37.12786102294922,-5.1123,False,False,57.5
mOrange,30.0,40.0,10.0,6,3,12,10,42.10000000000002,41.0,41.58,39.31158447265625,-5.4974,False,False,57.5
mOrange,30.0,40.0,10.0,7,1,12,10,40.69999999999999,39.60000000000002,40.11,31.274816513061523,-2.7306,False,False,57.5
mOrange,30.0,40.0,10.0,7,2,12,12,40.39999999999998,37.10000000000002,38.76,34.67005157470703,-2.8847,False,False,57.5
mOrange,30.0,40.0,10.0,7,3,12,12,23.700000000000045,11.899999999999977,17.81,33.656185150146484,-0.8306,False,False,57.5
mOrange,30.0,40.0,10.0,8,1,12,12,38.80000000000001,36.299999999999955,37.55,33.484092712402344,-3.6077,False,False,57.5
mOrange,30.0,40.0,10.0,8,2,12,12,28.299999999999955,13.700000000000045,21.02,30.966989517211914,-1.6006,False,False,57.5
mOrange,30.0,40.0,10.0,8,3,12,11,13.799999999999955,1.2000000000000455,7.46,43.43133544921875,-3.6932,False,False,57.5
mOrange,30.0,40.0,10.0,9,1,12,14,37.5,37.0,37.23,39.81263732910156,-5.5445,False,False,57.5
mOrange,30.0,40.0,10.0,9,2,12,15,31.600000000000023,26.799999999999955,29.2,40.52766418457031,-4.9109,False,False,57.5
mOrange,30.0,40.0,10.0,9,3,12,15,23.5,12.5,18.0,32.12474060058594,-4.6921,False,False,57.5
mOrange,30.0,40.0,10.0,10,1,12,12,40.19999999999999,37.89999999999998,39.08,27.63624382019043,-4.1144,True,False,57.5
mOrange,30.0,40.0,10.0,10,2,12,10,41.39999999999998,37.60000000000002,39.46,25.115345001220703,-2.2091,True,False,57.5
mOrange,30.0,40.0,10.0,10,3,12,11,34.5,30.600000000000023,32.54,32.06270980834961,-2.5615,False,False,57.5
mOrange,30.0,40.0,10.0,11,1,12,11,33.0,23.0,28.01,30.95061683654785,-2.9644,False,False,57.5
mOrange,30.0,40.0,10.0,11,2,12,9,27.600000000000023,19.600000000000023,23.58,28.935531616210938,-0.4024,True,False,57.5
EBFP,30.0,40.0,15.0,0,1,12,11,0.19999999999998863,0.10000000000002274,0.15,34.01020812988281,-6.1001,False,False,87.5
EBFP,30.0,40.0,15.0,0,2,12,11,25.80000000000001,20.19999999999999,22.99,31.25176429748535,-4.112,False,False,87.5
EBFP,30.0,40.0,15.0,0,3,12,9,26.5,16.5,21.5,27.10053825378418,-4.6188,True,False,87.5
EBFP,30.0,40.0,15.0,1,1,12,10,0.6999999999999886,0.8000000000000114,0.74,26.97431755065918,-4.7815,True,False,87.5
EBFP,30.0,40.0,15.0,1,2,12,10,2.1000000000000227,0.0,1.08,34.00973892211914,-5.0714,False,False,87.5
EBFP,30.0,40.0,15.0,1,3,12,9,3.8000000000000114,0.10000000000002274,1.96,28.258628845214844,-4.5458,True,False,87.5
EBFP,30.0,40.0,15.0,2,1,12,11,3.8999999999999773,1.3999999999999773,2.68,30.587583541870117,-5.7478,False,False,87.5
EBFP,30.0,40.0,15.0,2,2,12,13,11.699999999999989,7.899999999999977,9.8,34.091915130615234,-5.2597,False,False,87.5
EBFP,30.0,40.0,15.0,2,3,12,11,2.3000000000000114,0.5,1.4,37.141117095947266,-7.0059,False,False,87.5
EBFP,30.0,40.0,15.0,3,1,12,13,17.80000000000001,12.300000000000011,15.04,31.724857330322266,-5.9583,False,False,87.5
EBFP,30.0,40.0,15.0,3,2,12,14,9.5,4.0,6.75,31.210378646850586,-4.3297,False,False,87.5
EBFP,30.0,40.0,15.0,3,3,12,14,8.5,4.600000000000023,6.58,26.707637786865234,-4.3839,True,False,87.5
EBFP,30.0,40.0,15.0,4,1,12,9,35.0,29.399999999999977,32.2,23.61933708190918,2.4652,True,True,87.5
EBFP,30.0,40.0,15.0,4,2,12,11,1.3000000000000114,1.1999999999999886,1.26,25.643125534057617,-5.6631,True,False,87.5
EBFP,30.0,40.0,15.0,4,3,12,15,0.6000000000000227,0.6999999999999886,0.65,39.77241516113281,-5.2459,False,False,87.5
EBFP,30.0,40.0,15.0,5,1,12,12,19.899999999999977,14.600000000000023,17.25,32.68613052368164,-5.041,False,False,87.5
EBFP,30.0,40.0,15.0,5,2,12,12,5.0,3.3999999999999773,4.23,31.5358943939209,-3.7462,False,False,87.5
EBFP,30.0,40.0,15.0,5,3,12,9,0.5,0.6000000000000227,0.57,28.910839080810547,-3.8118,True,False,87.5
EBFP,30.0,40.0,15.0,6,1,12,11,0.0,1.3000000000000114,0.67,30.21797752380371,-8.3876,False,False,87.5
EBFP,30.0,40.0,15.0,6,2,12,9,32.80000000000001,25.899999999999977,29.36,30.170291900634766,0.7778,True,True,87.5
EBFP,30.0,40.0,15.0,6,3,12,9,1.8000000000000114,0.10000000000002274,0.95,27.745731353759766,-6.6751,True,False,87.5
EBFP,30.0,40.0,15.0,7,1,12,14,30.5,21.30000000000001,25.91,34.860862731933594,-6.0253,False,False,87.5
EBFP,30.0,40.0,15.0,7,2,12,11,0.8999999999999773,0.0,0.46,29.390119552612305,-5.1872,True,False,87.5
EBFP,30.0,40.0,15.0,7,3,12,12,1.6000000000000227,2.3000000000000114,1.95,29.512142181396484,-4.9774,True,False,87.5
EBFP,30.0,40.0,15.0,8,1,12,11,0.30000000000001137,0.5,0.4,33.042213439941406,-7.299,False,False,87.5
EBFP,30.0,40.0,15.0,8,2,12,14,6.600000000000023,5.800000000000011,6.23,34.891632080078125,-5.1233,False,False,87.5
EBFP,30.0,40.0,15.0,8,3,12,14,0.39999999999997726,0.10000000000002274,0.27,34.52233123779297,-4.8634,False,False,87.5
EBFP,30.0,40.0,15.0,9,1,12,12,31.80000000000001,21.600000000000023,26.72,38.41200637817383,-3.0738,False,False,87.5
EBFP,30.0,40.0,15.0,9,2,12,12,1.6000000000000227,0.8000000000000114,1.23,33.89912796020508,-5.6923,False,False,87.5
EBFP,30.0,40.0,15.0,9,3,12,12,0.39999999999997726,0.5,0.45,35.09739685058594,-4.2075,False,False,87.5
EBFP,30.0,40.0,15.0,10,1,12,14,3.5,1.8000000000000114,2.64,29.942350387573242,-5.0901,True,False,87.5
EBFP,30.0,40.0,15.0,10,2,12,10,6.199999999999989,2.3999999999999773,4.33,28.848854064941406,-5.4682,True,False,87.5
EBFP,30.0,40.0,15.0,10,3,12,11,0.10000000000002274,1.6000000000000227,0.85,32.34671401977539,-4.7867,False,False,87.5
EBFP,30.0,40.0,15.0,11,1,12,13,1.3000000000000114,0.8000000000000114,1.04,35.40224075317383,-7.6946,False,False,87.5
EBFP,30.0,40.0,15.0,11,2,12,12,29.899999999999977,32.60000000000002,31.25,34.1666145324707,-4.6828,False,False,87.5
EBFP,30.0,40.0,15.0,11,3,12,12,30.30000000000001,24.100000000000023,27.16,32.15570068359375,-1.0543,False,False,87.5
mOrange,30.0,40.0,15.0,0,1,12,8,38.80000000000001,35.60000000000002,37.23,21.826066970825195,-5.8204,True,False,57.5
mOrange,30.0,40.0,15.0,0,2,12,10,31.700000000000045,9.799999999999955,20.76,32.584163665771484,-3.2097,False,False,57.5
mOrange,30.0,40.0,15.0,0,3,12,11,38.60000000000002,25.100000000000023,31.81,37.10875701904297,-3.6059,False,False,57.5
mOrange,30.0,40.0,15.0,1,1,12,11,38.5,39.5,39.0,28.846603393554688,-5.4856,True,False,57.5
mOrange,30.0,40.0,15.0,1,2,12,14,34.299999999999955,36.10000000000002,35.21,35.55581283569336,-4.1252,False,False,57.5
mOrange,30.0,40.0,15.0,1,3,12,9,22.200000000000045,3.2999999999999545,12.75,32.97144317626953,-1.6671,False,False,57.5
mOrange,30.0,40.0,15.0,2,1,12,10,42.39999999999998,42.700000000000045,42.57,32.199302673339844,-5.1485,False,False,57.5
mOrange,30.0,40.0,15.0,2,2,12,9,28.100000000000023,20.100000000000023,24.12,29.36562728881836,-1.2821,True,False,57.5
mOrange,30.0,40.0,15.0,2,3,12,9,29.5,22.600000000000023,26.1,29.661869049072266,-0.3907,True,False,57.5
mOrange,30.0,40.0,15.0,3,1,12,11,39.69999999999999,34.0,36.85,32.74079513549805,-1.4072,False,False,57.5
mOrange,30.0,40.0,15.0,3,2,12,13,20.299999999999955,9.299999999999955,14.79,33.946449279785156,-2.7157,False,False,57.5
mOrange,30.0,40.0,15.0,3,3,12,12,29.899999999999977,20.799999999999955,25.35,36.46248245239258,-0.9161,False,False,57.5
mOrange,30.0,40.0,15.0,4,1,12,11,39.0,39.200000000000045,39.14,33.28292465209961,-4.9027,False,False,57.5
mOrange,30.0,40.0,15.0,4,2,12,12,35.200000000000045,29.899999999999977,32.54,32.09960174560547,-4.0267,False,False,57.5
mOrange,30.0,40.0,15.0,4,3,12,11,25.0,11.200000000000045,18.09,30.475074768066406,-0.2991,False,False,57.5
mOrange,30.0,40.0,15.0,5,1,12,7,45.80000000000001,43.60000000000002,44.7,32.56890106201172,-4.6336,False,False,57.5
mOrange,30.0,40.0,15.0,5,2,12,10,46.80000000000001,43.799999999999955,45.27,31.232131958007812,-3.5451,False,False,57.5
mOrange,30.0,40.0,15.0,5,3,12,11,32.60000000000002,15.399999999999977,23.97,27.627056121826172,-3.6383,True,False,57.5
mOrange,30.0,40.0,15.0,6,1,12,12,39.19999999999999,38.200000000000045,38.7,42.01393508911133,-6.0963,False,False,57.5
mOrange,30.0,40.0,15.0,6,2,12,10,36.0,36.200000000000045,36.09,38.6363410949707,-4.8667,False,False,57.5
mOrange,30.0,40.0,15.0,6,3,12,11,29.899999999999977,16.399999999999977,23.16,31.43735122680664,-2.3877,False,False,57.5
mOrange,30.0,40.0,15.0,7,1,12,9,40.0,39.0,39.49,28.795095443725586,-2.8327,True,False,57.5
mOrange,30.0,40.0,15.0,7,2,12,10,33.799999999999955,29.100000000000023,31.46,30.82335662841797,-2.2574,False,False,57.5
mOrange,30.0,40.0,15.0,7,3,12,10,21.700000000000045,10.200000000000045,15.96,35.55730056762695,-0.9905,False,False,57.5
mOrange,30.0,40.0,15.0,8,1,12,12,39.80000000000001,38.299999999999955,39.06,30.821805953979492,-3.0332,False,False,57.5
mOrange,30.0,40.0,15.0,8,2,12,10,29.700000000000045,18.299999999999955,24.0,30.596214294433594,-3.1534,False,False,57.5
mOrange,30.0,40.0,15.0,8,3,12,8,36.60000000000002,26.200000000000045,31.43,31.110820770263672,-0.5796,False,False,57.5
mOrange,30.0,40.0,15.0,9,1,12,7,42.80000000000001,40.39999999999998,41.61,23.38957977294922,-5.5769,True,False,57.5
mOrange,30.0,40.0,15.0,9,2,12,11,37.30000000000001,34.5,35.92,28.461700439453125,-3.1924,True,False,57.5
mOrange,30.0,40.0,15.0,9,3,12,11,19.700000000000045,15.799999999999955,17.73,29.505767822265625,-3.0678,True,False,57.5
mOrange,30.0,40.0,15.0,10,1,12,12,40.19999999999999,37.89999999999998,39.08,27.63624382019043,-4.1144,True,False,57.5
mOrange,30.0,40.0,15.0,10,2,12,9,41.80000000000001,39.0,40.4,23.30714988708496,-2.3447,True,False,57.5
mOrange,30.0,40.0,15.0,10,3,12,11,34.5,30.600000000000023,32.54,32.06269073486328,-2.5615,False,False,57.5
mOrange,30.0,40.0,15.0,11,1,12,7,36.5,31.299999999999955,33.91,28.160938262939453,-1.1938,True,False,57.5
mOrange,30.0,40.0,15.0,11,2,12,8,26.600000000000023,12.200000000000045,19.39,29.30440902709961,-1.1025,True,False,57.5
mOrange,30.0,40.0,15.0,11,3,12,9,27.200000000000045,17.600000000000023,22.39,28.987424850463867,-0.3757,True,False,57.5
EBFP,30.0,40.0,20.0,0,1,12,10,1.5,1.1000000000000227,1.28,31.971736907958984,-5.356,False,False,87.5
EBFP,30.0,40.0,20.0,0,2,12,8,20.0,15.100000000000023,17.54,28.59024429321289,-6.1485,True,False,87.5
EBFP,30.0,40.0,20.0,0,3,12,7,26.399999999999977,16.899999999999977,21.68,28.207014083862305,-5.7408,True,False,87.5
EBFP,30.0,40.0,20.0,1,1,12,10,2.5,1.1999999999999886,1.87,31.015430450439453,-5.8582,False,False,87.5
EBFP,30.0,40.0,20.0,1,2,12,7,7.5,5.199999999999989,6.36,22.98515510559082,-4.7087,True,False,87.5
EBFP,30.0,40.0,20.0,1,3,12,10,25.80000000000001,22.899999999999977,24.38,30.988300323486328,0.1494,False,True,87.5
EBFP,30.0,40.0,20.0,2,1,12,7,0.30000000000001137,0.10000000000002274,0.24,23.482831954956055,-8.5227,True,False,87.5
EBFP,30.0,40.0,20.0,2,2,12,6,42.5,37.80000000000001,40.17,26.12865447998047,-3.9396,True,False,87.5
EBFP,30.0,40.0,20.0,2,3,12,10,0.5,0.19999999999998863,0.32,31.52452278137207,-7.4699,False,False,87.5
EBFP,30.0,40.0,20.0,3,1,12,11,3.8000000000000114,4.300000000000011,4.02,27.401639938354492,-6.5148,True,False,87.5
EBFP,30.0,40.0,20.0,3,2,12,12,1.5,0.10000000000002274,0.77,27.050670623779297,-5.9181,True,False,87.5
EBFP,30.0,40.0,20.0,3,3,12,12,2.6999999999999886,1.1000000000000227,1.9,32.2073860168457,-4.1419,False,False,87.5
EBFP,30.0,40.0,20.0,4,1,12,9,34.69999999999999,28.30000000000001,31.49,25.825361251831055,-1.0053,True,False,87.5
EBFP,30.0,40.0,20.0,4,2,12,9,34.60000000000002,27.5,31.05,25.661561965942383,0.9795,True,True,87.5
EBFP,30.0,40.0,20.0,4,3,12,9,0.8999999999999773,1.3000000000000114,1.07,29.96062469482422,-5.6272,True,False,87.5
EBFP,30.0,40.0,20.0,5,1,12,11,30.30000000000001,25.399999999999977,27.84,33.02641296386719,-5.1765,False,False,87.5
EBFP,30.0,40.0,20.0,5,2,12,10,2.1000000000000227,4.399999999999977,3.22,34.23216247558594,-5.154,False,False,87.5
EBFP,30.0,40.0,20.0,5,3,12,9,1.0,1.3999999999999773,1.18,28.316755294799805,-5.8771,True,False,87.5
EBFP,30.0,40.0,20.0,6,1,12,10,10.300000000000011,6.699999999999989,8.5,30.60732078552246,-7.8348,False,False,87.5
EBFP,30.0,40.0,20.0,6,2,12,11,28.5,21.600000000000023,25.07,36.798580169677734,-4.2553,False,False,87.5
EBFP,30.0,40.0,20.0,6,3,12,11,2.3000000000000114,0.10000000000002274,1.18,36.19552230834961,-6.998,False,False,87.5
EBFP,30.0,40.0,20.0,7,1,12,13,37.60000000000002,23.80000000000001,30.67,30.226526260375977,-6.4515,False,False,87.5
EBFP,30.0,40.0,20.0,7,2,12,9,41.10000000000002,38.0,39.55,24.430831909179688,-1.8936,True,False,87.5
EBFP,30.0,40.0,20.0,7,3,12,11,37.19999999999999,32.5,34.88,29.055404663085938,0.6753,True,True,87.5
EBFP,30.0,40.0,20.0,8,1,12,9,33.39999999999998,32.0,32.72,34.081321716308594,-2.1519,False,False,87.5
EBFP,30.0,40.0,20.0,8,2,12,8,39.0,30.19999999999999,34.58,24.771703720092773,0.0432,True,True,87.5
EBFP,30.0,40.0,20.0,8,3,12,10,0.6000000000000227,0.6999999999999886,0.64,31.47199058532715,-6.3601,False,False,87.5
EBFP,30.0,40.0,20.0,9,1,12,12,32.19999999999999,21.899999999999977,27.02,36.24061584472656,-2.535,False,False,87.5
EBFP,30.0,40.0,20.0,9,2,12,11,6.199999999999989,4.100000000000023,5.13,36.7426643371582,-4.9508,False,False,87.5
EBFP,30.0,40.0,20.0,9,3,12,12,1.3999999999999773,0.6999999999999886,1.04,33.7524299621582,-4.249,False,False,87.5
EBFP,30.0,40.0,20.0,10,1,12,12,7.600000000000023,6.600000000000023,7.1,31.18206214904785,-6.2393,False,False,87.5
EBFP,30.0,40.0,20.0,10,2,12,9,33.19999999999999,25.0,29.1,29.052038192749023,1.7939,True,True,87.5
EBFP,30.0,40.0,20.0,10,3,12,10,28.399999999999977,24.0,26.17,29.098255157470703,-1.6872,True,False,87.5
EBFP,30.0,40.0,20.0,11,1,12,13,8.899999999999977,7.399999999999977,8.14,37.385589599609375,-6.1234,False,False,87.5
EBFP,30.0,40.0,20.0,11,2,12,15,24.30000000000001,35.5,29.93,40.683448791503906,-3.9937,False,False,87.5
EBFP,30.0,40.0,20.0,11,3,12,13,22.0,46.10000000000002,34.05,37.18520736694336,-3.2455,False,False,87.5
mOrange,30.0,40.0,20.0,0,1,12,8,38.80000000000001,35.60000000000002,37.23,21.826066970825195,-5.8204,True,False,57.5
mOrange,30.0,40.0,20.0,0,2,12,10,27.799999999999955,3.2999999999999545,15.54,37.90293884277344,-3.6237,False,False,57.5
mOrange,30.0,40.0,20.0,0,3,12,6,66.19999999999999,44.0,55.1,29.100765228271484,0.5783,True,True,57.5
mOrange,30.0,40.0,20.0,1,1,12,10,38.0,39.39999999999998,38.7,32.590110778808594,-6.3819,False,False,57.5
mOrange,30.0,40.0,20.0,1,2,12,12,32.0,35.0,33.52,36.20243453979492,-3.7534,False,False,57.5
mOrange,30.0,40.0,20.0,1,3,12,11,32.700000000000045,36.0,34.37,37.84661102294922,-3.3742,False,False,57.5
mOrange,30.0,40.0,20.0,2,1,12,8,45.60000000000002,45.299999999999955,45.43,36.006683349609375,-4.27,False,False,57.5
mOrange,30.0,40.0,20.0,2,2,12,10,37.0,39.39999999999998,38.16,33.466087341308594,-4.6133,False,False,57.5
mOrange,30.0,40.0,20.0,2,3,12,9,37.80000000000001,39.299999999999955,38.53,33.455223083496094,-4.4166,False,False,57.5
mOrange,30.0,40.0,20.0,3,1,12,10,44.10000000000002,41.5,42.79,37.471900939941406,-6.3393,False,False,57.5
mOrange,30.0,40.0,20.0,3,2,12,9,38.30000000000001,36.60000000000002,37.45,38.863128662109375,-5.8707,False,False,57.5
mOrange,30.0,40.0,20.0,3,3,12,7,41.39999999999998,40.0,40.71,32.71790313720703,-5.1292,False,False,57.5
mOrange,30.0,40.0,20.0,4,1,12,9,44.10000000000002,41.799999999999955,42.97,32.318763732910156,-5.0775,False,False,57.5
mOrange,30.0,40.0,20.0,4,2,12,9,41.30000000000001,39.299999999999955,40.32,29.95647621154785,-5.185,True,False,57.5
mOrange,30.0,40.0,20.0,4,3,12,9,40.10000000000002,38.0,39.03,33.871482849121094,-3.7983,False,False,57.5
mOrange,30.0,40.0,20.0,5,1,12,7,45.30000000000001,41.200000000000045,43.25,31.886127471923828,-6.4218,False,False,57.5
mOrange,30.0,40.0,20.0,5,2,12,9,46.60000000000002,44.700000000000045,45.64,35.548927307128906,-6.4317,False,False,57.5
mOrange,30.0,40.0,20.0,5,3,12,7,39.80000000000001,41.200000000000045,40.52,31.880651473999023,-5.2937,False,False,57.5
mOrange,30.0,40.0,20.0,6,1,12,12,39.19999999999999,38.200000000000045,38.7,42.01393508911133,-6.0963,False,False,57.5
mOrange,30.0,40.0,20.0,6,2,12,10,36.0,36.200000000000045,36.09,38.6363410949707,-4.8667,False,False,57.5
mOrange,30.0,40.0,20.0,6,3,12,10,36.60000000000002,25.200000000000045,30.86,30.756044387817383,-1.6721,False,False,57.5
mOrange,30.0,40.0,20.0,7,1,12,8,44.60000000000002,42.89999999999998,43.79,26.93808364868164,-6.0136,True,False,57.5
mOrange,30.0,40.0,20.0,7,2,12,10,38.60000000000002,35.200000000000045,36.89,29.02298355102539,-2.8121,True,False,57.5
mOrange,30.0,40.0,20.0,7,3,12,10,23.399999999999977,11.700000000000045,17.54,27.9578800201416,-3.9955,True,False,57.5
mOrange,30.0,40.0,20.0,8,1,12,8,48.60000000000002,46.60000000000002,47.64,30.243593215942383,-4.7834,False,False,57.5
mOrange,30.0,40.0,20.0,8,2,12,10,35.60000000000002,35.700000000000045,35.65,30.122730255126953,-4.3178,True,False,57.5
mOrange,30.0,40.0,20.0,8,3,12,10,36.89999999999998,6.7000000000000455,21.82,30.949806213378906,-4.175,False,False,57.5
mOrange,30.0,40.0,20.0,9,1,12,7,42.80000000000001,40.39999999999998,41.61,23.38957977294922,-5.5769,True,False,57.5
mOrange,30.0,40.0,20.0,9,2,12,11,37.30000000000001,34.5,35.92,28.461700439453125,-3.1924,True,False,57.5
mOrange,30.0,40.0,20.0,9,3,12,9,24.5,22.899999999999977,23.7,28.271970748901367,-2.4766,True,False,57.5
mOrange,30.0,40.0,20.0,10,1,12,10,39.30000000000001,37.799999999999955,38.57,30.96030616760254,-5.9334,False,False,57.5
mOrange,30.0,40.0,20.0,10,2,12,10,35.0,28.5,31.72,30.62600326538086,-3.2856,False,False,57.5
mOrange,30.0,40.0,20.0,10,3,12,9,54.89999999999998,29.200000000000045,42.09,28.63666534423828,-2.2264,True,False,57.5
mOrange,30.0,40.0,20.0,11,1,12,7,36.5,31.299999999999955,33.91,28.160938262939453,-1.1938,True,False,57.5
mOrange,30.0,40.0,20.0,11,2,12,7,42.80000000000001,13.799999999999955,28.3,27.228242874145508,-0.3186,True,False,57.5
mOrange,30.0,40.0,20.0,11,3,12,7,47.10000000000002,12.700000000000045,29.88,27.452552795410156,0.3698,True,True,57.5
EBFP,30.0,50.0,10.0,0,1,12,12,0.10000000000002274,0.30000000000001137,0.19,34.233821868896484,-4.793,False,False,87.5
EBFP,30.0,50.0,10.0,0,2,12,11,1.0,0.6000000000000227,0.77,37.04384994506836,-3.8509,False,False,87.5
EBFP,30.0,50.0,10.0,0,3,12,9,0.5,0.6000000000000227,0.58,30.315853118896484,-4.229,False,False,87.5
EBFP,30.0,50.0,10.0,1,1,12,12,41.10000000000002,30.80000000000001,35.98,27.863277435302734,0.5518,True,True,87.5
EBFP,30.0,50.0,10.0,1,2,12,12,38.39999999999998,26.19999999999999,32.27,26.031944274902344,4.2102,True,True,87.5
EBFP,30.0,50.0,10.0,1,3,12,14,10.699999999999989,5.5,8.11,34.527896881103516,-4.538,False,False,87.5
EBFP,30.0,50.0,10.0,2,1,12,10,39.0,32.19999999999999,35.6,29.458255767822266,-0.5837,True,False,87.5
EBFP,30.0,50.0,10.0,2,2,12,13,37.80000000000001,29.600000000000023,33.7,31.028806686401367,1.9534,False,True,87.5
EBFP,30.0,50.0,10.0,2,3,12,12,31.30000000000001,23.100000000000023,27.2,28.53302001953125,0.2499,True,True,87.5
EBFP,30.0,50.0,10.0,3,1,12,13,33.39999999999998,22.69999999999999,28.06,32.68229293823242,-5.121,False,False,87.5
EBFP,30.0,50.0,10.0,3,2,12,14,33.10000000000002,23.0,28.08,34.83988571166992,-2.783,False,False,87.5
EBFP,30.0,50.0,10.0,3,3,12,17,17.100000000000023,15.100000000000023,16.11,35.869728088378906,-4.4216,False,False,87.5
EBFP,30.0,50.0,10.0,4,1,12,9,35.0,29.399999999999977,32.2,23.61933708190918,2.4652,True,True,87.5
EBFP,30.0,50.0,10.0,4,2,12,9,27.80000000000001,27.19999999999999,27.47,25.826242446899414,0.8294,True,True,87.5
EBFP,30.0,50.0,10.0,4,3,12,13,2.1999999999999886,0.6999999999999886,1.45,34.899478912353516,-5.291,False,False,87.5
EBFP,30.0,50.0,10.0,5,1,12,16,31.600000000000023,24.80000000000001,28.19,32.20178985595703,-3.9734,False,False,87.5
EBFP,30.0,50.0,10.0,5,2,12,16,11.100000000000023,5.800000000000011,8.46,33.01262664794922,-4.0606,False,False,87.5
EBFP,30.0,50.0,10.0,5,3,12,16,6.899999999999977,5.5,6.22,34.58903503417969,-4.088,False,False,87.5
EBFP,30.0,50.0,10.0,6,1,12,16,19.80000000000001,16.399999999999977,18.11,30.848955154418945,-7.2738,False,False,87.5
EBFP,30.0,50.0,10.0,6,2,12,15,40.19999999999999,27.899999999999977,34.06,30.670270919799805,0.7046,False,True,87.5
EBFP,30.0,50.0,10.0,6,3,12,14,0.8000000000000114,1.0,0.92,33.42121505737305,-7.6481,False,False,87.5
EBFP,30.0,50.0,10.0,7,1,12,14,30.5,21.30000000000001,25.91,34.860862731933594,-6.0253,False,False,87.5
EBFP,30.0,50.0,10.0,7,2,12,14,27.0,23.899999999999977,25.48,37.27825164794922,-3.8556,False,False,87.5
EBFP,30.0,50.0,10.0,7,3,12,14,21.69999999999999,17.19999999999999,19.45,32.5577507019043,-3.442,False,False,87.5
EBFP,30.0,50.0,10.0,8,1,12,12,23.30000000000001,26.600000000000023,24.95,35.88637161254883,-0.2709,False,False,87.5
EBFP,30.0,50.0,10.0,8,2,12,9,35.19999999999999,27.69999999999999,31.46,29.744626998901367,1.8644,True,True,87.5
EBFP,30.0,50.0,10.0,8,3,12,14,0.6999999999999886,2.0,1.35,36.0963134765625,-5.0854,False,False,87.5
EBFP,30.0,50.0,10.0,9,1,12,11,36.5,22.19999999999999,29.37,27.19063949584961,-0.7471,True,False,87.5
EBFP,30.0,50.0,10.0,9,2,12,10,37.69999999999999,26.5,32.14,26.480417251586914,3.76,True,True,87.5
EBFP,30.0,50.0,10.0,9,3,12,13,0.8999999999999773,0.10000000000002274,0.5,27.95058250427246,-3.8923,True,False,87.5
EBFP,30.0,50.0,10.0,10,1,12,16,2.0,2.6000000000000227,2.28,37.029781341552734,-4.7311,False,False,87.5
EBFP,30.0,50.0,10.0,10,2,12,11,24.5,21.899999999999977,23.21,30.239595413208008,-4.5189,False,False,87.5
EBFP,30.0,50.0,10.0,10,3,12,10,35.39999999999998,30.100000000000023,32.77,33.17680740356445,2.4549,False,True,87.5
EBFP,30.0,50.0,10.0,11,1,12,11,31.100000000000023,26.69999999999999,28.91,27.22414207458496,-3.4458,True,False,87.5
EBFP,30.0,50.0,10.0,11,2,12,12,26.5,29.69999999999999,28.08,26.898757934570312,2.0824,True,True,87.5
EBFP,30.0,50.0,10.0,11,3,12,11,20.399999999999977,27.0,23.68,32.717254638671875,-0.4663,False,False,87.5
mOrange,30.0,50.0,10.0,0,1,12,8,45.30000000000001,43.799999999999955,44.55,22.49337387084961,-5.5601,True,False,57.5
mOrange,30.0,50.0,10.0,0,2,12,11,42.30000000000001,40.10000000000002,41.23,25.554628372192383,-4.2571,True,False,57.5
mOrange,30.0,50.0,10.0,0,3,12,9,40.30000000000001,36.39999999999998,38.35,28.005874633789062,-5.7196,True,False,57.5
mOrange,30.0,50.0,10.0,1,1,12,11,45.10000000000002,44.89999999999998,45.02,30.78563690185547,-4.4507,False,False,57.5
mOrange,30.0,50.0,10.0,1,2,12,16,33.89999999999998,37.39999999999998,35.63,33.687259674072266,-3.9263,False,False,57.5
mOrange,30.0,50.0,10.0,1,3,12,14,34.200000000000045,34.299999999999955,34.25,35.087364196777344,-3.902,False,False,57.5
mOrange,30.0,50.0,10.0,2,1,12,11,46.10000000000002,42.299999999999955,44.18,26.361330032348633,-3.8379,True,False,57.5
mOrange,30.0,50.0,10.0,2,2,12,11,44.80000000000001,15.5,30.13,27.0429744720459,-1.3982,True,False,57.5
mOrange,30.0,50.0,10.0,2,3,12,10,31.799999999999955,8.299999999999955,20.08,35.72043228149414,-0.7683,False,False,57.5
mOrange,30.0,50.0,10.0,3,1,12,10,45.39999999999998,43.89999999999998,44.66,29.444473266601562,-4.472,True,False,57.5
mOrange,30.0,50.0,10.0,3,2,12,12,34.799999999999955,33.299999999999955,34.06,31.47928810119629,-3.811,False,False,57.5
mOrange,30.0,50.0,10.0,3,3,12,13,68.89999999999998,42.5,55.7,26.713668823242188,-2.8028,True,False,57.5
mOrange,30.0,50.0,10.0,4,1,12,12,41.30000000000001,40.60000000000002,40.95,32.8268928527832,-2.9235,False,False,57.5
mOrange,30.0,50.0,10.0,4,2,12,10,47.5,45.39999999999998,46.48,29.953479766845703,-0.8213,True,False,57.5
mOrange,30.0,50.0,10.0,4,3,12,10,25.399999999999977,20.700000000000045,23.07,29.744003295898438,-0.262,True,False,57.5
mOrange,30.0,50.0,10.0,5,1,12,7,45.80000000000001,43.60000000000002,44.7,32.56890106201172,-4.6336,False,False,57.5
mOrange,30.0,50.0,10.0,5,2,12,11,42.80000000000001,41.10000000000002,41.99,37.9549446105957,-5.2232,False,False,57.5
mOrange,30.0,50.0,10.0,5,3,12,12,46.30000000000001,43.10000000000002,44.69,31.635902404785156,-4.4397,False,False,57.5
mOrange,30.0,50.0,10.0,6,1,12,13,39.30000000000001,39.10000000000002,39.22,41.95968246459961,-6.299,False,False,57.5
mOrange,30.0,50.0,10.0,6,2,12,11,40.0,41.10000000000002,40.53,37.12786102294922,-5.1123,False,False,57.5
mOrange,30.0,50.0,10.0,6,3,12,11,40.5,42.10000000000002,41.28,33.657310485839844,-3.7953,False,False,57.5
mOrange,30.0,50.0,10.0,7,1,12,9,41.89999999999998,40.39999999999998,41.14,30.18833351135254,-2.9754,True,False,57.5
mOrange,30.0,50.0,10.0,7,2,12,16,34.200000000000045,32.200000000000045,33.18,37.064414978027344,-6.812,False,False,57.5
mOrange,30.0,50.0,10.0,7,3,12,14,17.799999999999955,1.7999999999999545,9.83,35.00316619873047,-4.467,False,False,57.5
mOrange,30.0,50.0,10.0,8,1,12,12,38.80000000000001,36.299999999999955,37.55,33.484092712402344,-3.6077,False,False,57.5
mOrange,30.0,50.0,10.0,8,2,12,13,20.200000000000045,7.7000000000000455,13.96,35.183685302734375,-1.6693,False,False,57.5
mOrange,30.0,50.0,10.0,8,3,12,13,22.899999999999977,10.799999999999955,16.85,33.06568145751953,-1.3601,False,False,57.5
mOrange,30.0,50.0,10.0,9,1,12,9,41.10000000000002,40.299999999999955,40.72,31.64021873474121,-5.1221,False,False,57.5
mOrange,30.0,50.0,10.0,9,2,12,13,40.69999999999999,34.799999999999955,37.74,29.057653427124023,-2.401,True,False,57.5
mOrange,30.0,50.0,10.0,9,3,12,14,26.299999999999955,20.0,23.14,34.76901626586914,-3.3083,False,False,57.5
mOrange,30.0,50.0,10.0,10,1,12,12,40.19999999999999,37.89999999999998,39.08,27.63624382019043,-4.1144,True,False,57.5
mOrange,30.0,50.0,10.0,10,2,12,12,39.80000000000001,36.5,38.15,28.747337341308594,-3.4701,True,False,57.5
mOrange,30.0,50.0,10.0,10,3,12,9,41.39999999999998,39.0,40.18,24.312944412231445,-3.2604,True,False,57.5
mOrange,30.0,50.0,10.0,11,1,12,8,41.69999999999999,38.700000000000045,40.17,28.483482360839844,-0.7148,True,False,57.5
mOrange,30.0,50.0,10.0,11,2,12,9,21.700000000000045,10.299999999999955,15.98,31.70099639892578,-2.8412,False,False,57.5
mOrange,30.0,50.0,10.0,11,3,12,9,27.600000000000023,19.600000000000023,23.58,28.935565948486328,-0.4024,True,False,57.5
EBFP,30.0,50.0,15.0,0,1,12,11,1.6000000000000227,0.8000000000000114,1.18,34.797420501708984,-5.2392,False,False,87.5
EBFP,30.0,50.0,15.0,0,2,12,8,28.5,19.600000000000023,24.06,27.343143463134766,-4.5289,True,False,87.5
EBFP,30.0,50.0,15.0,0,3,12,8,32.80000000000001,21.0,26.92,28.887760162353516,-3.298,True,False,87.5
EBFP,30.0,50.0,15.0,1,1,12,11,44.60000000000002,31.19999999999999,37.91,27.282739639282227,1.4348,True,True,87.5
EBFP,30.0,50.0,15.0,1,2,12,10,40.69999999999999,28.69999999999999,34.69,24.375234603881836,3.0433,True,True,87.5
EBFP,30.0,50.0,15.0,1,3,12,11,32.10000000000002,29.399999999999977,30.76,25.279356002807617,2.8537,True,True,87.5
EBFP,30.0,50.0,15.0,2,1,12,9,37.39999999999998,34.80000000000001,36.08,25.007509231567383,-1.3208,True,False,87.5
EBFP,30.0,50.0,15.0,2,2,12,9,47.60000000000002,34.39999999999998,40.99,25.309423446655273,1.9807,True,True,87.5
EBFP,30.0,50.0,15.0,2,3,12,12,1.6000000000000227,2.8000000000000114,2.18,34.7452392578125,-3.6818,False,False,87.5
EBFP,30.0,50.0,15.0,3,1,12,13,9.899999999999977,6.399999999999977,8.19,30.202091217041016,-5.0394,True,False,87.5
EBFP,30.0,50.0,15.0,3,2,12,12,38.10000000000002,25.30000000000001,31.71,28.35621452331543,-2.7917,True,False,87.5
EBFP,30.0,50.0,15.0,3,3,12,14,28.600000000000023,19.80000000000001,24.18,33.73453140258789,-2.1603,False,False,87.5
EBFP,30.0,50.0,15.0,4,1,12,9,35.0,29.399999999999977,32.2,23.61933708190918,2.4652,True,True,87.5
EBFP,30.0,50.0,15.0,4,2,12,9,27.80000000000001,27.19999999999999,27.47,25.826242446899414,0.8294,True,True,87.5
EBFP,30.0,50.0,15.0,4,3,12,12,4.0,1.1000000000000227,2.57,34.16168212890625,-4.5694,False,False,87.5
EBFP,30.0,50.0,15.0,5,1,12,11,58.10000000000002,45.30000000000001,51.7,32.20083236694336,-5.1692,False,False,87.5
EBFP,30.0,50.0,15.0,5,2,12,12,35.10000000000002,33.80000000000001,34.45,28.680273056030273,-3.1407,True,False,87.5
EBFP,30.0,50.0,15.0,5,3,12,15,29.30000000000001,19.100000000000023,24.23,32.926063537597656,-3.283,False,False,87.5
EBFP,30.0,50.0,15.0,6,1,12,10,42.30000000000001,31.69999999999999,37.0,29.161998748779297,2.6428,True,True,87.5
EBFP,30.0,50.0,15.0,6,2,12,10,34.5,27.30000000000001,30.89,26.828054428100586,4.2657,True,True,87.5
EBFP,30.0,50.0,15.0,6,3,12,10,32.89999999999998,26.100000000000023,29.48,25.455854415893555,3.1394,True,True,87.5
EBFP,30.0,50.0,15.0,7,1,12,11,36.5,23.30000000000001,29.88,26.366430282592773,-3.1187,True,False,87.5
EBFP,30.0,50.0,15.0,7,2,12,12,1.1999999999999886,0.0,0.6,27.896860122680664,-3.9055,True,False,87.5
EBFP,30.0,50.0,15.0,7,3,12,12,51.80000000000001,34.0,42.92,26.059389114379883,-1.8462,True,False,87.5
EBFP,30.0,50.0,15.0,8,1,12,10,34.30000000000001,27.5,30.94,31.413490295410156,1.5154,False,True,87.5
EBFP,30.0,50.0,15.0,8,2,12,8,37.19999999999999,29.69999999999999,33.47,27.139286041259766,2.6027,True,True,87.5
EBFP,30.0,50.0,15.0,8,3,12,8,36.30000000000001,30.0,33.16,29.940078735351562,2.5128,True,True,87.5
EBFP,30.0,50.0,15.0,9,1,12,12,31.80000000000001,21.600000000000023,26.72,38.41200637817383,-3.0738,False,False,87.5
EBFP,30.0,50.0,15.0,9,2,12,12,3.5,0.8999999999999773,2.23,37.78752517700195,-4.8813,False,False,87.5
EBFP,30.0,50.0,15.0,9,3,12,11,1.8000000000000114,0.6000000000000227,1.2,33.957679748535156,-4.0874,False,False,87.5
EBFP,30.0,50.0,15.0,10,1,12,14,2.0,1.6999999999999886,1.89,32.38850021362305,-5.8557,False,False,87.5
EBFP,30.0,50.0,15.0,10,2,12,12,30.100000000000023,29.80000000000001,29.92,34.65971755981445,-1.0891,False,False,87.5
EBFP,30.0,50.0,15.0,10,3,12,13,11.399999999999977,31.0,21.19,36.41490936279297,-3.5503,False,False,87.5
EBFP,30.0,50.0,15.0,11,1,12,10,33.80000000000001,29.5,31.64,24.583341598510742,-3.4668,True,False,87.5
EBFP,30.0,50.0,15.0,11,2,12,12,32.69999999999999,29.399999999999977,31.06,30.415624618530273,1.805,False,True,87.5
EBFP,30.0,50.0,15.0,11,3,12,12,39.30000000000001,27.69999999999999,33.5,30.898588180541992,1.4574,False,True,87.5
mOrange,30.0,50.0,15.0,0,1,12,8,41.39999999999998,37.39999999999998,39.38,21.45914077758789,-4.6242,True,False,57.5
mOrange,30.0,50.0,15.0,0,2,12,9,31.899999999999977,11.700000000000045,21.84,35.52592086791992,-1.9093,False,False,57.5
mOrange,30.0,50.0,15.0,0,3,12,9,46.30000000000001,40.60000000000002,43.47,26.627553939819336,-0.6384,True,False,57.5
mOrange,30.0,50.0,15.0,1,1,12,11,45.10000000000002,44.89999999999998,45.02,30.78563690185547,-4.4507,False,False,57.5
mOrange,30.0,50.0,15.0,1,2,12,13,35.0,35.799999999999955,35.41,31.423030853271484,-7.3669,False,False,57.5
mOrange,30.0,50.0,15.0,1,3,12,12,33.5,26.100000000000023,29.82,31.916776657104492,-2.5432,False,False,57.5
mOrange,30.0,50.0,15.0,2,1,12,9,43.89999999999998,42.5,43.23,31.06228256225586,-4.4081,False,False,57.5
mOrange,30.0,50.0,15.0,2,2,12,10,42.5,39.89999999999998,41.21,27.118776321411133,-4.752,True,False,57.5
mOrange,30.0,50.0,15.0,2,3,12,9,42.19999999999999,40.60000000000002,41.39,24.9936580657959,-4.1199,True,False,57.5
mOrange,30.0,50.0,15.0,3,1,12,10,45.39999999999998,43.89999999999998,44.66,29.444473266601562,-4.472,True,False,57.5
mOrange,30.0,50.0,15.0,3,2,12,11,41.0,41.5,41.29,30.668590545654297,-4.8922,False,False,57.5
mOrange,30.0,50.0,15.0,3,3,12,12,29.799999999999955,25.399999999999977,27.61,30.080371856689453,-3.4134,True,False,57.5
mOrange,30.0,50.0,15.0,4,1,12,12,41.30000000000001,40.60000000000002,40.95,32.8268928527832,-2.9235,False,False,57.5
mOrange,30.0,50.0,15.0,4,2,12,10,47.5,45.39999999999998,46.48,29.953479766845703,-0.8213,True,False,57.5
mOrange,30.0,50.0,15.0,4,3,12,8,24.600000000000023,14.200000000000045,19.41,27.135814666748047,-1.1827,True,False,57.5
mOrange,30.0,50.0,15.0,5,1,12,7,45.80000000000001,43.60000000000002,44.7,32.56890106201172,-4.6336,False,False,57.5
mOrange,30.0,50.0,15.0,5,2,12,11,42.80000000000001,41.10000000000002,41.99,37.9549446105957,-5.2232,False,False,57.5
mOrange,30.0,50.0,15.0,5,3,12,9,45.19999999999999,44.700000000000045,44.96,34.62484359741211,-4.5236,False,False,57.5
mOrange,30.0,50.0,15.0,6,1,12,12,39.19999999999999,38.200000000000045,38.7,42.01393508911133,-6.0963,False,False,57.5
mOrange,30.0,50.0,15.0,6,2,12,11,40.0,41.10000000000002,40.53,37.12786102294922,-5.1123,False,False,57.5
mOrange,30.0,50.0,15.0,6,3,12,11,40.5,42.10000000000002,41.28,33.657310485839844,-3.7953,False,False,57.5
mOrange,30.0,50.0,15.0,7,1,12,8,39.69999999999999,38.89999999999998,39.29,27.56073760986328,-3.0621,True,False,57.5
mOrange,30.0,50.0,15.0,7,2,12,10,22.899999999999977,12.0,17.41,32.24484634399414,-3.4852,False,False,57.5
mOrange,30.0,50.0,15.0,7,3,12,6,44.39999999999998,15.399999999999977,29.9,25.975353240966797,-0.4041,True,False,57.5
mOrange,30.0,50.0,15.0,8,1,12,12,39.80000000000001,38.299999999999955,39.06,30.821805953979492,-3.0332,False,False,57.5
mOrange,30.0,50.0,15.0,8,2,12,10,29.700000000000045,18.299999999999955,24.0,30.596214294433594,-3.1534,False,False,57.5
mOrange,30.0,50.0,15.0,8,3,12,8,36.60000000000002,26.200000000000045,31.43,31.110820770263672,-0.5796,False,False,57.5
mOrange,30.0,50.0,15.0,9,1,12,8,45.10000000000002,43.39999999999998,44.24,24.128755569458008,-4.4335,True,False,57.5
mOrange,30.0,50.0,15.0,9,2,12,10,27.299999999999955,13.700000000000045,20.52,26.360763549804688,-3.8426,True,False,57.5
mOrange,30.0,50.0,15.0,9,3,12,9,40.5,29.100000000000023,34.83,27.637149810791016,1.1705,True,True,57.5
mOrange,30.0,50.0,15.0,10,1,12,12,40.19999999999999,37.89999999999998,39.08,27.63624382019043,-4.1144,True,False,57.5
mOrange,30.0,50.0,15.0,10,2,12,10,40.30000000000001,36.60000000000002,38.41,26.781423568725586,-3.8529,True,False,57.5
mOrange,30.0,50.0,15.0,10,3,12,10,41.39999999999998,39.10000000000002,40.25,26.758228302001953,-3.307,True,False,57.5
mOrange,30.0,50.0,15.0,11,1,12,7,36.5,31.299999999999955,33.91,28.160938262939453,-1.1938,True,False,57.5
mOrange,30.0,50.0,15.0,11,2,12,7,42.80000000000001,13.799999999999955,28.3,27.228242874145508,-0.3186,True,False,57.5
mOrange,30.0,50.0,15.0,11,3,12,7,47.10000000000002,12.700000000000045,29.88,27.452552795410156,0.3698,True,True,57.5
EBFP,30.0,50.0,20.0,0,1,12,11,1.6000000000000227,0.8000000000000114,1.18,34.797420501708984,-5.2392,False,False,87.5
EBFP,30.0,50.0,20.0,0,2,12,8,28.5,19.600000000000023,24.06,27.343143463134766,-4.5289,True,False,87.5
EBFP,30.0,50.0,20.0,0,3,12,7,37.60000000000002,24.5,31.05,26.977815628051758,-4.3408,True,False,87.5
EBFP,30.0,50.0,20.0,1,1,12,11,44.60000000000002,31.19999999999999,37.91,27.282739639282227,1.4348,True,True,87.5
EBFP,30.0,50.0,20.0,1,2,12,10,40.69999999999999,28.69999999999999,34.69,24.375234603881836,3.0433,True,True,87.5
EBFP,30.0,50.0,20.0,1,3,12,11,32.10000000000002,29.399999999999977,30.76,25.279356002807617,2.8537,True,True,87.5
EBFP,30.0,50.0,20.0,2,1,12,8,39.39999999999998,31.19999999999999,35.27,25.915931701660156,-0.209,True,False,87.5
EBFP,30.0,50.0,20.0,2,2,12,9,40.80000000000001,29.100000000000023,34.93,29.073101043701172,-2.2472,True,False,87.5
EBFP,30.0,50.0,20.0,2,3,12,10,33.60000000000002,31.69999999999999,32.65,32.46328353881836,-2.2692,False,False,87.5
EBFP,30.0,50.0,20.0,3,1,12,12,6.199999999999989,4.600000000000023,5.43,29.548742294311523,-6.3375,True,False,87.5
EBFP,30.0,50.0,20.0,3,2,12,10,45.10000000000002,32.80000000000001,38.96,25.246915817260742,0.3669,True,True,87.5
EBFP,30.0,50.0,20.0,3,3,12,8,39.39999999999998,29.600000000000023,34.52,26.64550018310547,2.0045,True,True,87.5
EBFP,30.0,50.0,20.0,4,1,12,9,35.89999999999998,28.5,32.18,23.8619441986084,-0.3439,True,False,87.5
EBFP,30.0,50.0,20.0,4,2,12,9,34.60000000000002,27.5,31.05,25.661561965942383,0.9795,True,True,87.5
EBFP,30.0,50.0,20.0,4,3,12,11,1.6000000000000227,2.3000000000000114,1.95,25.447574615478516,-4.1975,True,False,87.5
EBFP,30.0,50.0,20.0,5,1,12,10,55.80000000000001,42.39999999999998,49.1,35.421661376953125,-4.3665,False,False,87.5
EBFP,30.0,50.0,20.0,5,2,12,12,16.69999999999999,14.300000000000011,15.51,29.445640563964844,-0.785,True,False,87.5
EBFP,30.0,50.0,20.0,5,3,12,9,3.8000000000000114,6.100000000000023,4.98,30.682031631469727,2.909,False,True,87.5
EBFP,30.0,50.0,20.0,6,1,12,9,36.30000000000001,29.0,32.63,25.651216506958008,1.1811,True,True,87.5
EBFP,30.0,50.0,20.0,6,2,12,9,32.0,28.69999999999999,30.34,28.835834503173828,0.8953,True,True,87.5
EBFP,30.0,50.0,20.0,6,3,12,10,28.600000000000023,25.30000000000001,26.93,32.41851043701172,0.1659,False,True,87.5
EBFP,30.0,50.0,20.0,7,1,12,8,38.5,24.600000000000023,31.55,22.13833999633789,-4.351,True,False,87.5
EBFP,30.0,50.0,20.0,7,2,12,10,33.0,31.69999999999999,32.35,26.635236740112305,-2.6074,True,False,87.5
EBFP,30.0,50.0,20.0,7,3,12,9,28.0,27.100000000000023,27.59,26.53843879699707,1.9692,True,True,87.5
EBFP,30.0,50.0,20.0,8,1,12,10,34.30000000000001,27.5,30.94,31.413490295410156,1.5154,False,True,87.5
EBFP,30.0,50.0,20.0,8,2,12,8,37.19999999999999,29.69999999999999,33.47,27.139286041259766,2.6027,True,True,87.5
EBFP,30.0,50.0,20.0,8,3,12,8,36.30000000000001,30.0,33.16,29.940078735351562,2.5128,True,True,87.5
EBFP,30.0,50.0,20.0,9,1,12,11,34.30000000000001,23.100000000000023,28.72,30.582679748535156,-2.9777,False,False,87.5
EBFP,30.0,50.0,20.0,9,2,12,12,0.5,0.8000000000000114,0.65,31.77535629272461,-5.0772,False,False,87.5
EBFP,30.0,50.0,20.0,9,3,12,11,5.100000000000023,3.8999999999999773,4.5,34.21392822265625,-5.2354,False,False,87.5
EBFP,30.0,50.0,20.0,10,1,12,12,7.600000000000023,6.600000000000023,7.1,31.18206214904785,-6.2393,False,False,87.5
EBFP,30.0,50.0,20.0,10,2,12,9,33.19999999999999,25.0,29.1,29.052038192749023,1.7939,True,True,87.5
EBFP,30.0,50.0,20.0,10,3,12,10,28.399999999999977,24.0,26.17,29.098255157470703,-1.6872,True,False,87.5
EBFP,30.0,50.0,20.0,11,1,12,10,33.80000000000001,29.5,31.64,24.583341598510742,-3.4668,True,False,87.5
EBFP,30.0,50.0,20.0,11,2,12,9,43.80000000000001,29.69999999999999,36.77,29.797449111938477,-1.9694,True,False,87.5
EBFP,30.0,50.0,20.0,11,3,12,11,26.399999999999977,31.69999999999999,29.02,29.0744686126709,2.2025,True,True,87.5
mOrange,30.0,50.0,20.0,0,1,12,7,44.60000000000002,41.799999999999955,43.19,21.14082145690918,-3.8805,True,False,57.5
mOrange,30.0,50.0,20.0,0,2,12,8,46.0,13.0,29.5,33.870948791503906,-1.8388,False,False,57.5
mOrange,30.0,50.0,20.0,0,3,12,5,63.89999999999998,48.10000000000002,56.04,25.95250701904297,-1.5384,True,False,57.5
mOrange,30.0,50.0,20.0,1,1,12,10,38.0,39.39999999999998,38.7,32.590110778808594,-6.3819,False,False,57.5
mOrange,30.0,50.0,20.0,1,2,12,12,32.0,35.0,33.52,36.20243453979492,-3.7534,False,False,57.5
mOrange,30.0,50.0,20.0,1,3,12,11,32.700000000000045,36.0,34.37,37.84661102294922,-3.3742,False,False,57.5
mOrange,30.0,50.0,20.0,2,1,12,9,43.89999999999998,42.5,43.23,31.06228256225586,-4.4081,False,False,57.5
mOrange,30.0,50.0,20.0,2,2,12,10,42.5,39.89999999999998,41.21,27.118776321411133,-4.752,True,False,57.5
mOrange,30.0,50.0,20.0,2,3,12,9,42.19999999999999,40.60000000000002,41.39,24.9936580657959,-4.1199,True,False,57.5
mOrange,30.0,50.0,20.0,3,1,12,10,44.10000000000002,41.5,42.79,37.471900939941406,-6.3393,False,False,57.5
mOrange,30.0,50.0,20.0,3,2,12,10,44.19999999999999,40.299999999999955,42.26,31.39379119873047,-5.1719,False,False,57.5
mOrange,30.0,50.0,20.0,3,3,12,8,40.30000000000001,35.200000000000045,37.75,33.352081298828125,-5.3412,False,False,57.5
mOrange,30.0,50.0,20.0,4,1,12,9,44.10000000000002,41.799999999999955,42.97,32.318763732910156,-5.0775,False,False,57.5
mOrange,30.0,50.0,20.0,4,2,12,8,43.19999999999999,41.0,42.11,27.17547035217285,-4.341,True,False,57.5
mOrange,30.0,50.0,20.0,4,3,12,9,37.30000000000001,15.799999999999955,26.54,28.179067611694336,-1.3247,True,False,57.5
mOrange,30.0,50.0,20.0,5,1,12,9,50.60000000000002,46.200000000000045,48.4,33.603843688964844,-5.7569,False,False,57.5
mOrange,30.0,50.0,20.0,5,2,12,9,48.0,43.0,45.51,34.9171142578125,-5.7743,False,False,57.5
mOrange,30.0,50.0,20.0,5,3,12,11,42.30000000000001,41.60000000000002,41.95,43.287681579589844,-5.3217,False,False,57.5
mOrange,30.0,50.0,20.0,6,1,12,12,39.19999999999999,38.200000000000045,38.7,42.01393508911133,-6.0963,False,False,57.5
mOrange,30.0,50.0,20.0,6,2,12,11,40.0,41.10000000000002,40.53,37.12786102294922,-5.1123,False,False,57.5
mOrange,30.0,50.0,20.0,6,3,12,11,41.0,41.799999999999955,41.41,38.0819206237793,-5.4107,False,False,57.5
mOrange,30.0,50.0,20.0,7,1,12,7,43.30000000000001,43.200000000000045,43.26,27.127965927124023,-5.0287,True,False,57.5
mOrange,30.0,50.0,20.0,7,2,12,11,39.0,36.299999999999955,37.65,31.412921905517578,-2.4891,False,False,57.5
mOrange,30.0,50.0,20.0,7,3,12,10,30.0,19.0,24.5,29.16656494140625,-1.9431,True,False,57.5
mOrange,30.0,50.0,20.0,8,1,12,9,41.19999999999999,39.700000000000045,40.48,24.019512176513672,-5.6608,True,False,57.5
mOrange,30.0,50.0,20.0,8,2,12,10,42.80000000000001,42.200000000000045,42.5,34.2210578918457,-5.9819,False,False,57.5
mOrange,30.0,50.0,20.0,8,3,12,10,44.39999999999998,41.10000000000002,42.75,29.40317726135254,-3.219,True,False,57.5
mOrange,30.0,50.0,20.0,9,1,12,8,45.10000000000002,43.39999999999998,44.24,24.128755569458008,-4.4335,True,False,57.5
mOrange,30.0,50.0,20.0,9,2,12,10,27.299999999999955,13.700000000000045,20.52,26.360763549804688,-3.8426,True,False,57.5
mOrange,30.0,50.0,20.0,9,3,12,8,51.30000000000001,28.799999999999955,40.03,26.397218704223633,0.4403,True,True,57.5
mOrange,30.0,50.0,20.0,10,1,12,7,46.60000000000002,45.700000000000045,46.14,26.745960235595703,-5.9706,True,False,57.5
mOrange,30.0,50.0,20.0,10,2,12,7,34.10000000000002,38.799999999999955,36.46,29.20025062561035,-1.2052,True,False,57.5
mOrange,30.0,50.0,20.0,10,3,12,9,32.700000000000045,25.200000000000045,28.93,27.60051918029785,-1.1713,True,False,57.5
mOrange,30.0,50.0,20.0,11,1,12,7,36.5,31.299999999999955,33.91,28.160938262939453,-1.1938,True,False,57.5
mOrange,30.0,50.0,20.0,11,2,12,7,42.80000000000001,13.799999999999955,28.3,27.228242874145508,-0.3186,True,False,57.5
mOrange,30.0,50.0,20.0,11,3,12,7,47.10000000000002,12.700000000000045,29.88,27.452552795410156,0.3698,True,True,57.5
EBFP,30.0,60.0,10.0,0,1,12,12,0.10000000000002274,0.30000000000001137,0.19,34.233821868896484,-4.793,False,False,87.5
EBFP,30.0,60.0,10.0,0,2,12,12,24.80000000000001,19.899999999999977,22.35,32.79512023925781,-3.7085,False,False,87.5
EBFP,30.0,60.0,10.0,0,3,12,14,24.399999999999977,19.0,21.68,35.36649703979492,-3.7222,False,False,87.5
EBFP,30.0,60.0,10.0,1,1,12,12,41.10000000000002,30.80000000000001,35.98,27.863277435302734,0.5518,True,True,87.5
EBFP,30.0,60.0,10.0,1,2,12,12,38.39999999999998,26.19999999999999,32.27,26.031944274902344,4.2102,True,True,87.5
EBFP,30.0,60.0,10.0,1,3,12,12,25.899999999999977,24.19999999999999,25.06,29.788888931274414,1.0238,True,True,87.5
EBFP,30.0,60.0,10.0,2,1,12,10,39.0,32.19999999999999,35.6,29.458255767822266,-0.5837,True,False,87.5
EBFP,30.0,60.0,10.0,2,2,12,13,37.80000000000001,29.600000000000023,33.7,31.028806686401367,1.9534,False,True,87.5
EBFP,30.0,60.0,10.0,2,3,12,11,42.80000000000001,30.80000000000001,36.82,26.109325408935547,3.4905,True,True,87.5
EBFP,30.0,60.0,10.0,3,1,12,11,37.10000000000002,32.30000000000001,34.71,29.834701538085938,-2.0455,True,False,87.5
EBFP,30.0,60.0,10.0,3,2,12,12,28.0,27.19999999999999,27.57,30.78276252746582,2.0818,False,True,87.5
EBFP,30.0,60.0,10.0,3,3,12,10,32.5,27.0,29.75,27.464937210083008,1.2579,True,True,87.5
EBFP,30.0,60.0,10.0,4,1,12,9,35.0,29.399999999999977,32.2,23.61933708190918,2.4652,True,True,87.5
EBFP,30.0,60.0,10.0,4,2,12,9,27.80000000000001,27.19999999999999,27.47,25.826242446899414,0.8294,True,True,87.5
EBFP,30.0,60.0,10.0,4,3,12,13,9.600000000000023,11.699999999999989,10.66,32.48244857788086,-3.826,False,False,87.5
EBFP,30.0,60.0,10.0,5,1,12,11,58.10000000000002,45.30000000000001,51.7,32.20083236694336,-5.1692,False,False,87.5
EBFP,30.0,60.0,10.0,5,2,12,15,37.19999999999999,28.899999999999977,33.09,28.510995864868164,-3.2297,True,False,87.5
EBFP,30.0,60.0,10.0,5,3,12,14,16.399999999999977,42.30000000000001,29.32,37.4322509765625,-4.6607,False,False,87.5
EBFP,30.0,60.0,10.0,6,1,12,10,43.60000000000002,33.80000000000001,38.73,27.50439453125,4.593,True,True,87.5
EBFP,30.0,60.0,10.0,6,2,12,12,30.5,24.80000000000001,27.64,30.0235595703125,-1.5534,True,False,87.5
EBFP,30.0,60.0,10.0,6,3,12,12,4.699999999999989,0.19999999999998863,2.46,28.062236785888672,-6.034,True,False,87.5
EBFP,30.0,60.0,10.0,7,1,12,13,26.899999999999977,17.5,22.2,33.34220886230469,-3.1705,False,False,87.5
EBFP,30.0,60.0,10.0,7,2,12,14,0.39999999999997726,0.10000000000002274,0.25,35.72488784790039,-4.0958,False,False,87.5
EBFP,30.0,60.0,10.0,7,3,12,11,69.80000000000001,45.19999999999999,57.49,30.730363845825195,3.9674,False,True,87.5
EBFP,30.0,60.0,10.0,8,1,12,12,23.30000000000001,26.600000000000023,24.95,35.88637161254883,-0.2709,False,False,87.5
EBFP,30.0,60.0,10.0,8,2,12,11,33.60000000000002,26.600000000000023,30.11,32.68621826171875,2.3784,False,True,87.5
EBFP,30.0,60.0,10.0,8,3,12,12,33.80000000000001,28.899999999999977,31.32,34.42912673950195,1.3082,False,True,87.5
EBFP,30.0,60.0,10.0,9,1,12,11,36.5,22.19999999999999,29.37,27.19063949584961,-0.7471,True,False,87.5
EBFP,30.0,60.0,10.0,9,2,12,10,37.69999999999999,26.5,32.14,26.480417251586914,3.76,True,True,87.5
EBFP,30.0,60.0,10.0,9,3,12,13,38.60000000000002,28.399999999999977,33.51,27.906564712524414,2.1353,True,True,87.5
EBFP,30.0,60.0,10.0,10,1,12,13,36.89999999999998,25.899999999999977,31.39,33.58014678955078,-2.6494,False,False,87.5
EBFP,30.0,60.0,10.0,10,2,12,12,36.89999999999998,27.5,32.22,29.63868522644043,3.9983,True,True,87.5
EBFP,30.0,60.0,10.0,10,3,12,13,37.0,30.0,33.5,31.915475845336914,2.41,False,True,87.5
EBFP,30.0,60.0,10.0,11,1,12,11,31.100000000000023,26.69999999999999,28.91,27.22414207458496,-3.4458,True,False,87.5
EBFP,30.0,60.0,10.0,11,2,12,13,30.0,24.100000000000023,27.05,29.714887619018555,0.131,True,True,87.5
EBFP,30.0,60.0,10.0,11,3,12,13,27.600000000000023,22.69999999999999,25.14,28.427349090576172,0.2828,True,True,87.5
mOrange,30.0,60.0,10.0,0,1,12,8,43.0,40.39999999999998,41.71,23.248310089111328,-4.1214,True,False,57.5
mOrange,30.0,60.0,10.0,0,2,12,11,21.600000000000023,2.7000000000000455,12.14,31.772062301635742,-4.6614,False,False,57.5
mOrange,30.0,60.0,10.0,0,3,12,13,40.60000000000002,35.299999999999955,37.99,28.67380714416504,-3.7123,True,False,57.5
mOrange,30.0,60.0,10.0,1,1,12,11,45.10000000000002,44.89999999999998,45.02,30.78563690185547,-4.4507,False,False,57.5
mOrange,30.0,60.0,10.0,1,2,12,15,37.60000000000002,37.60000000000002,37.58,33.35650634765625,-3.8592,False,False,57.5
mOrange,30.0,60.0,10.0,1,3,12,13,42.60000000000002,39.39999999999998,40.96,36.79146957397461,-1.1776,False,False,57.5
mOrange,30.0,60.0,10.0,2,1,12,10,46.39999999999998,42.299999999999955,44.31,27.14621925354004,-4.4247,True,False,57.5
mOrange,30.0,60.0,10.0,2,2,12,14,27.5,15.5,21.48,31.888917922973633,-2.6007,False,False,57.5
mOrange,30.0,60.0,10.0,2,3,12,11,33.200000000000045,14.100000000000023,23.68,28.82196044921875,0.8358,True,True,57.5
mOrange,30.0,60.0,10.0,3,1,12,12,47.0,46.60000000000002,46.8,32.168601989746094,-3.8385,False,False,57.5
mOrange,30.0,60.0,10.0,3,2,12,12,42.80000000000001,43.89999999999998,43.34,40.69894027709961,-3.5015,False,False,57.5
mOrange,30.0,60.0,10.0,3,3,12,12,40.0,40.700000000000045,40.32,40.469425201416016,-4.1637,False,False,57.5
mOrange,30.0,60.0,10.0,4,1,12,12,44.39999999999998,42.700000000000045,43.56,32.62689208984375,-1.6534,False,False,57.5
mOrange,30.0,60.0,10.0,4,2,12,12,39.30000000000001,31.899999999999977,35.6,28.432010650634766,-2.6427,True,False,57.5
mOrange,30.0,60.0,10.0,4,3,12,10,32.89999999999998,17.600000000000023,25.26,30.398794174194336,0.1784,False,True,57.5
mOrange,30.0,60.0,10.0,5,1,12,7,45.80000000000001,43.60000000000002,44.7,32.56890106201172,-4.6336,False,False,57.5
mOrange,30.0,60.0,10.0,5,2,12,11,42.80000000000001,41.10000000000002,41.99,37.9549446105957,-5.2232,False,False,57.5
mOrange,30.0,60.0,10.0,5,3,12,12,46.30000000000001,43.10000000000002,44.69,31.635902404785156,-4.4397,False,False,57.5
mOrange,30.0,60.0,10.0,6,1,12,13,39.80000000000001,39.5,39.66,41.69429397583008,-5.9436,False,False,57.5
mOrange,30.0,60.0,10.0,6,2,12,11,36.10000000000002,35.0,35.58,33.24654769897461,-5.7653,False,False,57.5
mOrange,30.0,60.0,10.0,6,3,12,11,27.399999999999977,14.600000000000023,21.03,32.155128479003906,-2.7571,False,False,57.5
mOrange,30.0,60.0,10.0,7,1,12,8,40.30000000000001,39.10000000000002,39.7,29.334026336669922,-2.6814,True,False,57.5
mOrange,30.0,60.0,10.0,7,2,12,12,36.60000000000002,35.89999999999998,36.29,32.95453643798828,-4.8203,False,False,57.5
mOrange,30.0,60.0,10.0,7,3,12,10,34.299999999999955,23.5,28.91,26.197763442993164,-1.7836,True,False,57.5
mOrange,30.0,60.0,10.0,8,1,12,13,42.10000000000002,38.799999999999955,40.47,29.249296188354492,-2.7935,True,False,57.5
mOrange,30.0,60.0,10.0,8,2,12,16,38.10000000000002,33.89999999999998,35.97,34.46643829345703,-2.9805,False,False,57.5
mOrange,30.0,60.0,10.0,8,3,12,15,32.799999999999955,24.799999999999955,28.8,33.86547088623047,-3.9871,False,False,57.5
mOrange,30.0,60.0,10.0,9,1,12,9,43.80000000000001,43.200000000000045,43.5,28.938962936401367,-4.4417,True,False,57.5
mOrange,30.0,60.0,10.0,9,2,12,12,43.30000000000001,41.200000000000045,42.24,30.47356414794922,-1.3613,False,False,57.5
mOrange,30.0,60.0,10.0,9,3,12,10,28.899999999999977,15.399999999999977,22.18,29.349088668823242,-1.5559,True,False,57.5
mOrange,30.0,60.0,10.0,10,1,12,12,40.19999999999999,37.89999999999998,39.08,27.63624382019043,-4.1144,True,False,57.5
mOrange,30.0,60.0,10.0,10,2,12,12,39.80000000000001,36.5,38.15,28.747337341308594,-3.4701,True,False,57.5
mOrange,30.0,60.0,10.0,10,3,12,9,41.39999999999998,39.0,40.18,24.312904357910156,-3.2604,True,False,57.5
mOrange,30.0,60.0,10.0,11,1,12,8,41.69999999999999,38.700000000000045,40.17,28.483469009399414,-0.7148,True,False,57.5
mOrange,30.0,60.0,10.0,11,2,12,9,32.200000000000045,24.399999999999977,28.3,28.947736740112305,0.7977,True,True,57.5
EBFP,30.0,60.0,15.0,0,1,12,15,18.899999999999977,22.69999999999999,20.82,43.36885452270508,-7.6255,False,False,87.5
EBFP,30.0,60.0,15.0,0,2,12,16,19.30000000000001,19.69999999999999,19.48,36.866127014160156,-4.6046,False,False,87.5
EBFP,30.0,60.0,15.0,0,3,12,13,11.300000000000011,31.399999999999977,21.35,32.80595779418945,-5.27,False,False,87.5
EBFP,30.0,60.0,15.0,1,1,12,11,44.60000000000002,31.19999999999999,37.91,27.282739639282227,1.4348,True,True,87.5
EBFP,30.0,60.0,15.0,1,2,12,10,40.69999999999999,28.69999999999999,34.69,24.375234603881836,3.0433,True,True,87.5
EBFP,30.0,60.0,15.0,1,3,12,11,32.10000000000002,29.399999999999977,30.76,25.279356002807617,2.8537,True,True,87.5
EBFP,30.0,60.0,15.0,2,1,12,10,39.0,32.19999999999999,35.6,29.458255767822266,-0.5837,True,False,87.5
EBFP,30.0,60.0,15.0,2,2,12,11,37.10000000000002,28.80000000000001,32.94,25.08342170715332,4.8891,True,True,87.5
EBFP,30.0,60.0,15.0,2,3,12,8,38.60000000000002,28.30000000000001,33.4,25.526142120361328,4.2396,True,True,87.5
EBFP,30.0,60.0,15.0,3,1,12,11,37.10000000000002,32.30000000000001,34.71,29.834701538085938,-2.0455,True,False,87.5
EBFP,30.0,60.0,15.0,3,2,12,9,36.89999999999998,27.0,31.95,25.07037353515625,3.7437,True,True,87.5
EBFP,30.0,60.0,15.0,3,3,12,10,25.899999999999977,27.80000000000001,26.82,34.73659896850586,0.2865,False,True,87.5
EBFP,30.0,60.0,15.0,4,1,12,9,38.69999999999999,29.19999999999999,33.96,23.759288787841797,2.9416,True,True,87.5
EBFP,30.0,60.0,15.0,4,2,12,9,34.60000000000002,27.5,31.05,25.661561965942383,0.9795,True,True,87.5
EBFP,30.0,60.0,15.0,4,3,12,13,0.10000000000002274,0.30000000000001137,0.23,30.659990310668945,-5.4754,False,False,87.5
EBFP,30.0,60.0,15.0,5,1,12,10,45.0,31.69999999999999,38.32,30.381526947021484,-0.1613,False,False,87.5
EBFP,30.0,60.0,15.0,5,2,12,12,30.80000000000001,36.89999999999998,33.84,30.64679718017578,1.4052,False,True,87.5
EBFP,30.0,60.0,15.0,5,3,12,10,25.899999999999977,35.19999999999999,30.58,30.95119857788086,3.6377,False,True,87.5
EBFP,30.0,60.0,15.0,6,1,12,10,42.30000000000001,31.69999999999999,37.0,29.161998748779297,2.6428,True,True,87.5
EBFP,30.0,60.0,15.0,6,2,12,10,34.5,27.30000000000001,30.89,26.828054428100586,4.2657,True,True,87.5
EBFP,30.0,60.0,15.0,6,3,12,10,32.89999999999998,26.100000000000023,29.48,25.455854415893555,3.1394,True,True,87.5
EBFP,30.0,60.0,15.0,7,1,12,11,38.0,24.100000000000023,31.05,26.353368759155273,-2.7856,True,False,87.5
EBFP,30.0,60.0,15.0,7,2,12,10,27.0,18.30000000000001,22.69,26.704391479492188,-2.4326,True,False,87.5
EBFP,30.0,60.0,15.0,7,3,12,11,47.30000000000001,31.80000000000001,39.55,25.366127014160156,3.6192,True,True,87.5
EBFP,30.0,60.0,15.0,8,1,12,10,34.30000000000001,27.5,30.94,31.413490295410156,1.5154,False,True,87.5
EBFP,30.0,60.0,15.0,8,2,12,8,37.19999999999999,29.69999999999999,33.47,27.139286041259766,2.6027,True,True,87.5
EBFP,30.0,60.0,15.0,8,3,12,8,36.89999999999998,28.600000000000023,32.75,29.40586280822754,3.108,True,True,87.5
EBFP,30.0,60.0,15.0,9,1,12,11,34.30000000000001,23.100000000000023,28.72,30.582679748535156,-2.9777,False,False,87.5
EBFP,30.0,60.0,15.0,9,2,12,10,40.0,27.69999999999999,33.88,32.14381408691406,2.714,False,True,87.5
EBFP,30.0,60.0,15.0,9,3,12,10,22.0,33.0,27.48,32.00563430786133,2.0093,False,True,87.5
EBFP,30.0,60.0,15.0,10,1,12,12,17.899999999999977,22.0,19.92,31.654136657714844,-1.859,False,False,87.5
EBFP,30.0,60.0,15.0,10,2,12,12,25.19999999999999,20.399999999999977,22.81,31.543046951293945,0.9213,False,True,87.5
EBFP,30.0,60.0,15.0,10,3,12,11,19.30000000000001,16.399999999999977,17.86,31.335968017578125,3.6348,False,True,87.5
EBFP,30.0,60.0,15.0,11,1,12,10,47.5,32.80000000000001,40.15,26.921127319335938,-0.7884,True,False,87.5
EBFP,30.0,60.0,15.0,11,2,12,12,28.30000000000001,27.30000000000001,27.81,30.13970184326172,0.1049,True,True,87.5
EBFP,30.0,60.0,15.0,11,3,12,12,36.60000000000002,30.0,33.31,29.35403823852539,3.0868,True,True,87.5
mOrange,30.0,60.0,15.0,0,1,12,9,40.5,36.799999999999955,38.63,20.82284927368164,-4.2878,True,False,57.5
mOrange,30.0,60.0,15.0,0,2,12,11,30.5,21.600000000000023,26.05,32.3599853515625,-2.4025,False,False,57.5
mOrange,30.0,60.0,15.0,0,3,12,6,66.19999999999999,44.0,55.1,29.100765228271484,0.5783,True,True,57.5
mOrange,30.0,60.0,15.0,1,1,12,11,45.10000000000002,44.89999999999998,45.02,30.78563690185547,-4.4507,False,False,57.5
mOrange,30.0,60.0,15.0,1,2,12,14,36.39999999999998,39.0,37.7,37.61296081542969,-4.1686,False,False,57.5
mOrange,30.0,60.0,15.0,1,3,12,10,40.80000000000001,33.5,37.14,31.316938400268555,-3.41,False,False,57.5
mOrange,30.0,60.0,15.0,2,1,12,9,43.89999999999998,42.5,43.23,31.06228256225586,-4.4081,False,False,57.5
mOrange,30.0,60.0,15.0,2,2,12,11,44.89999999999998,47.39999999999998,46.14,28.96323585510254,-3.4855,True,False,57.5
mOrange,30.0,60.0,15.0,2,3,12,10,45.30000000000001,47.5,46.39,28.238861083984375,-3.6416,True,False,57.5
mOrange,30.0,60.0,15.0,3,1,12,9,47.80000000000001,46.799999999999955,47.34,31.26250648498535,-4.5526,False,False,57.5
mOrange,30.0,60.0,15.0,3,2,12,11,41.5,43.200000000000045,42.39,39.04876708984375,-4.7844,False,False,57.5
mOrange,30.0,60.0,15.0,3,3,12,9,40.69999999999999,42.0,41.36,40.54985809326172,-4.8481,False,False,57.5
mOrange,30.0,60.0,15.0,4,1,12,12,44.39999999999998,42.700000000000045,43.56,32.62689208984375,-1.6534,False,False,57.5
mOrange,30.0,60.0,15.0,4,2,12,10,47.5,45.39999999999998,46.48,29.953479766845703,-0.8213,True,False,57.5
mOrange,30.0,60.0,15.0,4,3,12,8,24.600000000000023,14.200000000000045,19.41,27.135814666748047,-1.1827,True,False,57.5
mOrange,30.0,60.0,15.0,5,1,12,9,50.60000000000002,46.200000000000045,48.4,33.603843688964844,-5.7569,False,False,57.5
mOrange,30.0,60.0,15.0,5,2,12,9,48.60000000000002,44.299999999999955,46.45,35.71871566772461,-5.3639,False,False,57.5
mOrange,30.0,60.0,15.0,5,3,12,10,42.19999999999999,41.39999999999998,41.8,36.36101150512695,-5.0568,False,False,57.5
mOrange,30.0,60.0,15.0,6,1,12,10,44.30000000000001,42.60000000000002,43.43,32.9019889831543,-3.8275,False,False,57.5
mOrange,30.0,60.0,15.0,6,2,12,10,28.700000000000045,19.600000000000023,24.18,31.995100021362305,-1.2017,False,False,57.5
mOrange,30.0,60.0,15.0,6,3,12,11,36.19999999999999,23.299999999999955,29.74,31.858610153198242,-2.5458,False,False,57.5
mOrange,30.0,60.0,15.0,7,1,12,8,40.30000000000001,39.10000000000002,39.7,29.334026336669922,-2.6814,True,False,57.5
mOrange,30.0,60.0,15.0,7,2,12,11,37.10000000000002,36.60000000000002,36.87,32.029659271240234,-4.744,False,False,57.5
mOrange,30.0,60.0,15.0,7,3,12,7,34.799999999999955,26.5,30.67,33.9933967590332,-0.2782,False,False,57.5
mOrange,30.0,60.0,15.0,8,1,12,13,42.10000000000002,38.799999999999955,40.47,29.249296188354492,-2.7935,True,False,57.5
mOrange,30.0,60.0,15.0,8,2,12,14,38.69999999999999,35.799999999999955,37.25,39.7889289855957,-3.3104,False,False,57.5
mOrange,30.0,60.0,15.0,8,3,12,12,40.30000000000001,38.200000000000045,39.26,30.001169204711914,-0.3446,True,False,57.5
mOrange,30.0,60.0,15.0,9,1,12,8,45.10000000000002,43.39999999999998,44.24,24.128755569458008,-4.4335,True,False,57.5
mOrange,30.0,60.0,15.0,9,2,12,10,27.299999999999955,13.700000000000045,20.52,26.360763549804688,-3.8426,True,False,57.5
mOrange,30.0,60.0,15.0,9,3,12,9,40.5,29.100000000000023,34.83,27.637149810791016,1.1705,True,True,57.5
mOrange,30.0,60.0,15.0,10,1,12,12,40.19999999999999,37.89999999999998,39.08,27.63624382019043,-4.1144,True,False,57.5
mOrange,30.0,60.0,15.0,10,2,12,9,56.69999999999999,49.60000000000002,53.13,24.556472778320312,-2.8716,True,False,57.5
mOrange,30.0,60.0,15.0,10,3,12,10,54.10000000000002,46.799999999999955,50.45,30.228851318359375,-3.004,False,False,57.5
mOrange,30.0,60.0,15.0,11,1,12,7,36.5,31.299999999999955,33.91,28.160938262939453,-1.1938,True,False,57.5
mOrange,30.0,60.0,15.0,11,2,12,7,42.80000000000001,13.799999999999955,28.3,27.228242874145508,-0.3186,True,False,57.5
mOrange,30.0,60.0,15.0,11,3,12,7,47.19999999999999,16.5,31.86,27.30525016784668,1.0874,True,True,57.5
EBFP,30.0,60.0,20.0,0,1,12,15,18.899999999999977,22.69999999999999,20.82,43.36885452270508,-7.6255,False,False,87.5
EBFP,30.0,60.0,20.0,0,2,12,14,24.100000000000023,19.899999999999977,22.02,37.92928695678711,-5.1484,False,False,87.5
EBFP,30.0,60.0,20.0,0,3,12,9,31.69999999999999,26.30000000000001,29.0,33.12527084350586,-4.8,False,False,87.5
EBFP,30.0,60.0,20.0,1,1,12,11,44.60000000000002,31.19999999999999,37.91,27.282739639282227,1.4348,True,True,87.5
EBFP,30.0,60.0,20.0,1,2,12,10,40.69999999999999,28.69999999999999,34.69,24.375234603881836,3.0433,True,True,87.5
EBFP,30.0,60.0,20.0,1,3,12,11,32.10000000000002,29.399999999999977,30.76,25.279356002807617,2.8537,True,True,87.5
EBFP,30.0,60.0,20.0,2,1,12,8,39.39999999999998,31.19999999999999,35.27,25.915931701660156,-0.209,True,False,87.5
EBFP,30.0,60.0,20.0,2,2,12,9,40.80000000000001,29.100000000000023,34.93,29.073101043701172,-2.2472,True,False,87.5
EBFP,30.0,60.0,20.0,2,3,12,10,33.60000000000002,31.69999999999999,32.65,32.46328353881836,-2.2692,False,False,87.5
EBFP,30.0,60.0,20.0,3,1,12,9,43.10000000000002,33.30000000000001,38.19,32.63027572631836,-1.6086,False,False,87.5
EBFP,30.0,60.0,20.0,3,2,12,10,32.39999999999998,24.80000000000001,28.59,27.894933700561523,-0.5989,True,False,87.5
EBFP,30.0,60.0,20.0,3,3,12,9,31.80000000000001,24.399999999999977,28.1,26.100696563720703,2.048,True,True,87.5
EBFP,30.0,60.0,20.0,4,1,12,9,38.69999999999999,29.19999999999999,33.96,23.759288787841797,2.9416,True,True,87.5
EBFP,30.0,60.0,20.0,4,2,12,9,34.60000000000002,27.5,31.05,25.661561965942383,0.9795,True,True,87.5
EBFP,30.0,60.0,20.0,4,3,12,9,37.0,29.399999999999977,33.19,24.005870819091797,3.1549,True,True,87.5
EBFP,30.0,60.0,20.0,5,1,12,10,45.0,31.69999999999999,38.32,30.381526947021484,-0.1613,False,False,87.5
EBFP,30.0,60.0,20.0,5,2,12,12,30.80000000000001,36.89999999999998,33.84,30.64679718017578,1.4052,False,True,87.5
EBFP,30.0,60.0,20.0,5,3,12,10,25.899999999999977,35.19999999999999,30.58,30.95119857788086,3.6377,False,True,87.5
EBFP,30.0,60.0,20.0,6,1,12,7,43.0,31.600000000000023,37.28,23.459402084350586,4.2211,True,True,87.5
EBFP,30.0,60.0,20.0,6,2,12,9,33.69999999999999,31.30000000000001,32.49,31.894657135009766,3.029,False,True,87.5
EBFP,30.0,60.0,20.0,6,3,12,9,29.80000000000001,30.600000000000023,30.22,27.47240447998047,2.5726,True,True,87.5
EBFP,30.0,60.0,20.0,7,1,12,10,27.899999999999977,17.69999999999999,22.8,28.929468154907227,-3.372,True,False,87.5
EBFP,30.0,60.0,20.0,7,2,12,9,37.30000000000001,28.5,32.89,27.607513427734375,-0.3736,True,False,87.5
EBFP,30.0,60.0,20.0,8,1,12,10,34.30000000000001,27.5,30.94,31.413490295410156,1.5154,False,True,87.5
EBFP,30.0,60.0,20.0,8,2,12,8,37.19999999999999,29.69999999999999,33.47,27.139286041259766,2.6027,True,True,87.5
EBFP,30.0,60.0,20.0,8,3,12,8,36.89999999999998,28.600000000000023,32.75,29.40586280822754,3.108,True,True,87.5
EBFP,30.0,60.0,20.0,9,1,12,8,34.60000000000002,25.5,30.02,25.620115280151367,1.9761,True,True,87.5
EBFP,30.0,60.0,20.0,9,2,12,11,37.30000000000001,30.100000000000023,33.72,33.08061218261719,0.9316,False,True,87.5
EBFP,30.0,60.0,20.0,9,3,12,6,41.89999999999998,32.0,36.94,29.764976501464844,1.3311,True,True,87.5
EBFP,30.0,60.0,20.0,10,1,12,10,17.69999999999999,24.5,21.11,32.449562072753906,-3.2898,False,False,87.5
EBFP,30.0,60.0,20.0,10,2,12,10,27.80000000000001,21.5,24.64,35.75221252441406,-3.19,False,False,87.5
EBFP,30.0,60.0,20.0,10,3,12,10,28.399999999999977,33.39999999999998,30.94,29.32774543762207,-0.9832,True,False,87.5
EBFP,30.0,60.0,20.0,11,1,12,10,47.5,32.80000000000001,40.15,26.921154022216797,-0.7884,True,False,87.5
EBFP,30.0,60.0,20.0,11,2,12,11,26.399999999999977,31.69999999999999,29.02,29.074411392211914,2.2025,True,True,87.5
EBFP,30.0,60.0,20.0,11,3,12,11,24.600000000000023,33.60000000000002,29.07,26.82556915283203,1.6771,True,True,87.5
mOrange,30.0,60.0,20.0,0,1,12,5,58.30000000000001,53.80000000000001,56.06,17.705263137817383,-4.969,True,False,57.5
mOrange,30.0,60.0,20.0,0,2,12,9,38.80000000000001,36.0,37.41,26.619304656982422,-2.3043,True,False,57.5
mOrange,30.0,60.0,20.0,0,3,12,6,44.39999999999998,15.399999999999977,29.9,25.975353240966797,-0.4041,True,False,57.5
mOrange,30.0,60.0,20.0,1,1,12,11,45.10000000000002,44.89999999999998,45.02,30.78563690185547,-4.4507,False,False,57.5
mOrange,30.0,60.0,20.0,1,2,12,13,37.60000000000002,39.39999999999998,38.5,36.70121383666992,-4.2618,False,False,57.5
mOrange,30.0,60.0,20.0,1,3,12,13,31.100000000000023,19.200000000000045,25.15,35.384918212890625,-3.6741,False,False,57.5
mOrange,30.0,60.0,20.0,2,1,12,8,43.89999999999998,43.89999999999998,43.9,26.058320999145508,-5.8883,True,False,57.5
mOrange,30.0,60.0,20.0,2,2,12,10,41.69999999999999,45.700000000000045,43.73,31.074859619140625,-4.6333,False,False,57.5
mOrange,30.0,60.0,20.0,2,3,12,12,37.60000000000002,29.5,33.56,29.250701904296875,-2.5034,True,False,57.5
mOrange,30.0,60.0,20.0,3,1,12,9,47.80000000000001,46.799999999999955,47.34,31.26250648498535,-4.5526,False,False,57.5
mOrange,30.0,60.0,20.0,3,2,12,10,43.89999999999998,45.200000000000045,44.53,38.7087287902832,-4.4458,False,False,57.5
mOrange,30.0,60.0,20.0,3,3,12,9,43.19999999999999,44.200000000000045,43.72,38.29475784301758,-4.6434,False,False,57.5
mOrange,30.0,60.0,20.0,4,1,12,8,54.10000000000002,50.30000000000001,52.17,19.762361526489258,-3.1449,True,False,57.5
mOrange,30.0,60.0,20.0,4,2,12,8,56.5,53.30000000000001,54.94,27.79315948486328,-3.8476,True,False,57.5
mOrange,30.0,60.0,20.0,4,3,12,12,41.39999999999998,42.10000000000002,41.72,30.776037216186523,-3.685,False,False,57.5
mOrange,30.0,60.0,20.0,5,1,12,9,50.60000000000002,46.200000000000045,48.4,33.603843688964844,-5.7569,False,False,57.5
mOrange,30.0,60.0,20.0,5,2,12,9,47.30000000000001,43.60000000000002,45.44,39.4589958190918,-5.1502,False,False,57.5
mOrange,30.0,60.0,20.0,5,3,12,8,44.19999999999999,45.5,44.84,37.3011474609375,-4.5896,False,False,57.5
mOrange,30.0,60.0,20.0,6,1,12,10,44.30000000000001,42.60000000000002,43.43,32.9019889831543,-3.8275,False,False,57.5
mOrange,30.0,60.0,20.0,6,2,12,5,57.80000000000001,38.0,47.87,24.709863662719727,1.0427,True,True,57.5
mOrange,30.0,60.0,20.0,6,3,12,8,49.60000000000002,23.200000000000045,36.4,26.329069137573242,1.2459,True,True,57.5
mOrange,30.0,60.0,20.0,7,1,12,7,43.30000000000001,43.200000000000045,43.26,27.127965927124023,-5.0287,True,False,57.5
mOrange,30.0,60.0,20.0,7,2,12,11,39.0,36.299999999999955,37.65,31.412921905517578,-2.4891,False,False,57.5
mOrange,30.0,60.0,20.0,7,3,12,10,30.0,19.0,24.5,29.16656494140625,-1.9431,True,False,57.5
mOrange,30.0,60.0,20.0,8,1,12,8,45.69999999999999,43.700000000000045,44.74,22.70025634765625,-5.4675,True,False,57.5
mOrange,30.0,60.0,20.0,8,2,12,10,41.60000000000002,41.700000000000045,41.63,30.40638542175293,-4.0991,False,False,57.5
mOrange,30.0,60.0,20.0,8,3,12,8,42.60000000000002,40.5,41.53,27.076919555664062,-4.0278,True,False,57.5
mOrange,30.0,60.0,20.0,9,2,12,8,54.69999999999999,48.700000000000045,51.67,28.642946243286133,-4.4931,True,False,57.5
mOrange,30.0,60.0,20.0,9,3,12,9,36.60000000000002,33.700000000000045,35.15,31.857994079589844,-5.9148,False,False,57.5
mOrange,30.0,60.0,20.0,10,1,12,9,46.30000000000001,45.5,45.91,27.521087646484375,-5.798,True,False,57.5
mOrange,30.0,60.0,20.0,10,2,12,8,46.5,44.60000000000002,45.54,32.631065368652344,-4.504,False,False,57.5
mOrange,30.0,60.0,20.0,10,3,12,7,40.19999999999999,42.10000000000002,41.14,36.773468017578125,-5.2595,False,False,57.5
mOrange,30.0,60.0,20.0,11,1,12,7,36.5,31.299999999999955,33.91,28.16096305847168,-1.1938,True,False,57.5
mOrange,30.0,60.0,20.0,11,2,12,7,42.80000000000001,13.799999999999955,28.3,27.228139877319336,-0.3186,True,False,57.5
mOrange,30.0,60.0,20.0,11,3,12,7,47.19999999999999,16.5,31.86,27.305139541625977,1.0874,True,True,57.5
