slug	PC1	PC2	PC3	PC4	PC5	PC6	PC7	PC8	PC9	PC10
10b	12.441929036101923	1.089207805954773	0.7963192704594569	-0.09785529033924187	-0.29225665438405996	0.08119322701786827	0.4233785438884557	-0.07083925443775643	0.3619815132108438	0.6400572541977322
11	11.971686632794992	0.7175171167038036	0.9309816418644481	-0.4071169034088142	0.03625475308315451	0.08917688226378337	-0.001785469887211847	0.1834653786171899	1.1068585363395325	1.2012027269845142
22g	-5.789722132751557	-1.8595112868823316	9.109029353376794	-3.5534268962733044	-3.4005853852549732	0.6730395867177269	-0.7408139829130012	-2.1872358647572137	-0.8834327115899883	-2.5599296046664426
3-ftyr-egfp	12.452890089286642	1.2575190675704415	0.8365170018219911	0.09391256484738282	-0.25112862953883414	0.6289741955442137	0.6854006023065321	-0.06582225900950725	0.5253426918338329	0.679534410331431
5b	12.286314725074376	1.1320244593788806	0.6992451663508845	0.08046879346380106	0.210765955942651	0.4549040115028749	0.16448960086587985	-0.12289769579510643	0.6122861054716396	0.43255739180851704
6c	12.45551286402673	1.07086761338401	0.7553465479298842	0.05003122292876877	0.04832780023410406	0.29995095041798353	0.3679089133054688	0.30354221594587977	0.47884266969075856	0.4847510151921782
a1a	-3.2687895052574234	-5.476906014560763	-1.1441680363254936	-1.9770766913611852	6.941459872290264	0.38740371333295015	0.2342945719936941	4.503435881366977	15.41716618134558	2.8750134610432516
a44-kr	-2.518515388111414	-7.640596680771797	-4.492955257266863	-1.568378789231019	1.367865260890617	-2.0113635320740935	1.3926994720425507	3.095967778380186	-3.396239839328423	3.24299803986924
aacucp	-6.149498686509338	3.0826625747894645	-0.9354738486674954	-2.261964453480875	5.442947209465382	-4.259416106636311	12.870573262228364	-5.861751134784244	-2.234107111375625	5.641574300176296
aacugfp1	-3.8722851337729005	-1.62010218442843	0.6387440222666195	-1.9086340906343267	5.28814110242975	0.33940080831271796	3.1561186057338233	2.2429769602730403	0.09665372116333573	-7.293760397101157
aacugfp2	-4.654646056144336	-4.288378957175296	1.8111387843398274	-1.7990246398569103	6.644658810570292	0.7403945164490586	4.42350251458449	2.2640808772360717	0.09295969592988287	-9.767076471485364
aausfp1	2.1781439954627677	-3.784485753301525	-0.4994410083392806	-1.91487221328835	2.86118477258548	-1.3626770105532904	-0.09982463928216632	-1.0139891965065584	-3.8789449830791796	-0.2505790329754963
aausfp2	-1.7453204098292507	-5.439150706390014	-1.8115685367240884	-0.023755127140625828	1.9544982721483974	-5.398602486412633	-1.1074784088325589	-2.1512207498610088	-4.498702784005975	2.0674191633708574
aausfp3	-1.2813903249169203	-4.0058822196868995	-2.3248603601918476	-0.8517054844979774	1.8237742116289049	-4.27957020691889	-0.11745728340551183	-1.4169700295668777	-3.681230477609468	4.088568406275271
aausfp4	-1.6028622526055962	-3.4055680783295714	-2.831305934036679	-1.2129336238194917	1.0059733173940826	-3.1850575153639724	0.829906743054199	0.1805610670810704	-1.2473331658584113	0.7264295707954316
aausgfp	6.663395512884084	-1.0523436106772444	-0.49216156296672536	-0.06633234905764614	1.0415872388270335	-1.0255999472474724	0.6942348805363506	1.080697759803876	0.34604362695661495	0.6206165672566053
acanfp	-6.25978359253518	-1.0131234701182608	8.672913970525224	-2.3643049072354976	-2.859438787976409	1.5273459234134172	-0.4444345263896424	-1.700177703610961	1.165814983257307	-0.7022978425595354
acegfp	10.260442617767298	-0.5678068937715275	0.4623230209983351	-1.6385533782881807	-0.3517472751640713	-0.25939161003432865	0.5466529192559104	0.6946320314261885	0.6872324008617968	1.2418688496998533
acegfp-g222e-y220l	10.681484032697869	-0.2053217772374092	0.5866450317454477	-1.9208708297454176	-0.25460659736549585	-0.45660252014324954	0.7640592655056522	0.798782782828426	0.8945912704035826	1.2697018772101265
acegfp-h	10.338791596826372	-0.4756615227292093	0.4393815173893933	-1.6073669540940867	-0.4509332315182873	-0.1859767274745074	0.4361463197420375	0.7895994505637628	0.7588247517886801	1.3122862699639075
acgfp1	10.361529511894776	-0.43316282092082997	0.36477083882121675	-1.5944061022388278	-0.37267134473057195	-0.19785296739406302	0.3524322218910454	0.7673889884976561	0.8091088592793458	1.3381354040871107
achilles	11.164927966915508	0.7044692278952068	0.16667246886311815	0.13638966051377324	-0.8748021431084935	0.1840327927404214	-0.5799582304982851	0.24087124657720066	0.2655392861574968	0.46589041545466114
adred	-4.0333558769281215	-5.358480780662039	-1.9227920812507064	-1.772278690187154	6.587761932959765	-0.11044189371176626	0.783284293161958	4.253684419196174	15.306466973620772	2.5603353188052607
adred-c148s	-4.042467217352147	-5.21154908862181	-1.7176714010503191	-1.9983170903794025	6.9582766685040855	0.3795891479514693	0.6448066879967757	4.798797503061937	15.50882564041171	2.6211241014981432
aeblue	-6.666586048505372	-2.854032578939137	-0.05669038660597964	5.280563805734998	0.8462070902130631	-0.9826680967678392	2.4598379885869393	0.09008709809763671	1.0577621828225867	1.4897209662409796
aeurgfp	-4.251421895019462	-4.024833199391087	1.2866305203682158	-1.7968427709330497	6.463060870571029	0.16091266352044137	5.059571368910321	2.034246678747459	0.48205749645790613	-9.509136693891056
afcfp	-5.674710318687382	-1.4092835935617003	5.395366951037288	-1.4319807136280522	0.34098636200813104	-0.604811680263664	1.4561288675436457	-1.9748030084747463	-0.6460426850449938	-1.6003266407286194
afragfp	-4.972551648373106	-2.28309696789104	3.2004991028172305	-1.7771817358913644	1.1957087024679012	0.30956197020021503	0.7948556970008128	-0.4747827994310638	-0.7973207480177565	-1.568223776369979
ahyacp	-7.0027547443002724	2.5284237300123644	-1.4808253667312594	-1.9879901954593613	4.904086747345768	-3.497902557587831	12.47312165270938	-4.785188954285123	-1.8532564515698007	4.826948679409647
alajgfp1	-3.632786730516241	-2.1617235308022664	3.2913328397403476	-0.7666704993159917	1.1108984099337642	-1.998471011902717	3.127953033801479	2.6637206035306917	2.230568178793474	-2.774410242629755
alajgfp2	-3.7628970188010786	-1.5971722569561813	3.2147532769747347	-0.383315888077876	2.0064612550872236	-0.6679542522592579	0.9923714860936698	0.7640006195907635	3.0300611891922857	-3.351025325438387
alajgfp3	-4.607688987910905	-2.2170289594736423	2.0225546837000605	-1.278149034777667	2.5213510326767263	-1.2097991386083833	1.2056647358309949	2.689715702373896	0.48844568169614444	-4.170655039968988
amcyan1	-5.046214013805563	-3.40700268043291	3.865219122850128	-0.655859780548184	5.09521943805358	-1.5961205396497746	5.246931644696998	3.9345100068373733	1.5569474533573124	-4.081880873502257
amfp486	-4.549252116821256	-3.313650123618179	3.9929236221115083	-0.5546997877215798	5.172530499313925	-1.4904410335228915	5.740383202893652	3.827465613888712	1.077289477793874	-4.650077545498349
amfp495	-4.316920023545264	-3.0579544232115756	3.779345383758075	-0.1565129442283009	5.228423173630642	-1.2954875325908366	5.609890664346452	3.5778469614766526	1.0126801849934803	-4.35298181122446
amfp506	-4.644887077088899	-3.3686680590205893	3.8057855540585748	-0.455936025520753	5.175520361098283	-1.2078853478230944	5.675751243805631	3.831365290930018	0.8100379853604245	-4.3832666163389264
amfp515	-4.317366512995962	-3.190907476579018	3.693693700187558	-0.36267952081415683	5.042677489142067	-1.2827322220242554	5.739980854330141	3.6995608634872155	0.9186812803614433	-4.248575377338729
amilcp	-6.426182924053025	3.47937184476825	-1.0502411182215092	-2.1154078073112195	6.2952950953145965	-4.532727335172964	13.669952861225173	-5.076753065622265	-1.4935337864739033	5.161970244996056
amilcp580	-6.88512104180282	3.0212283098657373	-1.3704610277236196	-2.3515691941662893	5.534347518745946	-3.807757594362178	13.012181123583	-5.033577458491046	-1.8506195286030687	5.024330317609608
amilcp586	-6.580859178227212	2.8642587968209265	-1.8862696794400131	-2.4809508552004766	5.729828266061274	-4.230037467543156	12.913446394620118	-4.753770557746073	-1.2793338961013003	4.4490251316441976
amilcp604	-7.192466383758525	3.1130894149866872	-1.636440439497633	-2.4815188044478558	5.284506443458531	-4.609226780981984	12.197467893373267	-4.71163343800471	-0.7476507383444331	4.0136209118095065
amilcp-orange	-6.492839470863268	3.2289055322479934	-0.9424399105155294	-1.9286622400330482	5.864294586953031	-4.674001851218767	13.121850816816002	-4.593341893992968	-2.1209560653001143	5.3985811396817684
amilcp-pink	-6.469167173959454	3.240477075710692	-1.00392912649723	-2.0331935057736157	5.540261506384902	-4.9573721846723835	13.08782828214439	-5.188335208861435	-1.7205683865460881	4.688328156172754
amilfp484	-5.068770849453311	-3.298283751527666	1.0506836359515235	-2.745860852998455	5.336046793879812	1.157424091316028	5.489160890691343	1.7076952096123592	-0.0032258282972015065	-10.5678526559343
amilfp490	-5.397501881305221	-3.260238590377714	0.8844390253937141	-2.7025676299533368	5.5334673268943835	0.9161101155483097	5.541333208426252	1.7257979979171902	0.03845376497794379	-9.870553242818813
amilfp497	-4.94280010069194	-4.3323630248723415	1.6460724502201651	-2.6470256644971784	5.6745884144519865	1.2921743451535628	5.470204167108127	2.095753222260726	-0.32542061087062824	-10.387675622494644
amilfp504	-4.101498079841042	-4.470678476717949	1.2795348467364	-1.904308734634009	6.766734597844126	0.5477404751983646	3.9406623993684344	3.1637198224035137	0.22460393070872192	-10.1707437733853
amilfp512	-4.625685232713327	-3.940976508577021	1.5406152642259103	-1.371333413750167	6.688900454642861	0.17200612286107878	4.340987443965461	2.1070662082428213	-0.06221042559214265	-9.85510967224698
amilfp513	-4.369052588375104	-4.311811612179369	1.6579744227980389	-1.7407000130201378	6.681287658816347	0.6076238080715172	4.249342657222326	2.3786288098463584	0.19701208857922528	-10.04762662183927
amilfp593	-3.4043049563532044	-5.207739395149521	-0.893697927153355	-1.9251327968885859	7.3338317366973795	0.37246127992545286	0.440841922557766	4.706160747644565	15.00118606285669	2.9144701042908467
amilfp597	-3.318145555912883	-5.49037035069988	-0.8412435229636221	-1.9481880831614253	7.031241932463237	0.20957865935471964	0.6186889730603459	4.5798227837050645	15.271151863785025	2.837456504407174
amilgfp	-4.418688591173676	-4.124017516084973	1.3993515155627987	-1.8843566000298002	6.823668356747866	0.5444405123194012	3.6553916173134007	2.575931387443257	0.2916926329245139	-10.17928085055044
anm1gfp1	-1.778965352369043	-4.8105048001417785	-1.7671075449877656	0.28091652054156846	0.3530630054568347	0.7381966592818334	0.34922604770469867	1.2234069009542237	-2.1248499955251132	0.23592829199775006
anm1gfp2	0.1021900181434037	-3.329327682251206	-2.3289237846973276	-1.7083091697200596	2.956846049114434	-0.5381803482564955	-0.28087822522764966	-0.888446854591845	-3.555916628886919	0.017140663623157422
anm2cp	-2.8024262160557147	-8.440403517143613	-2.909060213101546	-1.387727379183344	1.9875273811674994	-1.5270023760146312	2.282519948129653	2.1742232399036943	-3.9001953618069343	3.4367073362646665
anobcfp1	-5.511692505562009	-3.8797722433003994	1.0476853435983455	-2.4809904585390044	5.553375269041769	0.8943305499858879	5.166087574048582	1.729360221092419	-0.07901150285528348	-10.054801224385601
anobcfp2	-5.2871598368454205	-3.860449854073697	0.7805407675388222	-2.0507999280399702	5.676014359116142	0.4847531749230675	5.19033889217934	1.8435686289618292	-0.1118773115901473	-9.782611653362677
anobgfp	-4.643909904535498	-4.136875674311262	1.5650995619629118	-1.515061346055256	6.404976637563157	-0.19672400328053777	4.436533119229534	2.1970611212100994	-0.5222556893153024	-9.340833925509017
apulcp584	-6.625777514122403	3.075256497427746	-1.6624061490426627	-2.188303301688651	6.315615677525527	-4.841456148194739	13.713178617344658	-4.929054413859184	-1.5642297796898719	4.8051710614089025
apulfp483	-5.5320176299041055	-3.6012280672227988	1.2510395897392679	-2.5583806900026858	5.595751633480618	1.2364170979965021	5.068522335954411	1.7626015976192253	-0.06739715435007164	-10.083458951026245
aq14	-6.7467113432459564	-2.5021553806056827	-0.27218140354352444	4.791470564702364	0.13323341351916598	-0.899371271061233	2.2319234884059105	-0.17310361745764152	0.9931692130436621	1.0028331595244209
aq143	-6.719857347999071	-2.659926414667092	-0.3222541141343216	4.581597483807001	0.20801382997284076	-0.798988786931401	1.7400132138860864	-0.6690694365674859	0.8832914452714861	1.0133972687422876
aquamarine	12.263467052407515	0.9504820436833912	0.41601121418618425	-0.3354911125477533	-0.8385751430679887	-0.11877251768311538	-0.013649972265655582	-0.1830186517933495	0.9308215549592231	0.9971673702936518
ascp562	-5.529352806268846	-1.9621457690140642	1.2834581415844941	5.28677760150366	0.8826249573701824	-0.03539869408710548	-0.27036174148881553	-0.294145272362164	2.0013970302163644	-1.3956353992471906
asfp499	-5.9669371340098625	-2.2507476847662975	0.7571979756323273	2.081694747981067	0.3269836033061427	1.6603377864618907	-1.08057636714064	-0.5457725474648506	-1.3319219619781069	0.28481656087211277
asred2	-5.1768816983977315	-2.6794420954201192	1.020372093722071	4.868043126350984	1.248702945420331	-0.2837899580620401	-1.0349384266847534	-0.21694127249866207	1.5749152420358783	-1.078576960618358
asulcp	-5.382572828543284	-1.7970905507171653	0.8834766999401421	5.494546648638207	1.081515186314552	0.31332728324106124	0.10797280749380028	0.3908645252832057	2.1485034031731858	-1.542630478135548
atenfp	-5.120365432339037	-4.002825793509704	-0.6777399554552584	-1.7054771509244553	5.445194555968493	0.12181450415215306	3.4490175785043355	2.2870046784950198	0.4505129174555224	-9.019044222361087
avgfp	12.30660190969111	1.2263382715358548	0.7487287244798108	-0.14045612277901362	-0.14158555877160567	0.19494776522562268	0.33852389074584116	0.36028911642779454	0.5675611248056904	0.5652502937475947
avgfp454	12.09183251202135	1.0044237993189447	0.533936654213999	-0.23616714734898794	-0.13280432760593072	0.035157283033774536	0.30798888567856975	0.5616876090938685	0.38120844056948006	0.7031563351741983
avgfp480	12.605704307615852	1.550282091622016	0.33773846479487507	-0.28766589992517405	-0.8894622913308735	0.0016990351895014174	0.09077659606766932	-0.006545054805843972	0.4628536923244507	0.7824026828493483
avicfp1	7.853664208327347	-0.3956558606370534	0.624325203038629	-2.0404643254569215	0.1434522985598874	-1.5130336511066191	-0.09167314779846195	0.653680549855556	-0.21459995414861768	0.5358646280172806
avicfp2	-1.2411728557248973	-4.075958307167293	-2.685480686849447	-0.9768147366775497	3.065458161481368	-4.314514235051592	1.3184923926534735	0.23274949564843075	-3.055603564734642	3.5897457332345915
avicfp3	-1.4869718430414407	-4.513843173655065	-2.696725395780944	-0.5672115205188598	2.7140924381958444	-3.7681435571410336	2.3311622319747243	0.347495550970327	-3.014887830502586	3.815213642458415
avicfp4	0.8894265170462413	-3.204387601179537	-1.3419850061437895	-0.3622283621888868	1.9840591509497265	-0.9121700105412357	1.4115262626360736	-0.28192646985718056	-3.73061709318205	0.004548695107249643
azaleab5	-5.670996413577232	1.7068810186811392	0.3413719403311773	-0.02561558299448644	2.229202096471115	-1.0681924627183217	2.819620074439687	0.9255780324807324	-1.6237396620355458	1.4457826904653897
azamigreen	-6.239466572963169	-1.590034129227466	6.8515801345263405	-1.421626576863898	-0.068417986639136	0.2136138301262518	1.430444982010909	-1.7186136476132212	-1.179121140249926	-1.7275000338842368
azamired10	-6.703330286707209	0.7602154903793522	5.756693806907181	-0.7836591077240691	0.0345148586679803	0.621938040006427	-0.19116955141778108	-0.9352908424311563	-0.26379928480793285	-2.0692884935880644
azurite	12.054228105244231	1.3052037780643324	0.3064306717784483	-0.6222263743542257	0.16386241290427858	-0.12212948987358932	-0.0241817068043589	0.3499818118376988	0.3424215254248012	0.4638990379848712
bdfp16	-2.841177796211566	-7.1965246012976944	-4.879258784280484	-0.5216016154769261	-0.6805387948086123	-4.537804144516818	-3.271310065349817	2.061834867964993	0.43456231933087336	2.0471583464425533
bdfp18	-2.727583913698963	-6.8337021576182355	-4.337109612337103	-0.1586503485070067	-1.826588193844086	-4.907776044230923	-2.720340084229475	1.671773199231492	-0.33703942707989976	1.6627333424167459
bdfp20	-5.290199547271697	4.6425211941756	-4.2775067573460515	-2.5350736427528493	-0.9897120394411758	-1.587509447465993	-3.0862537474126905	1.0965544966897043	0.3630318764104522	0.7958077050915325
bflogfpa1	-3.2778294168102104	-4.063901467173249	-2.69248229943561	-0.025349271690644864	3.4856198267025804	-0.6493975802329177	-0.6261294514381134	3.8545312500060036	-4.834399121335501	-1.1321893771824834
bflogfpc1	-3.050279005234117	-6.565796148676388	-3.9547762515202405	-3.05972483315255	5.096544117312628	0.7167378121558778	-1.6810704756636146	7.538896835671835	-2.8889711782453347	2.9738239466681726
bfp	12.15880328917473	1.3240426293712175	0.46253751629891254	-0.23810829805277367	0.14639322561668808	0.02161776893720551	0.31942690525343553	0.42797569494470217	0.4263674940614104	0.6163511884088875
bfp5	12.073258354523373	1.0747458144327717	0.4695071575716904	-0.3650021000336116	0.11834654777375007	-0.1638410473640653	0.17926938458942387	-0.039407874023486174	0.7107185548013895	0.8093473437761146
bfpa5	12.050729651556637	0.9640454251436692	0.46260621179816597	-0.6129670422190583	-0.16184825335187578	-0.20801660804681127	-0.34436746558758796	0.042011280208402925	0.678847264662198	0.7228365440047724
bfpsol	11.8420414751099	0.7233359977430467	0.3791103341798801	-0.242702642071844	-0.4678480807259957	-0.015222576035309687	-0.09460884669210978	0.35194996005541096	0.9714112447429699	1.3959702256871653
blue102	-7.357074883747567	11.748303963954871	-3.7780527325228337	-3.8052937327323635	-2.686472622785732	0.016277082466949217	-2.6169744119051748	0.956647172744047	-0.0008498824129838131	0.34821951256906036
bluebonnet2	-6.140219112417693	0.8139521814481905	0.3940131854240321	11.442066659977879	-2.8414374743359825	2.113589151380076	0.39769735710993315	-0.4067809865682479	-1.2327760701404786	1.5487391473914205
bp02	-0.46121567662793206	-7.4526053812735515	-10.396405961773214	2.046099094530656	-5.526764392588684	7.167763775471275	0.1465993505446555	-0.26884807786261183	1.1457037844800269	-5.539163628836817
br1	-1.760691223556788	-11.12992570033101	-12.472372500187264	-8.48184145019161	-15.825199898130657	16.267675665693627	8.754326465617893	-1.4556779946617069	1.6220389641182096	1.0231057851246204
bruslee	12.263892773271698	1.6355502482905024	0.4231648281645046	0.11026882171623238	-0.34622180485169096	0.5786471986575618	0.09021872237360036	-0.2294961754545161	0.5636569385063632	0.31182363162883564
bsdronpa	-6.24057097680968	-2.070412872120192	7.963482655548636	-3.2254653662788235	-2.5414304891670243	0.8732292220391235	-0.643221416154625	-2.64311477323266	-0.8919374877170554	-2.9378412141984414
c3pa-gfp	12.255628965234942	1.1463800727547773	0.6963957142986293	-0.07007093587735395	-0.1195614024950039	0.36232287973635585	-0.2740421107602074	-0.11657861473950036	0.6105106857569461	0.4177626732701196
cagfbfp	-1.9257155529283556	-8.804326016060266	-10.635467097274725	-6.552471669104456	-6.403739260314407	0.6296544503696997	1.8590537605007877	-1.2060536775639723	0.3761175975364351	0.37313605391558663
car-geco1	-5.240708557298053	3.1805383511322054	-4.533620390824769	-3.4630044935517588	-1.6873917561644962	-0.8865183690465194	-2.5276975948115057	1.8217112107800995	-0.07342340704687529	-1.3130596493245543
ccalgfp1	-4.364818119194173	-3.234535962161071	4.4888401883993785	0.370511823552172	3.893711094854702	-1.159218863096552	-0.13945972897339917	2.174869393455502	3.089478425403956	-5.160539339361133
ccalgfp3	-5.326241247244377	-4.159525769828329	3.711198828886589	0.04934479094337617	4.115863596671256	-0.5460070173613638	0.7986474719914558	3.559831352945081	2.4402227094747713	-5.227860566111204
ccalofp1	-4.6556428350575185	-2.9088966541751122	2.9774770285670824	-0.9273295891062144	3.6358099713274785	-0.7322173556359511	-0.27710542124481985	1.7743252503721554	1.9684789145858452	-5.833879014276121
ccalrfp1	-4.6794208800985	-2.9104428736463244	2.1042324598795052	-0.48587566635348894	4.876814262226023	-1.5862029832567108	2.2550154582867394	3.3339840522666364	2.9575188322737143	-5.232627333618077
ccalyfp1	-4.652290430807049	-2.5698256878160035	3.347703617459954	-0.16809644238541438	5.381937792595229	-0.822706923606723	1.745599453557038	3.738641105114625	4.229051766847905	-4.7250827504894914
ccgfp-e6	-3.8577036452109206	-2.9460948565932066	2.7855007003724657	-1.7478709032549633	2.9734500800134698	-0.0378973027332554	0.10691882350567308	2.0625968006813356	2.260253445973197	-3.769531899673055
cegfp	11.165681014785214	1.4083543620962298	0.7904589334896253	0.16208882241659628	-0.12873441293907872	0.42344399052283727	-0.10288423221236724	-0.17244932198599844	0.4933556528925546	0.5558139690759667
cerfp505	-5.01418152815407	-2.7382573905621084	-2.145936107153798	-1.4895576380661266	2.786145868637122	1.3351595767569742	-1.9796389825834868	1.5305753936401494	-1.7777875310476232	-1.5117024581049547
cerulean	11.77501338375716	0.8301876787016345	0.34812339652313673	0.19219922797811795	-1.469945629480491	-0.1253111638834909	0.17910238126913092	-0.5235794306669508	1.245269440547975	1.4996033216339555
cfp	12.205012835702155	0.9981568686665011	0.6067631823007608	-0.2768750356474249	-0.3323735669793974	-0.03845778153186597	0.08191829929837965	-0.025364025406849323	0.7308270533839771	0.7183591840873859
cfp4	10.995754525918397	0.97830777731864	0.24762369033909332	-0.13970135230347666	-0.9784770939756351	-0.1516450219235982	0.8326469531052186	-0.41112167616340356	0.593448273391403	1.4005148337719762
cfp484	-5.251336125947061	-2.850685540338843	5.391297266486524	-2.410365728865584	-2.193371498454796	0.18132433147265864	-1.231077647889421	-0.25959322732653217	-2.549518227873214	-1.565116416554451
cfsgfp2	11.54176745704974	1.4743278380600173	0.8583214973944331	0.21793551925136206	-0.8333300048589661	0.5582341657001788	-0.15056609534409832	0.1445991404213805	0.5335443088786278	0.9107933261811744
cgfmkate2	-6.75872818853613	1.1799319601381968	0.445575977672582	12.282457580142019	-2.9066291690709263	2.2658597925790063	0.4827923783886006	-0.6226613815955035	-0.0482797202814113	1.3768371880027064
cgfp	12.277667049723291	1.1174881700247925	0.3654392926102549	0.14785968327494112	-0.4731183576608436	-0.012497514055319367	0.3952403533830858	-0.18891212601781995	1.1127980508193605	0.9337623266335385
cgftagrfp	-6.5077281209462	1.1608602805164807	1.0710942453801784	12.20442714325671	-2.5038653393714685	2.4515040789979303	1.2602437351379863	0.019487964897975753	-0.6152463773710467	0.75739891741472
cgigcp	-7.224795355429611	-2.1288287399942813	-1.1405903707407412	5.065779477312084	-1.7734399413153463	-4.090256076844924	0.5805441021974116	-2.0716504089031202	1.8378471337081688	0.010926121025072101
cgiggfp	-5.720111675990098	-1.86608801668391	0.9751911876627551	2.3532880351483767	0.1728861337964363	1.4095330507037052	-2.15043350662912	-1.6163422727401748	-0.32626799354011893	-0.07742109240483985
cgp	-6.155330786074049	-1.7610577427880167	9.219833622644758	-3.96288028373581	-2.2835392524846982	-0.25695557049153506	-0.04170712579960945	-1.3525770820458858	-0.34012305193298636	-0.8241783377158335
channelrhodopsin2	-2.3862503827363906	-3.509596216982677	-6.938300967694758	-0.7988654243582182	0.18819565108999337	-3.645301595770827	-1.4325648087272376	2.254400954786812	-3.361565962428971	-2.291313973506957
chegfp1	0.8214019386244547	-3.2697756320407674	-2.2601757835460816	-0.5776535566796047	1.6396792987482167	-0.30459736469012505	-0.9672077667958184	-2.708805613651291	-0.6440397313543296	-0.25410725096601194
chegfp2	-0.5734759064505783	-2.9460225453169184	-1.670110943318659	-1.8277564868692389	4.208968196897283	0.840473358566716	-2.2669473569323313	-2.787621827887678	-3.4132657558790456	-1.2241711930295647
chegfp3	-0.8206314574229137	-5.404588146220666	-2.2258858941956614	-2.4946156638829566	2.3545868934761285	0.7994029128840884	1.52396478294901	0.620685724964075	-2.5125531495936544	4.296639872578553
chegfp4	-1.0861585751601002	-4.346239516732476	-0.6986521408662686	-1.490589587697973	1.395600694528407	0.4700886107250107	-0.20229945030811056	0.6597764877727955	-3.2675501878611333	1.0986725577788279
citrine	12.062983393319778	0.8631483445224524	0.6585830247971468	0.08611637284806564	-0.20680835569954065	-0.07719211213642878	-0.10162723236213993	-0.10136460970193058	0.38079645569972936	0.7290494098669207
citrine2	11.355176036611875	1.0168507142212284	0.11309096680163984	0.40402843843924424	-0.26367510433005764	0.08805554457255937	0.30498803767525995	-0.17069788228576932	-0.0949955629172167	0.7849699206319601
cjblue	-5.981909555630552	-1.3764137739458242	-2.327885214727888	5.5369110330053255	1.5914329030890373	-3.6390508075813517	5.50537651200721	-1.0116204170608263	1.720634367159857	1.618672903847396
cjblue2	-5.801827852985193	-1.4663652703414625	-2.530560429524153	5.421220096553109	1.6478925711697436	-3.4950145018219327	4.84790774318074	-0.8073098145847275	1.353586551214274	1.2917757128601828
cjfp510	-6.360136166669337	-1.5740971838195046	0.2474520225719302	0.8261049549798449	0.8549532094979769	-1.8028688443529224	0.8923081686566041	1.1789925466279858	-1.9035105708071727	1.7198237545999855
clomeleon	11.889536210411416	0.9809627456672365	0.2614777716654652	0.06014558128925354	-0.7120790962227656	-0.39602617613306834	-0.4064988306081312	-0.08783857385937756	0.3495687154910041	1.1595401103992298
clover	11.264384359129952	1.0290294534594246	0.19601624471182366	0.3179643250802772	0.2891775457392604	-0.32033055287881484	-0.9511831005288467	0.2489405165137166	0.046395831346616144	0.8678755515561886
clover15	11.179391932071278	1.0157214983108305	0.24370153601373154	0.2338811212321051	0.19439653861998557	-0.39482963766599577	-0.8164727992491906	0.16069508352813378	0.02881182860715067	0.9359501211475932
cpascp	-7.166208173737134	-2.343343967064003	-1.0427170792175215	5.15417109205076	-1.7516565698245923	-3.913674545568508	-0.005117727951223343	-1.9410938121140384	1.6493416460344121	0.23475739303677334
cpcitrine	11.933179755039637	0.5978705081560501	0.15497858513525603	-0.8133982558922063	-0.5817268779754201	-0.14303271755271965	-0.73541299135801	0.9048550859167898	0.07355645298997722	1.2139549524477842
cp-mkate	-7.2382268988641965	0.6362398494234087	0.8594600290003381	13.744841030105938	-2.4561199949158907	2.639819963168793	0.46620681551016335	-0.8723494299026804	0.327015551915088	1.1810845338577172
cpygfp	-1.6738568744907845	-7.981580500452141	-3.9213971460609236	-1.2651536532336738	4.541748281050527	1.8661238668282967	-3.1533333572468267	7.066074064004598	-5.85300623517477	3.3964978860150126
creilov	-0.7682670550315839	-5.624907605558502	-4.189276899609095	-0.3535196124078819	-5.5647234758327455	2.604908862522233	-0.5835648778740632	1.4302829702328494	0.2751712169073625	1.4863454360477746
crimson	-4.8733329518646284	2.082396995134249	2.1533728993127474	8.439653278213889	-1.339596687170962	0.8767404057437445	-1.7699858032997795	-0.3213894190813246	1.1102218623891236	0.9738601933777797
crispred2s	-5.408332288786408	2.401085737435236	-0.0004519347875992585	6.681042910867236	-1.7391007890683492	0.9719564107171867	-0.6722546230386955	2.3810117946591434	1.2404322500168465	-0.9681758920739773
cu17s	-1.6824487501804135	-4.54948081672519	-5.201550274853017	0.7094872483705305	15.803301592637874	10.742124371508872	-7.926567507898608	-12.83711825438369	-0.8228312477084544	0.2607899795518281
cyofp1	-5.424823300002675	2.2875189361471717	1.9731947537557202	7.285989692130276	-1.6988053581204008	1.351323985697365	-0.6126826222617916	0.24455025694061466	0.5880029421183339	-0.6761495647379492
cypet	11.619452769475883	1.0034238230308534	0.23476546838221168	-0.18315567865790053	-0.8272458816621538	-0.38559700291872595	0.2621087738964305	0.068237240705604	1.2513026092597448	1.4814173689692813
cyrfp1	-5.5760092373805	2.3469578159842786	1.8671057130023851	7.305313475918262	-1.6178267855674588	1.3110560537296794	-0.6326071624885602	0.6342262670580067	0.6993814053229558	-0.9846243401690524
d10	11.947018181454942	0.9558120873600725	0.5109778142388648	0.34436449999269597	-1.2242836928354168	-0.09171404117131012	0.3080798611162737	-0.4345301146250094	1.1325091244431114	1.4393926259518286
d1eosfp	-5.331217950935422	-4.981230166971035	11.36434907310186	-3.618120927100858	-3.173629644141824	-0.8807338808082856	-3.6494524821131216	-1.4642482280610027	0.6905393531189234	4.564857152754116
d2eosfp	-5.013023790592618	-5.040068948454063	11.405836795363065	-3.3807309622917794	-3.2081756187911292	-0.7150872903165914	-3.5068194374355603	-1.7302380476010386	0.7341218375667306	4.119678287400199
darkvenus	11.930902309061858	0.6526230021956274	0.5975278480684791	0.2349626207434978	-0.4732544716179574	0.6696262965965372	-0.08956530193760143	-0.44361185435242284	1.490249476053019	0.6456633553004438
dclavgr16	-4.853241494730684	-1.504760090603142	8.847760552315908	-3.6715034498207926	-0.5389803299497836	0.04060744060206891	-1.079979789805062	-1.3418100268872055	-1.0158415588678142	0.099766561942458
dclover2	11.125224740692786	0.9310596264801121	-0.013647291235478195	0.17059551733008718	0.40519067917214924	-0.4641808254265641	-0.8383597812219246	-0.08176863703252034	0.22311930979012945	0.8031313190287263
dclover2-a206k	11.17111412707446	1.1660729792627254	0.05847914359051953	0.28538543118486465	0.38777586720218155	-0.2468391473121167	-0.788610180165641	-0.0360693032094398	0.20987511291848204	0.7698132575841682
dcyofp2s	-5.469564666190803	2.0815312920815385	1.7913718034613846	7.319202051450766	-1.590689814008689	1.45457563682264	-0.7877674183238336	0.20664413729106398	0.556799509929594	-0.6735239965804586
dcyrfp2s	-6.268849555374312	1.805234172980565	2.0943711621006473	7.151784571994984	-2.0268116059374526	0.8322734591287512	-1.0873073704845175	0.3632835893550954	1.3310860413718613	-1.1612926581106442
degfp1	12.155995549375923	0.8084404041609015	0.5449378561426232	-0.2623507160606495	0.2243431353390455	0.04807200996297797	0.7150453898469499	0.600900442324725	1.3773087916568914	0.7200677367129162
degfp2	11.64864061998114	1.061709854177478	0.7759245908682413	0.11663945824495765	-0.020660667009577766	0.30725294115877944	0.5010638145985762	0.78954020178002	1.2427818358557141	0.779634951973719
degfp3	12.179562514866014	0.9421277196385829	0.6682090005385133	0.025177400612126057	0.46891495419784535	0.36188854190337016	0.65192391662635	0.41779994612243876	1.5249604265535197	0.43497371566294435
degfp4	11.639726367233651	0.704131068038467	0.6693751796534937	-0.006132366972298407	0.4797761438701459	0.2898218493709511	0.7851823822406119	1.1583907934250848	2.149165150037932	0.5655520575230402
dendfp	-5.43677596776797	-1.1645441402680865	6.286830447408211	-2.1053649475674896	-0.8688255187629099	-0.472805511258989	1.055706119527811	-1.1541493677848553	-3.097017018326738	-0.2906240462188921
dendra	-5.593578731228294	-1.350886358551086	6.819703822222225	-2.3857556824376953	-1.3434369712582253	-0.7306858439017021	0.42210783864730433	-0.866184241130372	-2.2720075386509166	0.08145796821702933
dendra2	-5.250241082766952	-1.89272915767876	6.693836349811509	-2.022452354237919	-1.261734748350887	-0.5855020523313629	-0.028571817569486988	-0.4463412621247635	-2.6166349024178412	0.3731110738273353
dendra2-m159a	-5.087853580204595	-2.0997904578901396	6.613042435068844	-2.2738277738710995	-1.2660221000648528	-0.6224968958976602	-0.08184549516859557	-0.5018780857970881	-2.6454658028807447	0.39755798398431125
dendra2-t69a	-5.3366732715552825	-1.842604116037715	6.861193677075845	-2.0951711273131615	-1.639531111816988	-0.6994011268847461	-0.14886945390551565	-0.5681619472737736	-2.5598728012474954	0.601384074753946
dfgfp	-3.220635556924775	-6.802193125765877	-4.997436058497191	-2.155346596105208	4.723706550810304	2.837145197415394	-1.9967181369892697	4.600811078901336	-3.973006634599779	4.34198023816364
dhorgfp	-4.4447402973487815	-4.4386554077480245	1.9370721877774713	-1.9401408026100375	6.731941315771733	0.8820473124087608	4.390738903054531	2.086664139820695	0.13156913221117816	-9.480323633912864
dhorrfp	-4.229283497250775	-1.4873514950874531	1.4701142815009485	-1.9729740218810463	2.9049470333530665	0.33096496179514473	1.2340275802234646	1.5129393881078754	1.3763303346260098	-4.759321649991435
dimer1	-7.677980969262239	10.251138837420891	-4.6565806745286125	-2.518607596393846	-0.3533859479321288	1.4484367772167204	-0.3096857620845941	0.10122295332028756	-0.39312962765255993	-0.8762350852941796
dimer2	-8.37133264762172	10.251654184513287	-4.459863329301092	-2.975765498924911	-0.17552174543905957	1.206044565408436	-0.9488891949780794	-0.35186450985320267	-0.653178740445096	-0.2648066852227394
dimvenus	11.984433793855374	0.7660345837080426	0.4943146702707837	0.1517086709597797	-0.3879884694254893	0.7909472176172928	-0.3111396714464366	-0.6589756309853426	1.351014395677936	0.7364037268017325
diogenes	-6.551989365907714	0.9419913029661205	1.0220210610137814	13.856634539890246	-3.0159356367423094	2.445267829923652	0.1663069350685467	-0.7269516125747947	0.04717217126408323	1.1878814946474776
dis2rfp	-7.411972558096583	7.388885401199813	-3.083491214714319	-0.9022533950093333	-0.23466228825036498	1.323885668540059	1.0433450169659888	0.5330368585449324	-0.3395101868691988	-0.8841986075384314
dis3gfp	-3.8943140519781	-3.6719195134368747	3.836786792932362	-1.248617718987421	0.7026053600000993	0.06859036768604071	1.2336838824772487	2.7582192855616494	-2.1219936344221604	2.1578453267624167
dkeima	-6.393713054059963	3.329577017322089	-0.6755359257695797	-2.950593553325802	5.210231192486227	-4.053184781596312	11.538654990832708	-5.319500953018096	-2.037554894096398	5.36932966569363
dkeima570	-6.403817810550029	3.207890400806295	-0.37438153399651763	-2.731528783077643	4.95194340890702	-4.469606537151291	11.520863262553414	-5.315606078460031	-1.9424077145669927	4.788980069599701
dlanyfp	-3.15958684855121	-4.277602188684088	-3.882122289062736	-1.7353763382372778	7.43282164946996	2.825702650531819	-5.041997643192034	8.787934777994009	-2.723337402660755	4.499923130441938
dpapaya01	-3.198977303237877	-4.371134823944405	-0.4424298324549457	-1.3178179031914676	6.978754178880228	2.4674371438885414	0.21085350847179987	4.670483300383804	14.747223557116659	2.0954205630560545
drcbd	-4.410068399607879	-6.956311004768916	-9.418424381568883	0.28994169747119064	-4.117743672180673	-7.145614739951702	-2.0389086764658786	-1.8568315456841007	-2.0558585792980013	-0.4594341397785455
dreiklang	12.033308062039646	0.8044453189719851	0.7110270375986107	-0.16944567316423445	-0.45300145322888813	-0.2781784213025192	0.19267181103416808	-0.3440632485217992	0.32869405378591465	0.6382066571228218
d-rfp618	-7.714570716361625	0.10462666028251097	0.8918196575831101	8.19958567085057	0.7001445922311067	0.5978688222815914	0.11800038927702053	5.80300399520796	-0.7719936575931118	-3.4590377989003875
dronpa	-5.998147773565142	-1.4571643740705833	9.01088963021911	-3.2690246316759666	-3.4441552392878134	1.2572393454350506	-1.3662895141654703	-2.016241768475104	-1.2680651045602709	-3.1208584698291886
dronpa-2	-5.691864278470063	-1.5379162116046075	8.930128294128496	-3.410496972578054	-3.32776772457685	1.249952258058857	-1.3278258815461228	-1.9367743286006367	-1.3762238641595224	-3.0351132101520766
dronpa-3	-6.0804204284280505	-1.724680048518485	8.797028817113404	-3.4454476604171713	-3.661704590947954	1.4573247932471678	-1.5581914979370792	-2.104969668611473	-1.2558733702953981	-2.7577611284663774
dronpa-c62s	-5.830712053564355	-1.4964605325732014	8.860938923168101	-3.337863497100301	-3.3038509810568994	1.209249317923982	-1.2514180199214457	-1.8876787026803767	-1.3597105499883702	-2.575307793651549
dsfp483	-6.011251880115271	-2.4163935746065257	0.44325520942276103	-1.1850621079774173	2.443575279783003	-1.3544629624337068	1.252431396509133	0.17298304323465488	0.08513133034928529	2.480701315479351
dspr1	-6.810950280683842	9.362162165427113	-3.5859336877755057	-1.9073630555480074	-0.33978309098657694	2.192479237510415	0.7620602096100512	0.3100648156251798	-0.3578501511324822	-0.12753816713286997
dsred	-7.280823485275555	10.376632865993338	-4.119730900344341	-2.577375712713523	-0.521935615608516	2.321431202826611	0.9738409822213366	-0.08493078635549449	-0.08766373054407368	-0.37197968863501696
dsred2	-7.33897023350389	9.70714648554058	-4.3862192327771155	-2.651656870178198	-0.7468623643277685	2.3237176941631366	1.2355836041649593	-0.021678451612182716	-0.09556445509830334	-0.335238068244791
dsred-express	-7.668005401345622	10.701829996518988	-4.8818267323432885	-3.0937117054732197	-0.6913737575812404	1.6525618794795347	0.3084489343706195	-0.2629121733885264	-0.3627403870952216	-0.49709674585731983
dsred-express2	-7.7447574867863835	9.34401608288977	-3.2060854800550422	-2.0927426699167735	0.10389536498797074	1.5861734124411502	1.6625975716866406	-0.8930436437468332	-1.6363337607304866	0.8242244449971028
dsredm1	-6.7034598069315265	8.339647972095161	-0.7270199487627295	-2.2210288028667886	0.1640877413840208	0.6256433642507367	1.3480162380473364	0.2835381646728314	-0.013808108527526139	1.7434199390447154
dsred-max	-8.270176739983116	9.229668606399297	-3.109635304361318	-1.9434011639692956	0.3073584012504193	1.3439389519908014	2.491195608709723	-0.786698071992326	-0.8495276432873404	1.1234172003807488
dsred-nf	-6.928583484099389	10.191056391752126	-4.12973735324074	-1.7198535877626528	-0.6299880234468964	2.0762460154838793	1.2364746608531492	-0.3778866739830569	0.16843119420975297	-0.21341301000901608
dsredt3	-7.692124294976783	10.319742883643135	-4.223530279115154	-2.8175851054564416	-0.45215520604801607	1.4906333934642568	0.9482260546571739	-0.016400525810382885	-0.12543914306259318	-0.5864377523338786
dsredt4	-7.5721191511557	10.511459477482457	-4.498151292925002	-2.957877795532906	-0.6170588362418916	1.2449234762714452	0.7250208677556675	-0.15097595731539654	-0.13053947325807191	-0.6263941550918319
dsred-timer	-7.25341138693361	9.930240216461462	-3.999197439184775	-2.256069533522632	-0.5664297150708202	2.404830445044436	0.9695680773122726	-0.03454083200909934	-0.03722133665688078	-0.22917289641787783
dstc1	-7.000645100147949	9.650199669881065	-3.7221551557884225	-2.108490645513748	-0.23851425308752852	1.9606863029004273	0.8118156913023868	0.25580124456903636	-0.547491046292349	-0.1536732128412811
dtfp01	-4.852871089923953	-0.5351115159732616	6.7018549061657735	-2.7399706282627663	-1.1265445908224927	1.19526019897504	-1.1595817334195633	-0.03558657778729803	-2.886018063237948	-1.2225609458314612
dtfp02	-4.796596237171192	-0.4931858088740021	6.491048937714523	-3.0212493238052045	-1.2053500046690897	0.9649343578573076	-1.078561885387059	-0.23139456778396456	-2.7376162568969713	-1.0771058626964993
dtomato	-7.824749925062397	10.888213198721758	-4.040407638295706	-2.3657766205466135	-0.5895615298694076	1.1745773070861971	-1.8992707286210069	-0.8664978657350194	0.0019804844811157143	0.021233651206979988
dultramarine2	-6.6665161413651575	3.7376805045026833	-2.282324773902436	-0.7532531150623544	5.842120320202738	-4.751452852258533	12.278908602967853	-4.157858256529394	-0.9176705172228746	3.732290900980336
dvfp	-5.49122653182194	-1.2771020034829645	6.94986442988323	-3.0678049069811286	-0.7828112677697706	-0.1498317743974998	1.3145730981163768	-2.1014037571954876	-0.30131770692994325	-1.2038477456499437
e2-crimson	-7.359466874798512	8.348174186815566	-2.1453276624006334	-2.0980961962237683	-0.20843831039184496	0.6743423809090776	2.4152094006034472	-0.973315104681036	-0.6885126439084832	1.5077733286408272
e2-crimson-nf	-7.2727773927439054	8.221027247446047	-2.2934491793172636	-1.8417802626169841	-0.38510525881278085	0.6980204983793108	2.471436549050351	-0.8939468357375328	-0.6077420350189581	1.3971290999308537
e2-orange	-7.796413787314155	9.675045099893305	-2.798477550185435	-1.9507412984041996	0.09910691840663775	1.4192466919017874	1.2739800570706445	-0.763477732780299	-1.4419168576218437	0.47410749287366455
e2-redgreen	-7.712192429150912	9.00057049472919	-3.0180886485213203	-2.1099292216421137	0.3797730194982147	2.007915659921989	1.9519411942026184	-0.23174115828351904	-1.8547536364613983	0.8121481165469965
eagfp	-6.035260033614303	-1.8224057550856758	5.11772012926362	-3.1298466122688553	-0.05567730074570698	-1.1761248693693376	1.908222595981313	-0.8975472392092194	-1.0849576617949237	-2.078837014794027
ebfp	12.308422642972044	1.4543221513355216	0.3387061342653385	-0.0016170622429683714	-0.1903153875485323	0.2230718095389284	0.20596248071988024	0.12320264157987568	0.6603871218858601	0.757947224855635
ebfp12	11.563726019405843	2.162918854392749	0.35975849536002863	-0.0261141447444248	-0.030211440917384917	-0.022953002302604504	0.1142938807209378	-0.45101276003355445	-0.35472902079831115	0.20048393429553274
ebfp15	11.442205828732705	1.8225480651451584	0.24503534206766578	0.5692484692918042	-0.1592064530652265	-0.06421073048737998	0.3103176309599237	-0.5321727393617546	-0.4516129859510728	0.09464535785534474
ebfp2	10.883507910384916	2.0244985138468103	0.44495792172702014	-0.3696561842314292	0.03225686037438218	-0.08526279932530705	-0.0428791544888708	-0.36792797880641803	-0.486711776053848	0.22220601179448612
ecfp	12.40095668172042	1.2044852339284151	0.2323880513683378	0.19487413044624782	-0.9195618562543006	-0.05263224848924311	0.18010339727034363	-0.2910252620551005	1.1533059441609437	1.0371636666820714
ecfp-h148d	12.27358926062559	0.9958339214411678	0.19984351138614195	0.20481165434815465	-1.2496064319810398	0.06929905629189764	0.22210707382621736	-0.12364863082321356	1.384237190913474	1.2800124539397895
ecgfp	12.666870777728544	0.9766078494860646	0.21305774999800145	0.09736754772588962	-0.8400477020984723	-0.1316674498999647	0.18020652644729288	-0.03750211849192282	1.01415862098746	0.8735484314031535
ecgp123	-5.841987505612915	-2.3933085175020823	7.434242202970652	-3.233035406826033	-1.918859062747304	-0.5751911688075559	0.2866280826085888	-1.059471580014434	-0.8456090241200199	-2.3092726983427023
echfp	-5.0182077431290395	-2.951928729184746	7.9103009415854455	-3.922600890455564	-1.5475038944385742	0.20488018312450418	-0.8575907454629398	-1.409565950427797	0.5453920553640891	-1.4967809065648177
echifp	-5.216548281152176	-2.04014408636453	5.246458543436493	-1.1069197771897474	-0.2852403564428458	-0.17216702840777262	-1.5156365549754018	-0.33108756972379716	-2.0728198069748296	-2.164956918922984
eechgfp1	-6.089221710415633	-2.8368744427491817	6.848045661775987	-2.3279248704486286	-1.4866375071239974	0.6354878941793299	-0.8062159075066662	-0.18016358253107503	0.44958027346590673	-0.4348514675033325
eechgfp2	-5.188144096957536	-2.3206249411561055	7.826421314122376	-4.351891015251444	-1.9194813591999087	0.6094846220312153	-0.03184286260924231	-1.9001809725527965	-0.3974856368778161	-0.5358853726687136
eechgfp3	-5.473327793027872	-2.625097667553641	7.156360401703157	-3.137181180919117	-1.554394020725193	-0.18219780375145453	-0.5096857477909377	-1.3234571509212887	0.20724669888786887	-0.9904732921365205
eechrfp	-4.948040572967172	-3.0185699459080135	7.799279339104329	-3.370310790495026	-0.2508273781726611	-0.832367940790082	-1.6590017638525076	-0.17968386580500795	-1.0217090538653903	1.4638429683032228
efascfp	-4.004753313657675	-3.8918185301877397	2.2309100186020006	-1.3587783975181105	2.0502024217213997	-1.2220844907945412	1.006639381955899	0.33950574590542143	0.7532842806253448	-2.097136976625215
efasgfp	-4.876073718745332	-3.5564979586419807	3.131023247562249	-1.7515597678715047	1.8389984785947722	-1.3322976418876564	2.7124395956368392	1.3091869144288055	2.1930594416804126	-2.3732156353563685
eforcp	-3.5931812099613274	-0.651125760302649	2.5783122996505528	-0.7085988370046047	2.7596878649258043	0.745362222721961	2.0636018909295424	-1.0935858852834124	-0.38875666767436334	-2.3349145064564474
egfp	12.39856250617925	1.5709193251793763	0.7329436076982158	0.23805748761744683	-0.4731330798585949	0.5635881790500558	0.20507241233116064	-0.378290707338291	0.8190797990279225	0.6752269343314472
egfp203c	12.37850738188209	1.1684536625108484	0.7389911176475953	0.36282613131752367	-0.16711283594831247	0.22355719104841718	0.7596769448491785	-0.4767525740474523	0.9592100511370383	1.0226616821112793
egfp205c	12.351217810229846	1.3154495886755464	0.366642697472723	-0.02651136933617538	-0.49194233214437966	-0.16097977354787987	0.4658232769197939	-0.2866645728828743	0.7778473232950696	0.6419858976454729
electra1	-6.2246670770239705	1.2214753726436505	0.32526597704286436	6.116681905147164	-0.9749102389066763	1.0363300300254799	-0.8437492868192967	2.231116772658745	0.392653638941495	-2.1070818118733174
electra2	-6.070126128062923	1.3785528919513366	-0.16392458347875627	5.774716290237543	-0.8141787645218411	0.841129111912902	-0.4960893140079684	2.4845312668480415	0.9896708897249878	-2.5021504116644953
emerald	12.164989741597806	1.726269592926761	0.8567767817456531	0.33324979498101587	-0.5332617315075912	0.2060111869456001	-0.07362705864835942	-0.1290385698602824	0.7379422959897199	0.6010016564189272
emirfp670	-2.6822911078583607	-9.60722428502934	-8.285387382655971	0.42658066079553886	-3.727725600233283	-9.652968408548483	-2.4484741595640642	-4.9614167537655245	-0.9579145308370693	-2.3490078606036238
emirfp703	-2.4728830557306396	-9.50218319197602	-8.208421881174402	0.3905235210412816	-3.6801139673611862	-9.281326469799932	-2.6187223750455275	-4.7543062523504505	-1.0593609805410489	-2.371276849695808
enhanced-cyan-emitting-gfp	11.733292585585465	0.32864546005177525	0.47114089421060934	-0.17626552905011436	-0.787057132110558	-0.03964152552438908	0.3632646479871832	-0.37927867884687055	0.596435638161356	0.8944690076071987
eosfp	-5.133217766376289	-5.008497948550289	11.517662047644581	-3.4660565685160383	-3.319864042380557	-0.705893371829487	-3.5005574236763692	-1.4978859921167234	0.883827520439484	4.227212462743997
eqfp578	-7.280382459539951	-0.13333149659875546	2.010206887091576	12.742596694518229	-0.5153528952994457	2.2404578317260126	1.1309982993436385	1.2256850786954592	-1.3592026113729165	0.5726070824771808
eqfp611	-7.466388169592796	0.1282932209871222	0.6855139634328447	8.019876574033068	1.4218143440333835	0.7086600365219581	0.310939958917436	5.745336439942052	-0.4732809127660202	-2.7309537727958904
eqfp611-v124t	-7.660084002313688	0.1549682247059599	0.5355338796410496	7.871117962374002	1.5648697336147546	0.5376204081731317	0.1652817495771348	5.778242948257435	-0.6623671634056972	-2.400649184742513
eqfp650	-7.187204030211025	0.9808982944624199	1.23589012037145	12.090477822833225	-1.1984380763976585	1.7614104461643811	1.4584624327928815	0.9160700506538654	-1.036348933487028	1.8778847256663533
eqfp670	-6.990850756094345	0.6135648859960785	0.6010627917926485	12.548445326069922	-0.5696687187938823	2.004900820080755	1.2183919092835303	0.3292652365761959	-1.1598800573299373	2.333548504667229
esgfp	10.162965758786578	1.3125106000312552	0.27894269343983435	-0.0565739550703632	-0.4191699732167683	-0.8396255690026527	-0.032672290685511605	0.614292984665087	-0.7788991273991989	0.7167366463182628
eunag	-0.13526364120412473	-2.3899585814331195	-1.8343267382239716	0.08130607942986	-3.824821659900586	0.16872064290124275	0.9422445270177111	4.428981947825282	-2.2943948987430005	2.9950004719965966
eyfp	12.200415671929992	1.0129573362136293	0.5994969063219961	0.02259289908931445	-0.41896788827985865	0.12579662032343716	0.1131589403345478	-0.21731066768864143	0.3924943537332716	0.912403353853827
eyfp-f46l	12.046991068178745	0.993025432519153	0.6387552201054201	0.13641914123647866	-0.47801488898557876	0.027229355079473248	-0.06524432512601885	-0.35251741828192495	0.3152710371225602	1.0682350809588426
eyfp-q69k	11.982859555411586	1.048601678568255	0.7188852967426376	0.36905728118163117	-0.24894962883414884	0.194335575472813	-0.21640123166568256	-0.13863363966048167	0.4963999980783595	0.7828549147988341
eygfp	-1.9627031195220725	-7.717004953883431	-3.76672847188632	-1.076130287697328	4.507726927948058	1.6688484649856485	-3.311793046762926	7.1798654516318035	-6.357651051783561	3.413323031685041
eygfpuv	-1.9849712237060422	-8.324100140341933	-3.8890620533221023	-1.4307561928926347	4.080661327992278	1.9305304782225463	-3.361264717037409	7.104151593305161	-5.643244993147246	3.3195696527052085
eygpdp	-2.056523272415746	-8.35592744615536	-4.309337799366015	-0.9333264734947684	3.8508486572084615	0.74074029581394	-2.9747489053034446	7.260363853459393	-6.1331819890035435	3.077821343939271
fabdgfp	-5.151440925962735	-2.169481692012758	7.984968665986948	-4.2373067142444105	-1.9028493461390954	1.2509715177670007	-0.2932390866533441	-1.9313647246266703	0.307206018960655	0.7593309330570579
fast	-1.8547554313226617	-4.490344148356137	-4.6245033349322355	-5.554753495445959	-0.2718909624930471	-1.7518339058685217	-3.1036105151619315	10.569467542135666	-2.146295404421539	7.57692911647948
fast-ft	-7.528414352290667	11.801132100059318	-3.623395461228555	-3.5773776178166505	-1.650347573693062	0.6680296786056648	-2.5279923296797606	1.176518335639651	0.39253968057493516	0.304765608162919
fcfp	-4.995140996552006	-2.8176379635025386	6.426997915916527	-3.727221012456948	-0.6339937953646957	-0.6815768444921351	0.7179237732800183	-1.5939999531506857	-0.2016084488652641	-0.6671665828656207
fcomfp	-5.237016145674279	-3.20641523278224	2.457390336509647	-2.3186842109649564	1.0180006543830145	-1.858439157451683	-0.3761962925266605	0.12796706704389416	-1.0905865744881702	-0.24551684066361157
ffdronpa	-5.906017769523045	-1.4081858003579253	8.98818894174189	-3.093041269265342	-3.4822958222309452	1.1426398928892378	-1.552498938706829	-1.9187604425514495	-1.337897420016429	-3.0716057569756186
fold6	10.135451746451167	1.103735337123423	0.19215401464711224	-0.15200233910711242	-0.18436453143635742	-0.778280385548982	-0.7661548666037512	0.45029280288210805	-0.7223811473531866	0.7223664607066792
folding-reporter-gfp	12.163544296538536	1.3447973092665382	0.5875245143736697	-0.3384415879516117	-0.5392754172252229	-0.048200203354462665	-0.09841436974574329	-0.14181995407428882	0.5119313994796456	0.9641522532148957
fp586	-6.967821107878804	9.895909066495024	-3.8601737546663863	-2.4748666718259384	0.04841663410920626	2.2314124185563875	1.207906005083259	0.21745001132959504	0.3173747647460482	-0.12649028968029896
fpaagar	-3.7210784059194713	-3.5929016328151833	1.455490896142455	-0.7757447025021165	1.272392710675213	0.6312465624920452	0.8595454391651094	-1.15128054100216	-0.9459052725550899	-1.6417630998874022
fpag_frag	-5.114234585733903	-3.3842090587729508	0.27066012668203276	-1.2024147967149628	3.212720596837464	0.783542281117453	-1.3204825552791635	-2.306113726296743	-2.602569370407273	-3.789513767427932
fpcondchrom	-7.690354728044161	-2.1131812576444435	-1.9521957214054313	3.9094705255693056	-1.0309838899530563	-3.7818231111372205	-0.7888746116151069	-1.5966385143988067	2.188500982534353	0.13268305487926607
fpmcavgr77	-6.138628810697882	-3.573417209203659	7.879622240139961	-3.903758994234532	-2.843425323600171	-0.0401568414111705	0.04773161772750623	-0.3414611339404102	1.4932857104471902	-1.816777288149664
fprfl23	-3.291122104848852	-3.670662288272137	3.620169873316316	-2.5797572777937123	1.1287075015928316	-0.526594746808275	0.20504424075002084	2.12826199195301	-2.7502913713894563	2.637404340735232
fr-1	-6.486728347405819	1.1900833011195295	0.6553004123630266	11.158859383133453	-2.773625142606444	1.0115344242212678	-1.0762131174816374	-0.4881916760431419	0.052373571628084516	0.5300539471904554
free-use-gfp	7.491834416903975	0.27429713086153573	-1.6660920908915844	-0.2763049194608776	-1.0538753649656263	-2.3023520590109467	-0.5361143521810634	-0.9497602248995225	-0.6481708198895219	-0.8847704247882658
frfast	-1.5162296039922991	-6.173014807539588	-4.681576128309429	-5.064508039098352	0.10442684118593355	-1.1765714287733056	-3.0628579257604653	10.210635484103763	-1.9447184993208027	7.769647070102034
frskylan-s	-5.290119101308446	-3.698552152454892	10.99971264812022	-2.84365824060655	-3.7147118107676236	-1.0736955333197333	-4.182705956364892	-0.6716427307426589	0.28262431405815247	3.869836352041504
fusionred	-6.631026814332922	1.318632223460029	0.915820162736095	11.60830453403215	-2.8061579844974056	1.3463019731842187	-1.0880476057645903	-0.5905632454612049	0.0837068791290928	0.6120137257853591
fusionred-m	-6.454580459612825	1.3679569263232332	0.9835797107861083	11.254947580942105	-2.8571203824265456	1.2900674965670862	-1.1339182510259282	-0.37118463606435803	0.16382763223394967	0.5949886585123383
fusionred-mqv	-6.758360728701138	1.4722609632726957	0.9460068733664806	11.514023476426356	-2.7236602820015485	1.7361136278529143	-0.8918889475603985	-0.5182221375447441	0.1783225667601409	0.7127669461656493
fwyellow	2.0453890537817463	-2.850289183791307	-2.8837516646491976	0.8133459993226484	2.1230160115799896	-1.6430968987093173	1.800000530999842	1.063122573616942	-1.5429293040730607	-1.8768402627668417
g1	-4.607974684832257	0.10540755162089184	5.6014656305723465	-2.9523015600792064	-0.6671487055270935	1.2385267405566072	-0.9237717115739401	0.15269966306172603	-2.417196414398279	-1.544015574592824
g2	-4.6270255869690775	-0.14053590246664313	5.684120577944697	-3.114352609313467	-0.4468677569822178	1.1453637616822827	-0.8347047443390532	0.3330658350883783	-2.2498113425787474	-1.4633869649014688
g3	-4.7112509964691975	-0.09169064912281583	5.847204952172497	-3.185214732863385	-0.8150182558491843	1.0343727486068595	-0.9519309516622467	0.21435546530487443	-2.1944984865446666	-1.2409422108070272
g3gfp	11.999220746371401	1.6786566302617123	0.48149934745895945	-0.5404677753170268	-0.2997732541485641	-0.11651898228628567	0.22942144983756246	0.3885983823905817	0.19727933841073042	0.8027804537499718
gamillus	-2.6772975587602375	-5.403792680014405	-5.119381097327831	-1.3839993847807008	2.779888840201905	2.035675854767645	-2.9656696610759257	4.311890024084276	-3.7300467259283434	4.664857439204843
gamillus01	-3.8157728054016173	-6.75571847636468	-5.12749556267109	-1.9997294564684944	3.9347881768454633	2.422053372587858	-2.4402454860511056	4.386124381955001	-3.4118127721850846	4.823152332718215
gamillus02	-3.69763554730058	-6.779813483456991	-4.985404358585444	-1.9041851271496093	3.6808126182093868	2.4676684629260173	-2.60132107296348	4.325605715194077	-3.4176350336864596	4.956475657397982
gamillus03	-3.6974306992632635	-6.5054718009654895	-4.81169977330981	-1.6136443430027922	3.914068195882704	2.733769014315626	-2.4697433336984402	4.331464743193959	-3.6083990592281894	5.078812209999214
gamillus04	-4.380975153658672	-6.530270525051277	-5.027648526465746	-1.4615530064944946	3.211347065070018	2.241654728397674	-2.576639928850147	4.290104625233188	-3.5075020863328876	5.118821773136643
gamillus05	-4.074731720907651	-6.21136548263133	-4.474656797359247	-1.4575745306564947	2.6987865350118865	2.003263563027526	-2.7258294998474653	4.230224719683584	-3.6486655758174766	4.863495818074451
gcamp2	5.242347026152845	-1.7828139101339064	-2.3428583685881668	-0.8992164226747937	-1.217526766318816	-0.12597706847683626	-1.3584018050503475	1.2804181241675638	-0.154459079967671	-0.8172785172316724
gdjicp	-7.036022852398066	2.7081632626965306	-1.931236650156054	-1.9917924812253338	5.311234115674906	-4.083741269869934	12.467691302442322	-4.992109815894086	-0.8637135302475487	5.730711690921625
gdt	-7.836739491878955	9.240061571798915	-3.437954220072785	-1.7560817815941543	-0.9840754994601222	1.1031874511880255	-2.362751670310346	-0.6717717563322605	-0.9918474584707877	0.24055462549549417
gfascp	-6.564077230968421	3.0779458356028853	-1.238247964412771	-2.297239583278071	6.061382991355102	-4.157977952967115	13.477509729562325	-4.943882648171395	-2.0898788079166772	5.29770862589686
gfasgfp	-6.076572579905879	-1.745607483816877	6.744572794887876	-1.3812156201169261	0.003367015299748071	0.6741448001908099	0.5600072126992163	-2.140632819133691	-1.4697820971746003	-1.4196955662219675
gfp-151pytyrcu	11.018259388763747	0.5188897161767417	0.19942178968089178	-0.44980213540359515	-0.27260215991415937	-1.0951178321017094	-0.20064772127714106	-0.3715145306082429	0.5137090672157705	0.8382914623907135
gfpe222g	12.262749157144532	1.0833883555403687	0.6647244843122646	0.04753222347667243	-0.15325175659720422	0.30640102206247755	0.36361685451903153	0.4343874623255671	0.5250754422870025	0.6613718028582498
gfphal	11.71297311337219	1.0388070880484939	0.3973848058293533	-0.16648216854054046	-0.5776020990874529	0.07354960344905204	-0.22815586279956665	0.09749097827169151	0.8101211653266149	0.9614802679685959
gfpmut2	11.65945703191587	1.2460128623934046	0.7355787345061062	-0.1934730350409258	-0.5844419360128825	-0.004314743066447933	0.31023383287127454	-0.34233687837641663	0.490852796917928	1.0845562061860683
gfpmut3	12.009780226292252	1.1523992460113863	0.8289017865189616	-0.08995922554455858	-0.24022638023406695	0.1121522244808339	0.20844746885227342	-0.13666112185880272	0.41960180329757946	1.0323004926440709
gfp-s65t	12.188476767613505	1.299706505777593	0.7747584117532601	0.1479492258293817	-0.03152185668187912	0.3793196336911982	0.3678053489843142	0.0489493544773735	0.6185771123713023	0.6490566101136248
gfp-tyr151pyz	11.834587727724317	1.093634969217825	0.7725433075399666	-0.06779910829653395	-0.19785644899870028	-0.1779529035090192	-0.006692350159599565	0.0897025039025034	0.5606559194839116	0.7967935665969537
gfpxm16	8.232247826561641	1.199766066935693	-0.5553567059324892	0.8963816424804878	0.6490690740513114	-1.9944815931560054	1.0619619334022228	-0.9095476876441042	0.5214464612684087	0.2138746957656045
gfpxm161	8.215827946354333	1.0099599269761184	-0.7248780584497566	0.8607240145402278	0.46433323108223734	-1.92564951860384	1.0515701252138778	-0.8427923337813471	0.5552960949341145	0.16181387546862727
gfpxm162	8.203132248269336	0.9674388433943921	-0.6217958060803236	0.8097080050414973	0.8051482287284416	-1.878888119333436	1.027995177800563	-0.7845675722474071	0.3645211882192502	0.12957274413582473
gfpxm163	8.499283922974861	0.9709271745421093	-0.5747685697558642	0.7984636395798747	0.7289187309672913	-2.073850276429219	1.0620654977233783	-0.6549548261755966	0.3817120185878638	0.04956910084415739
gfpxm18	8.094370589635574	1.3250412850058262	-0.6772714868858306	0.7698889860213537	0.5389880460909757	-2.1594955791148918	0.8248344205265151	-0.9047203435270464	0.6258634874204612	0.19972353532794762
gfpxm181uv	8.493187890518879	1.2110458592116549	-0.6116698222447585	0.7430549915815182	0.9599969251986133	-2.1230555714715513	0.7034034510083789	-1.1690670698693921	0.5683380834617813	-0.06827064290100737
gfpxm18uv	8.330085784022517	1.032084020536981	-0.6308699513348647	0.8289012101149059	0.8913568866758101	-1.9188972153443151	0.858646185283797	-1.0813947379165894	0.5151554543687453	-0.002624522539508372
gfpxm19	8.103940961925499	1.2593310564577722	-0.4350622822578752	0.7393052714583892	0.5485479291522143	-2.1024943994665697	1.1523253691264579	-0.6794109743640949	0.8857440420150512	-0.14632119760284173
gfpxm191uv	8.095026709178002	0.9017522703187614	-0.5416116934726221	0.6165334462411334	1.0489847400319374	-2.1199254912543974	1.4364439367684936	-0.31056038271902875	1.7921273561972673	-0.36040409205352236
gfpxm19uv	8.20124626559192	1.2612520020516929	-0.578281638523722	0.6919160189372806	0.6971009493221194	-2.102491745068978	1.0103183381151826	-0.7872700391835816	0.5977038776057747	0.009465228687716905
ggvt	-7.774910666063961	9.002173022574041	-3.666596546102981	-1.9127896385695646	-0.6806380326957981	1.2301365264053616	-2.4150917868130075	-0.5609539838882753	-1.3146053361247498	0.45852790433142926
grvt	-7.948919525448573	9.80202976086263	-4.030386964048745	-2.280128813802549	-0.30325768327830743	0.9853122604558829	-1.975032845002206	-0.7578028546617879	-0.7898412930851081	0.3898670119959167
gtencp	-6.25544241433036	3.3166371587987165	-1.2016120708465978	-2.0418764538244187	5.4448907328714915	-4.335358011859307	13.449105345447263	-5.300096150177595	-1.800603669056535	5.975528996382288
h2-3	-3.4181163540782564	-2.810588633286099	2.2405904168121613	-1.0102580231703329	1.4964826244716942	-0.3407050200908019	1.7791422950263758	0.5503033788297534	-0.32381080346443003	1.8727631827966142
h9	12.503004587019216	0.9772692852303253	0.5685321323510071	-0.1989243509270253	-0.04836616334922975	0.16152371345624425	0.6294175586511318	0.28681908665059636	0.7560660894615929	0.7285582478007562
hcred	-6.690505091646498	-3.202714033031533	0.12195542096704559	4.75911510863764	-1.5412864639654373	-3.9236313262144407	2.092622206294586	-1.8561637903492414	1.5733512782781844	1.075257621063481
hcred1-blue	-7.241275551345342	-3.2796486855450513	-0.26755893235317957	4.698782896768782	-1.8393442913087932	-4.09093948408693	1.6516442749233993	-1.3120668656193664	1.460531504944062	0.6822858580922573
hcred7	-6.937009465484276	-2.9410783081007854	0.3300588311294776	5.0567142369179345	-1.3223666484528613	-4.027873364571226	1.9439010269399204	-1.756761475271076	1.647905103654863	0.9450072330332454
hcred-tandem	-6.713140091628241	-2.7985637271448773	-1.3895663713254187	4.626547465621237	-1.4579200271062538	-4.121711754439763	1.6552888432945052	-2.145716149360631	1.4929711664564433	0.7503663534687625
hcricp	-6.368743022309306	-3.5899071954020307	-0.17249284161335288	5.714371992665236	-1.7328758463087197	-3.550195357224182	2.0574393383297362	-2.670953916312024	2.001887706958469	0.7900307624712567
hcrigfp	-5.0758020654269	-2.055013909398688	3.291914038712469	0.33908217451141925	0.7280063368178953	0.5109458630633547	-0.13230895667540474	-0.8077543448612844	-0.9793893878673746	1.8354282992246322
hfrifp	11.85681894385476	1.2265883307216727	0.6483618954268888	-0.16594671471876019	-0.3545401809025809	0.03062398978891792	0.18898586368624834	-0.1539137180145774	0.36716928801619586	1.156249223731564
hmgfp	-5.403118243925723	-2.1518440773415666	2.7948014032808213	0.4541221669761235	-0.5900101130913116	1.0953552485879254	-0.05738082757220652	-0.1037418343379738	-0.5787525249416107	0.3396145447110453
hmkeima85	-6.4135416998111126	1.8973735288420481	-1.9343800757647314	-2.9735995930973957	3.35768002941134	-3.0508868495513433	8.596263268382849	-3.7030083177192807	-0.5942623389667789	4.792232906684237
hricfp	-4.86864642142921	-5.150131034829405	-4.597048994586525	-0.13264291328713415	-2.6011319484116058	-0.04630799655288548	-0.7151602529212914	-2.4730483294009056	1.6122837302115376	-2.0607910282106117
hrigfp	-5.394069199238218	-4.49634940893533	-4.402642832045168	0.4870392288406255	-2.3876316394851838	0.7691550581309103	-1.8215870867690818	-2.9090107828285197	1.940921338764126	-1.5512433596695523
htfunclib_acid1	11.23270946932055	1.6459371993310947	0.1536694950411245	1.2189507711348464	0.1785868644882566	-0.5148012699701482	0.48823652191331635	0.13561765010736535	-1.27740816540715	-3.848674362557282
htfunclib_acid2	11.189156463370537	1.5911745200015341	0.145574482486506	1.0291741442804403	-0.05995838085168994	-0.1956764603104001	0.8678387858214651	0.17387742578506893	-1.0651333321417518	-3.772631233106245
htfunclib_acid3	11.124673122999182	1.710648078481996	0.2253895250973371	1.1589702965553992	0.21147904616452834	-0.5137186881000319	0.6009797578045404	-0.13664583447958037	-1.0806394311716676	-3.927414794677766
htfunclib_acid4	11.2928140035117	1.3944108989169635	0.24970595247099836	1.609317721616882	0.4451251507394092	-0.10477112491107322	0.3968260657521443	0.03081613227412144	-1.0589404027356106	-3.387065250443494
htfunclib_acid5	11.40785054742544	1.6225290451058654	0.16343379605719513	1.6118723293331354	0.7812884716236178	-0.13171777989801273	0.47782625027920866	-0.06865058962109089	-1.2468035664472383	-3.797024949895933
htfunclib_acid6	10.76467590187284	1.4100845999356324	0.33263435090403265	1.684424245569142	0.18019676341862967	-0.38621843906328646	0.17765444481689666	-0.49792607027940866	-1.142186136068567	-3.469219299446268
htfunclib_basic1	11.545016071711082	1.461460391849512	-0.19982786757068371	1.4362293915291102	0.19221214834265754	-8.840264992253416e-05	0.484989253768551	0.559094681099424	-1.0303403304642722	-3.968858725212236
htfunclib_basic2	11.50081238895602	1.8038860258673983	0.4031373437664693	1.6756998065355637	0.026383380396073013	-0.027235695655733045	0.8336459062840235	0.14626305061054595	-1.2508980688471576	-3.834231757812612
htfunclib_basic3	11.397963553993664	1.5744652672132013	-0.22375113289227475	1.3514216711341864	0.5907043488387843	-0.7615370160850748	0.702625889568859	0.42388607859136745	-1.4768784733448412	-3.908394099883092
htfunclib_basic4	11.112270615404075	1.7396115596862611	0.03656357115547901	1.3718054563356454	0.12573490364098286	-0.569861481000574	0.40921663109725864	0.04475768439867336	-1.2510167897674573	-4.138469657853617
htfunclib_basic6	11.463167423507763	1.3093802236837824	0.011542766400823766	1.079002027680957	0.4207062118266548	-0.4591397283173018	0.8714614899931049	-0.4295511734486379	-0.9342583743201539	-3.4388304856484133
htfunclib_bleach1	11.213700189702601	1.7554400860218482	0.13200909489875884	1.316684223731564	0.2536548602105984	-0.07648405664032411	0.3307760675211948	-0.10101111781538838	-1.2407086843243682	-3.5201151374236384
htfunclib_bleach2	11.069518204794232	1.387685595038837	0.12227008518301379	1.0875641887068854	0.28393084545993125	-0.5809229718451844	0.3029810525100385	0.198378640021755	-1.360526441049657	-3.640858357249802
htfunclib_bleach3	10.851462142303333	1.9000797434276429	0.27118362348922825	1.378686745699108	-0.07598567356681458	-0.04909063019838562	0.5817136936579634	-0.05246639245031755	-1.1792929798041882	-3.8650717530928302
htfunclib_bleach4	11.260180911874567	1.543801109482938	0.13280629540439476	1.8583907225253908	0.5425946545804948	-0.10645651687735838	0.18897371782373015	0.17631419769355616	-1.131902706538817	-3.979480168944637
htfunclib_bleach5	11.318489614687326	1.3177652666376458	0.13734997820689715	1.0066457430117914	-0.07683515233524059	-0.3264174664205061	0.3511273723049611	0.16274290237316968	-1.148149974734811	-4.146831054687624
htfunclib_bleach6	11.15643330024361	1.3706369899318689	0.15837035695009802	1.7278708940392016	0.29189991190063214	-0.24405144543909743	0.011605227013457084	0.2780922116227565	-1.1189480330789885	-4.299777049762467
htfunclib_em-blue-shift1	10.991437351057371	1.6107177054224955	0.18366289220858872	1.0833525278279466	-0.009997368803901441	-0.6220967446794751	0.30909727177221713	-0.2965805269742008	-1.1079782797258917	-4.067761693780165
htfunclib_em-blue-shift2	11.3134632334414	1.4593098634638393	0.11076250028282562	0.8257011674496659	0.33449081503934214	-0.09639232776647245	0.6402779952574157	0.058438518335722334	-1.3098328585546288	-3.4825031707325658
htfunclib_fast1	11.445646780673872	1.4149955264628546	0.01837040265779116	1.5669249595131003	0.4443515021738875	-0.479512782282906	0.5434762926531146	0.10313193211370053	-1.0497198212268815	-4.010018132011505
htfunclib_fast2	10.942046519325041	1.7542991505208065	0.34460888466880646	1.137420386536503	0.15442461351436176	0.037056866371101026	0.23512928309259318	0.17413048149076232	-1.4854547465907377	-3.948028855040544
htfunclib_fast3	11.099589407594165	1.5152346870804219	0.0021463322855018153	1.5623372603108185	-0.04462340217192884	-0.6098152164818433	0.3563670621002265	0.06250117441820946	-1.305393460185488	-4.150018330746538
htfunclib_fast4	11.408211457017421	1.5140772146148669	0.16272585082067006	1.4857119479460883	0.15425507723319484	-0.6234111431310766	0.4006998916234502	0.14849439366852743	-1.0731275585176863	-3.9276420134039696
htfunclib_mid10	11.199672299024353	1.6372894240312055	0.13344102949464196	1.4342870331735618	0.2237181884901706	-0.236389843672141	1.0174104178136434	-0.04014024760029456	-1.1489004081981844	-3.5532186244944923
htfunclib_mid11	11.454861847750353	1.4917402295717406	-0.021557627798297813	1.3044919799254109	0.5209070555874497	0.18177951158513073	0.6848712393596208	0.26387328708740554	-1.0555038724784285	-3.2214994744148764
htfunclib_mid12	11.072370120113797	1.8864807231422376	0.18330859507639988	1.0063562097795056	0.22870312565699474	-0.25101953673748517	0.351851854787377	0.2791905292969841	-1.2262791877878678	-4.184545776560173
htfunclib_mid13	11.343298541484378	1.242936531086904	0.4080736966489408	1.628322107034463	0.6682589902628686	-0.17663261708927394	0.4682119953918515	-0.08975589686440309	-1.0650546543500403	-3.47832981212262
htfunclib_mid2	11.66484117453554	1.1702397432081542	0.11423263846775708	1.3627287418115137	0.2024730092189836	0.4153585029505054	0.5676002906405302	-0.17492917491711932	-0.9758590178089617	-3.269332829013069
htfunclib_mid3	10.801346665904127	1.836981201349887	0.2931121849543861	1.1865870810460764	-0.05499205947049874	-0.2370640877129357	0.49818610860709794	-0.4104935559304764	-1.1992142609438041	-3.6785282809110313
htfunclib_mid4	11.103272747887129	1.669827111793148	-0.042208024460331346	1.5234224452785199	0.4435886142584137	-0.6069581508342999	0.4235053683462334	0.0715382769801369	-1.6015713680493204	-3.3627621090786106
htfunclib_mid5	11.163549587173778	1.9321071054645864	-0.043757170893249486	1.4368095288508533	0.2988396605498253	0.06986643004395927	0.4714060021062359	0.17751185904883862	-1.332919644727489	-3.9849893171261135
htfunclib_mid6	11.455024876231624	1.9721400654275323	0.1083666285069696	1.6266943521768522	0.7325817432698176	-0.2883313504612576	0.5645308076102257	0.14152834493890495	-1.2840561575676537	-3.915600886920751
htfunclib_mid7	11.753104852554781	1.7614278181462404	0.13666425804378032	1.5300736238133703	0.6826121956314528	-0.18559464105082343	0.7240921857313379	0.3195190167092848	-1.2149786333568668	-3.734154253560806
htfunclib_mid8	11.485990258019571	1.5800558524634234	0.05584720460348209	1.9644225926455465	0.5812337838961771	-0.07029560370463933	0.3899651155257576	0.2598114543571597	-1.5308455266742973	-3.7526411684080414
htfunclib_mid9	11.508509178444594	1.7508758207029274	0.19681577473095188	1.2694958355329564	0.0857370215977363	-0.24967115484941207	0.7704135988146804	0.3568745653499988	-1.2098591930531952	-3.697533074464077
htfunclib_photostable1	10.863799331726169	1.3260331595670238	-0.30352150044888765	0.9849701763028336	0.5384248797094074	-0.845864861715917	-0.1502027735894372	0.6595069515130582	-1.5834134471704657	-4.38521791788997
htfunclib_photostable2	11.068690626507879	1.4135943699319915	0.18715382783669748	1.7171265085695906	-0.00675650692369829	-0.4909944010531304	0.29371555142418204	-0.1371969676089944	-1.1641748391733902	-3.636144913646986
htfunclib_sfacid3	10.612391715729482	2.3355195488854923	-0.0865091531015538	0.06756023978024453	-0.2578166093932341	-0.74278248262568	-0.2753547793263237	-0.2950142838487075	-0.9732837725493005	-0.9324218209755851
htfunclib_sfacid4	10.892254552373272	2.0346205136252915	0.10963951966150025	0.5195990918605798	-0.24588404907940625	-0.4249465171282442	-0.39856205729298616	-0.0060033043037437585	-0.9709982131479091	-0.47328479355584974
htfunclib_sfacid5	11.006827239255099	2.26181882857956	0.02371523484614015	0.5221433987392688	0.08892377454317235	-0.4517845162483023	-0.3178884864132103	-0.10506895070744154	-1.158103864102636	-0.8815914297040476
htfunclib_sfbleach1	10.813459745877916	2.3941939378789456	-0.0075827538076254555	0.22814556775705894	-0.4365822819851175	-0.3967735096166501	-0.4643457248859074	-0.13729899290095665	-1.152033558117356	-0.6057981890562391
htfunclib_sfbleach2	10.669859139940964	2.0279223279079646	-0.017282493322903287	-5.059615864924882e-05	-0.4064283773214675	-0.8991783969376228	-0.4920286632236335	0.1608835481707143	-1.271368178726817	-0.7260545410605211
htfunclib_sfbleach3	10.340282392213863	2.5241873764724865	-0.040899708332210405	0.2863907354999864	-0.5441221971901765	-0.28002792495750833	-0.2945431577303742	-0.2111742750534328	-1.0715395246147543	-0.8703301626228466
htfunclib_sfem-blue-shift1	10.479693184803573	2.2359921208786497	-0.12806753343833122	-0.007752618589436748	-0.4783999743013067	-0.8507235309124629	-0.5660603198504516	-0.4543040783897213	-1.000512383810966	-1.0722028051622479
htfunclib_sfem-blue-shift2	10.912820519279059	2.0992577887989934	-0.028743676671075545	-0.26085771813660524	-0.3560722785871341	-0.41660150545600144	-0.15609178879378494	0.0215077011688992	-1.2208790058386254	-0.568337883521177
htfunclib_sffast3	10.587409144338197	2.1408941147073115	-0.30885217174882523	0.4693007238431009	-0.512886386567044	-0.8384915250059546	-0.518981133515702	-0.09667028708356962	-1.1971315353170975	-1.154127762140851
htfunclib_sfmid10	10.687088475722295	2.262456695460712	-0.17808688864133576	0.34176682826688204	-0.2456268184479379	-0.4665718996672561	0.13939672479564622	-0.19889783240038691	-1.04126950370071	-0.5597345063172436
htfunclib_sfmid11	10.84163587974101	2.201457193544767	-0.2651779670902662	0.33779123859878996	-0.15934127692084146	-0.19472356157784632	-0.2210621085592385	0.19408055241803346	-0.993447513285119	-0.5813038000597265
htfunclib_sfmid12	10.560299612049285	2.510643190946296	-0.12842040195305218	-0.08443846761348887	-0.24066198183420426	-0.4811426020347601	-0.5234781343474526	0.11914532039650165	-1.1183362720823724	-1.1885159843826578
htfunclib_sfmid5	10.651111419967895	2.55608559592057	-0.35457058015669485	0.3442791525906349	-0.17080825554981272	-0.1615505302806575	-0.4044060602032658	0.01787664478645272	-1.2245467271794943	-0.9897641880914789
htfunclib_sfmid7	11.23828944637559	2.38609453153496	-0.17487665698150753	0.4371671826541099	0.2114168096322918	-0.41598151641134784	-0.15273877247987702	0.1593111929402025	-1.107081284403107	-0.7399405562340934
htfunclib_sfmid9	11.05782550154881	2.4295826425092804	-0.19941731160784687	0.20558009144562742	-0.14521805093083945	-0.4085044323466043	-0.11371140906101133	0.1944521384750889	-1.1626011555660303	-0.6115425171198667
htfunclib_sfphotostable1	10.464969778457846	1.9665184909662774	-0.4413571773998383	-0.10223092302881458	-0.15296052869396584	-1.1630519727362958	-0.9433851351856102	0.6201524713092308	-1.4933564469197191	-1.4674126518593984
htfunclib_sfphotostable2	10.556634955111138	2.0396636375473824	-0.12459067416356161	0.6234658219072798	-0.4751721804125567	-0.7201498257684862	-0.5813800171325684	-0.2955631946671157	-1.0564823442284346	-0.6423264152715393
htfunclib_sfthermo2	11.059441949525038	2.1291952629387723	-0.4998375660956963	0.15893180110903365	-0.08867526064760939	0.0076236975852568434	-0.02207463044036988	0.06618168796749603	-1.028216429019615	-0.7911503461703444
htfunclib_sfthermo9	11.203339118519471	1.9413829021453375	-0.006828183938037359	0.045768279961524036	-0.29528366815072005	-0.057715398016762495	-0.5171557030006595	-0.027605928326352672	-0.7442222235608312	-0.46877486264728696
htfunclib_slow1	11.128951835645763	1.0749770806431527	0.30781121620490143	0.7274293941486806	1.368438270497888	0.5347098398440158	-0.41326419253758023	-0.5643735741847509	-1.3458805196777026	-2.3318854119491887
htfunclib_slow2	11.04708052544551	1.7523325862034633	0.05822524694003543	1.6587537417879723	0.6708096686556049	-0.3495713906616899	0.9083408935350752	0.25076450334830985	-1.2755485238916102	-4.156892958824273
htfunclib_slow3	11.246383260011013	1.417132998016456	0.3638913808630729	1.514840101360527	0.39591553722691913	-0.29252007338921415	0.6292543448883519	-0.08802877335370848	-1.096930193080212	-3.8545227215585594
htfunclib_slow4	11.375877230041858	1.7594905066816475	-0.14342007533076329	0.529415271898814	1.4516005984899496	0.43113345850438883	0.047139135458634136	-0.5859881629033603	-1.243407489987309	-2.5255556646986372
htfunclib_slow5	11.331481396549766	1.924310552499696	0.10173915018722653	0.9575553880552916	0.25400682083825316	0.11231663163637609	0.9897672210926777	-0.037355455001073436	-1.3387963772011426	-3.933521988350406
htfunclib_thermo1	11.518258852864122	1.2752950416275712	0.10523942723207505	0.38073646283965407	1.331802474474191	0.6813151062473048	-0.24960684049947784	-0.3818276920033643	-1.4321096131968631	-2.1863041156426832
htfunclib_thermo2	11.677231480585615	1.2868100700648066	-0.09025948727693688	0.5023631122906295	1.083359449254608	0.9056430769046887	0.11384915075583162	-0.2502300754971194	-1.3579013775380846	-2.505197470660037
htfunclib_thermo3	11.831264349327752	1.5112178741631879	0.035579859419635436	0.7906308440577985	1.3057333538056985	0.5879684797315932	-0.04341820583329043	-0.667235918255459	-1.4359100368557978	-3.1193710367740435
htfunclib_thermo4	11.286772804412186	1.6566942936822315	0.06647413480043486	0.38571436697742795	1.1378994329002126	0.24036067608694445	-0.36175734102563334	-0.928865822173995	-1.0675382021652393	-2.4551966376233434
htfunclib_thermo5	10.864335793238293	1.1801726056407262	-0.0695575544373242	1.2144057119941845	-0.7670175734448804	-0.058136949587961916	0.8623891264063456	-0.0844977526219577	-1.1266719950687243	-3.999564102889946
htfunclib_thermo6	11.307874935136237	1.4516556698106187	0.09884066939762855	1.402739313359449	-0.32916153823675226	-0.1837671609128997	0.7551028106880157	0.07748050978854867	-1.3185276694933263	-4.0634401119791965
htfunclib_thermo8	11.584606341954132	1.2696437898923894	-0.052904375997603226	1.1594855669297082	0.3058882581119107	0.04771575345617201	0.5072819086886413	0.39444357941832453	-1.0134790712516881	-4.39157565184144
htfunclib_thermo9	11.57370345146067	1.4263141845524052	0.15215102717447418	0.703720270818903	0.6613493839086989	0.6963703705343511	-0.20219578827218665	-0.7557394442348818	-1.0676532097359406	-3.418506323718159
hyperfolder-yfp	10.13456698667655	1.5030240095575045	0.5042210701013367	-0.03715557591743437	-0.2718238241924509	-0.3590533542778606	-1.0924451439996343	0.25593726767312713	-0.7507504824155405	0.8227541039243028
ifp14	-4.198109283441	-7.12427072053951	-9.855874418859317	0.28624234842259466	-3.93726939063845	-7.16605647403994	-2.0232262846509204	-1.9971479594583461	-1.889052402234039	-0.47428952244381856
ifp20	-4.158013414080832	-6.547858562171454	-10.138219515629265	-0.06302905520906332	-4.299971308415962	-7.3836999123875495	-1.801095638003299	-1.5905940581845879	-1.802945237988707	0.006097444552493944
ilov	-0.86580572475841	-10.00591503668684	-10.270528031579502	-8.18134703313536	-13.51227606333933	15.541919720985508	8.131449404730436	-1.3438519673275728	0.8591001613162961	0.12523881279563454
iq-memerald	12.152476258055636	1.6979485921218638	0.8027454079256889	0.799728819420312	-0.8604546217280118	0.29656433306456703	0.2570964597389359	0.549872036948986	0.36504398798202314	0.5134117986278809
irfp670	-4.786523649189354	-10.714693773699919	-9.811113156788585	0.4296424154521003	-4.833857307353691	-6.643820111190148	-4.018584343338063	-1.832953096703217	0.5149125446940425	-2.295010195787211
irfp682	-4.097255735462177	-10.701281826850098	-12.081179130200741	-2.1751849666238465	-5.031497041365843	-10.48382160184603	-4.133331663211889	-3.594525441937893	2.8300985916760175	-1.279170374523668
irfp702	-4.820218851631462	-10.556134262922628	-9.611496457822332	0.3051352893335971	-4.592288199869468	-6.145338582685355	-4.003691413050221	-1.7634626544064336	0.3382280598417049	-2.1730697347139944
irfp713	-4.067946546848563	-10.18175002949594	-12.072411716594353	-2.56053993998694	-4.793310314826397	-10.110851915773821	-4.080074191753369	-3.7026127888956193	2.738417110407336	-1.0620795509833159
irfp713v256c	-4.13755420394307	-10.530543955795434	-12.197001709204029	-2.3404485707040656	-4.945825277481348	-10.443050038521127	-4.107983400618072	-3.833845993252959	2.707089270286164	-1.159502003374707
irfp720	-4.074810263072762	-10.28378351189274	-12.031022158285452	-2.221317977231764	-4.6971759608819195	-9.992877257978451	-3.589507127089005	-3.464488503153833	2.5346201466428577	-1.206663071130635
irisfp	-5.172409085101727	-4.761097105488715	10.838665930580964	-3.386020547396048	-3.488900808737425	-0.6445420618103475	-3.1354423039222494	-1.5856852757196032	0.9196133735966341	3.9453021745773023
irisfp-m159a	-4.9149395479229785	-4.859956466082711	10.685171056221826	-3.4017385482847367	-3.4897032626074767	-0.6763682856455128	-3.158773359992518	-1.6641348273994105	0.8377807831851793	3.8425387145981245
jred	-2.6493863037348726	-6.811454520301334	-5.31002613757791	-1.0389672710585625	1.491055731942909	-2.449009005920329	0.9641102304836527	3.5540243979748833	-3.2030027181714793	3.2154816847671537
kaede	-4.526523390575053	-2.6041540627519186	8.335706576400161	-3.742217775758459	-0.6225112397318354	-1.3265731087850627	-2.5647179465075163	-0.29108165269993685	0.08691692778995722	1.7963207004215116
katushka	-7.258453082570726	-0.12294167667262997	1.7588876448399982	12.25774794517893	-1.3905049651346013	1.8278253349678126	1.5115435290037726	0.745750448943961	-0.807030300679348	1.926318978422231
katushka2s	-7.109530365725091	-0.027516923194972714	1.3602188533661361	12.028553970845401	-1.492918740341571	1.7012351189879646	1.1091390529093113	1.1374614150119642	-1.014410148495389	1.994122986736592
katushka-9-5	-7.263133524447883	0.6658325318400831	1.3379667714091343	12.030837113386628	-1.135130201517309	1.8286970740610016	1.3274787246698243	0.9236221778033258	-1.0778085575276295	2.031389785565843
kcy	-4.382371550247759	-1.892372098913555	2.4503056280200783	-3.23103809732807	4.036254385861784	-1.4185963989234414	4.120629561439321	-0.2702546952117345	-0.5248077260949412	-3.8236652937735762
kcy-g4219	-4.748207686912169	-0.9338366631722206	1.5824557515766948	-3.3753879252636705	3.5642168148088795	-1.512781043011547	3.4298996797477277	0.8135893297743432	-1.2967884425550689	-3.0966070934725196
kcy-g4219-38l	-4.7247368630042015	-0.6890293969861994	1.3462768064092832	-2.9479350427038153	3.5557042300148893	-1.4881985177078103	3.8667211171057185	0.4949113471030797	-1.6810277089104784	-2.886942435829402
kcy-r1	-4.2423195722623595	-0.5419493833767807	1.4295468410520205	-2.6944310189620757	2.887942565871301	-1.2175165916697674	3.7773239505438996	0.9983201316659873	-2.0021233732643204	-2.6683176208327755
kcy-r1-158a	-4.249432702350962	-0.34936600456848427	1.4497948347212508	-2.755183662779118	2.813296784869828	-1.2540628605953215	3.613687449228377	0.8080861147497139	-2.0004466888415275	-2.5142608099431873
kcy-r1-38h	-4.295748251433559	-0.3475174711041752	1.1589238084515738	-2.704398997976112	3.1729545689504763	-1.2887303887506243	3.3979738157024473	1.0172370251598442	-1.8619692970966095	-2.887364693685233
kcy-r1-38l	-4.287389106797209	-0.32825668907170885	1.250220413307271	-2.636316574963287	2.978370259044407	-1.4008218820352285	3.500581563596946	0.9579206221756046	-2.0740172551391294	-2.761641199083758
kfp1	-5.704437662131467	-2.4314130009458323	1.096719838382523	5.269745231461452	0.9391888374332266	-0.037051487529153465	-0.33706842386148667	0.5897956260598349	1.9303671167053813	-0.6791663696453207
kikg	-6.055042248799911	-3.5898284092751225	7.487260969826141	-3.3933667107360166	-2.0321835426882187	0.11310511177541561	0.5287551416293301	-0.3514287548682368	0.7948589180070014	-1.7386684605546148
kikgr1	-5.507601504709931	-3.5636139984516952	6.869958186255825	-3.313436243296233	-1.73110236314103	0.26423446505816495	0.5253403530678081	-0.7372696500621355	0.6800675274157594	-1.3937452964228008
killerorange	-3.0230232751849058	-8.589509513887268	-5.529487340293721	-1.0597236946176838	1.1783082892306762	-2.430935718331412	1.1310296518128116	2.821028568614689	-3.368061398035535	3.591824004091391
killerred	-2.4413502383463066	-7.384198428009298	-4.646794063977847	-1.4204870846418713	1.396718051898655	-2.0984257276224683	1.4336029870548106	3.2316653659710823	-3.449200689717985	3.3199087530117946
ko	-5.535958210319808	-1.463891420563337	1.8164619885714406	0.2509936345361409	4.318589273271896	-0.4481882247399752	1.8420039756361066	2.9910008971996294	2.963490738329254	-5.055669253801487
kofp-7	-3.325241543887673	-6.500934729361729	-11.91266942336788	-2.3039460230997184	-8.488563956020228	-1.2997714940685374	0.01769028570448726	-3.16055491377891	2.0762275660195666	-0.3883193904754287
kohinoor	-6.560122979967689	-2.045287595977453	7.70335388227413	-4.220699367029812	-3.57861152451968	0.7576995597808971	-0.9993250717185872	-1.9404456957432359	-1.2917887187573902	-2.5090847852361513
kohinoor20	-6.253858272669155	-2.279170357423156	7.221477413707791	-3.3627959669928393	-3.1767340677913984	-0.07619735828291886	0.502022799887165	-1.6487166121791554	-1.3117159545705508	-1.530220173312961
laesgfp	-1.7267227370449931	-5.062627317398908	-1.9542582198724168	0.47873599281132245	4.981556862917605	0.8612106129520142	0.24138106254556993	8.468154011682019	-8.310843059520524	0.8812670327745163
lagfp	-2.6699600362151092	-5.626936368258975	-5.1477970899688446	-1.0699808688399046	5.998158265804847	1.3761755881426245	-4.368950394588404	8.75211768844144	-3.211880813047623	4.3254957077327925
lanfp1	-3.268521979454494	-4.38144208111623	-2.7315849166721455	0.11915339404919507	3.018146104299611	-0.5907325742195902	-0.8790099500816337	3.5996317020608926	-4.267934464621727	-1.2227680751451284
lanfp2	-2.693532321490734	-4.169112852158779	-3.0953929014170414	-0.8063294035406776	1.8328705004793877	0.27242485295921315	-0.5961175422035898	2.831435608032799	-1.3564001818630156	1.09911807928467
lanrfp-deltas83l	-1.6384909763292146	-5.3452946351526975	-2.78390031811223	-1.424552405758136	5.653878578012038	0.7596790560594995	-3.4893287546001717	6.151638671485627	-4.380568218907493	5.543244414279193
lanyfp	-4.170585424417111	-5.761320179489022	-4.477860147043399	-2.5857042747601997	8.21931252907644	2.6814323409182554	-4.304054980790633	9.198714897925372	-3.3362127140203626	4.793002413323067
larfp	-1.7035005449530647	-5.463585010443605	-3.3353550440608455	-1.2818259111193417	5.563163960330554	0.44153957890864354	-3.7227384090358626	6.062436415975001	-5.072624515253057	5.461901004419292
lea	-5.893759623366392	-1.6860977809282462	8.39698397656426	-3.5756050315504693	-2.1376496154584013	1.1799486615063264	-1.1172131409338026	-2.2734749509232945	-0.14749476909730547	-0.528815540795207
lime	10.883422838276646	1.2892295214792495	0.21033234610905177	0.0012130993224398492	-0.21013435280892112	-0.030612694728856575	-0.33455738217498826	0.7534689166824534	-0.402144979065478	1.2230331877601592
lssa12	10.29814792205665	1.3060994647326367	0.39868178918552355	-0.5846361522464124	-0.26275685505456164	-0.66040623251699	-0.9890056655201348	0.2800876603543003	-0.5501211483854531	0.6279334397408106
lssmapple	-6.767609676164406	8.362041622144366	-4.53333483728706	-3.0073323347424106	-0.872570472789029	0.6624356784800628	-3.3619489314149393	1.8769482901259815	1.5985387702422946	-0.6854153655089585
lssmcherry1	-6.8817883352549964	11.383543350499679	-3.7995123122281815	-3.4135145395705173	-0.21961960367499073	-0.03984146694262203	-3.425012564033574	0.9122496439355261	1.3784286420922685	-0.08201330042599586
lssmgfp	9.391437132490434	1.6788691390557668	0.015893747159453762	-0.0897174932148992	-0.08843449301641881	-0.4534011504880852	-1.0549656742313298	-0.012059204970395478	-0.5169529825145965	1.0423817077268145
lss-mkate1	-6.70992549044255	0.8204016888994026	0.07581269174573456	13.91330180506621	-2.5020857464032757	2.8599916950805317	0.5963996674711134	-1.1309801636575392	-0.22260248926483103	1.407099240239545
lss-mkate2	-6.554619542120113	0.6470611867794066	0.08265460865159735	13.647181008662399	-2.4519463585570436	2.9718871577128976	0.7739750704301286	-1.1420504139666103	-0.15454440353648785	1.4074354720716238
lssmorange	-7.638541491978442	11.778433067464306	-3.927361913896685	-3.6668351194816386	-0.7537729054600057	0.553380086454724	-2.6933371998686457	0.8454942543632809	-0.09263261923998799	-0.36009485844356487
lssmscarlet	-7.086765899790803	8.992190851969417	-2.3368636162829532	-0.6582439592448183	-0.5248138452546354	-1.3223701630705214	-1.899772896550887	0.31341065913110006	1.5365440410549303	-0.051240656499810654
lssmscarlet2	-7.454801845249196	8.431333584485902	-1.9576100755659658	-0.9936043372419705	-0.022773249159694697	-1.3461796151375505	-2.343447986375164	0.6132348289019762	1.423195563614972	-0.3626479253131104
lssmscarlet3	-7.277468027110834	8.431000604065279	-1.975073668825339	-1.026994772801223	-0.0815898138488767	-1.4164291047041566	-2.3867696032055075	0.678035958424554	1.4464487889584337	-0.2886986118102263
lucy	-3.155251659540288	-5.171277835690967	-4.835153114939304	0.4609686377722243	-3.7970549768955455	-3.3181586887138153	-0.8720106691685874	1.0744532948764678	-0.9833641333202491	0.564499279934882
lumazine-binding-protein	-2.225443057780014	-7.280364989450893	-4.174666782624258	-1.0064593061796085	-2.3281846119674268	-1.6390716690312686	-1.2502834459992045	3.940935512903306	-1.2008990166257256	1.7838310621984348
m355na	-5.2188339279689995	-2.3099489199893393	0.8122467394080226	5.596355856483818	1.066849703586762	0.15539480957738958	0.30307458135812376	-0.22547279391628214	2.2660218237596075	-1.1889300929019067
mametrine	9.95405382389479	1.3241615975748546	0.12394033085729524	-0.17754899972719934	-0.4767922596056812	-0.11953732232796647	-0.2457244777308574	0.6023577569141778	-0.7799161544276307	-0.11264390913074417
mapple	-7.5456830400721975	10.004329331640372	-4.134075831455191	-3.2316404569388872	-0.9263620895513094	0.4951417517093809	-3.426568473299068	1.2893214515843203	0.4466338704931499	-1.2125144083643622
maroon01	-5.889544268728958	1.3063492534438688	0.5265429796823741	12.37417941752474	-1.7187513802781684	2.7176629423349987	-0.6645009573298883	-1.4468117433334093	0.9084190947377113	1.4935353521055001
mars1	-5.482311403419603	1.4930326293356415	3.7538941109584876	-0.8136106611256039	1.0671238845745252	0.475104151444359	-0.764314006732831	-2.2102630280860294	-0.22783046407888788	-2.3960005848295047
mavicfp1	7.915258598246743	-0.31845462599365726	0.5252873663416502	-2.1803111048306474	0.40527311046943687	-1.4648300783737136	0.47841569389432537	0.31028966755152787	-0.09632325170115706	0.8799560487783986
mazamigreen	-6.162020229508414	-1.3654884016960058	6.389708153439146	-1.5315825467159274	-0.11456731091536641	0.003692631725612767	1.1590053733571606	-1.6414122008599024	-1.1646452070926483	-1.573098156767129
mbanana	-7.248859483732664	10.462178810742364	-2.805633990521099	-3.656202215143364	-1.6788538512468005	-0.14696479190680595	-2.4886520596821264	1.217493696694849	0.08810099060249678	-1.5745188131784664
mbaojin	-1.6226315542104883	-3.5546812084580584	-5.482945482554983	-0.5357845668079662	13.89899247605064	9.763556772812047	-8.232546946580829	-11.972993672631729	-0.6520013962229635	0.26146767287752787
mbaojin-t55s	-1.777004512490607	-3.4649603881329263	-5.712048682256362	-0.4766416470726704	14.030973026166428	9.90857502524596	-8.14660477498912	-12.122706992238463	-0.6615258686025657	0.10161863380185149
mberfp	-6.753866101358742	1.330171762081931	0.8494420534364697	13.858142600251593	-2.453408772665381	2.8701788607413565	0.8946374130764615	-0.5504582551250305	0.4112248026661798	1.4043078811455634
mblueberry1	-6.881622238622007	11.228449437867269	-5.025702241575021	-3.946998872061344	-1.8267293851084947	-0.4021337310407498	-3.103255065781482	0.22322044046180822	0.5513018833312306	0.029484479201620735
mblueberry2	-6.613667656083969	10.895703480447503	-3.4202906931053643	-2.757553962878761	-1.4875234155357713	0.28489091991656346	-2.332153618221399	0.8123480086494382	0.09102302265503388	-0.8072184359178415
mc1	-6.7097146233747305	-1.502571848119994	7.773076933878299	-3.956363181057131	-1.5894398191224386	-0.5620598015727304	-0.8320673995678001	-1.981020748936289	-1.0923787438406483	-0.8591236459608221
mc2	-5.921095658384927	-2.39405955062284	9.53120255629954	-4.014272082520804	-2.5387657018447602	0.27598949977129617	-0.5535079826462125	-2.225535114857578	1.2503448454978991	-1.0327309219912764
mc3	-5.730306947364917	-2.632504392386851	7.838228063419149	-3.8143956293772887	-2.3836412872653883	-0.52724093147048	0.5412776832742109	-0.8654653818516438	1.3347751666193686	-1.8217349127469533
mc4	-6.188452889717587	-3.043452603281087	9.512419276764655	-4.649389786789764	-2.535690238401792	-0.14520181701996118	-0.7585834819972342	-1.756785028159613	0.8220156915674477	-1.943297953710382
mc5	-4.843951680628748	-1.3237362293042179	6.188970932471132	-2.3535344784399688	-0.36302559629941744	1.5513114516785376	0.005016155890747649	-0.2909592753505199	-0.7001428092752014	-0.3475510501409529
mc6	-6.450832846937423	-1.7260705872996547	7.620870896101798	-3.6796361243771742	-2.2500059729062163	2.0745680364073396	0.957655019142431	-2.156198250275104	-0.38822702213165333	-0.7366097329395239
mcag1	-6.237751055960163	-3.202367845796416	9.468955181997154	-4.415619856546452	-2.2935002214431615	-0.32021632728782945	-0.6810904294206562	-1.583433146317391	0.7989543724810516	-1.5191473077785813
mcag1ea	-6.427202030340852	-3.1748160562450356	9.173022361525813	-4.438670355667869	-2.395078408306968	-0.3493192582995147	-0.43257034425832463	-1.4844145788081982	0.6701252004504578	-1.4021589016768583
mcag2	-6.486933166553638	-1.8034818548544551	7.178706331966064	-3.811513431530137	-2.615259733629415	1.997009650778236	0.6104936462726004	-2.565310610255091	-0.3247814812630079	-0.5916588613549125
mcardinal	-5.722891329032797	1.2714843840434027	1.2862072822150548	12.812459868393638	-3.146507290329288	2.3687188231569514	0.3184691737730507	-0.585491923673103	0.6364934269387826	1.8977376265287482
mcarmine	-5.609742643909113	1.6581775016099123	0.8855311341301705	12.607875186477875	-2.6788439650881535	2.658827495289698	0.38460408592706025	-0.10417461114593829	0.07212627167694054	1.7078262185996669
mcavfp	-5.95718690673543	-0.8384755997291876	6.898081383129476	-3.087765411658692	-1.5489744511513333	0.6584599342109546	1.6411947097851	-2.2226180760989562	-0.34481903234104694	-0.824029475685945
mcavgfp	-6.149407978946754	-2.504884618115979	7.395822711347485	-3.713120207743212	-2.5326835316713243	-0.6234256070564781	0.3576318908796513	-0.7788859495876362	0.9581522930431033	-1.512477843523501
mcavrfp	-6.639214711357565	-1.3372379659499125	7.451492045756702	-4.001801528053007	-1.5985408752826147	-0.5069167815685623	-0.8478169586211544	-2.1161875847596257	-1.0043528212929151	-1.09640581234843
mccfp	-5.016961699800626	-0.9612786253258873	6.326119202073578	-3.004188046958667	-0.26017397402282966	1.2177987839093376	0.10121771708878192	-0.4615063297306513	-0.5443422959664774	-0.1454913080626872
mcerulean	11.820902770138835	1.0652010314842468	0.4202498313491341	0.3069891418328947	-1.4873604414504589	0.09203051423095816	0.22885198232541454	-0.4778800968438699	1.2320252436763266	1.4662852601893985
mcerulean2	11.260554269942856	0.4114797255651008	0.5066321591738125	0.6656051826100906	-0.8697781311404371	-0.57829824457473	0.23371437562349429	-0.21370556613248357	1.4716369425692866	1.634269335182814
mcerulean2d3	11.374498760088006	0.4731656566588673	0.8514107654256964	0.7736195030733523	-0.5695887332499467	-0.5973048143268846	0.45250721808066624	-0.19574863295627473	1.4562844870570926	1.794784215262611
mcerulean2n	11.287447458695322	0.07869725705741962	0.33577318683399704	0.485160051215354	-0.7160292561707392	-0.8235454773352476	0.307632501008892	-0.4452657197054965	1.5586986832669452	1.826389274107528
mcerulean2nt65s	11.274130158367115	0.1224523007485496	0.44926429752034513	-0.03904888445572521	-0.6140862806468541	-0.8364716338420295	-0.04991980187586093	-0.4702136002652839	1.2979931358366816	1.5156896840932572
mcerulean3	11.247236969614649	0.45523476925623013	0.6201232698601604	0.14139624693901093	-0.7678351556165516	-0.5912244010815119	-0.12383792726125947	-0.23865344669227068	1.2109313951390233	1.3235697451685424
mceruleanb	11.822481765763381	1.0458334849264304	0.48279610949072144	0.36253423453024736	-1.2939946749340523	-0.05739050902769421	0.3056372696672608	-0.3911190331033154	1.1954876853215688	1.2619113234595338
mceruleanb2	11.613497769286319	0.9262692337927025	0.2846308181042286	0.3638972857336624	-1.159896564505761	-0.5104204829969021	-0.10449563554924683	-0.46860523259187564	1.2282324395646942	1.3097426365169724
mceruleanb24	11.601555464800825	0.8233201163108101	0.2861040047004146	0.3397999504857215	-1.0119648298769022	-0.5905454575250094	-0.2812858154956395	-0.5137052959236271	1.2641039781468453	1.200926390049421
mcfp497	-5.2040375513511385	-1.3295289657498117	6.3389381173369275	-2.830872082212271	-0.6137525033410935	1.107263402385043	-0.004047134386995894	-0.3637316860087387	-0.7006289547022327	-0.12203246063062556
mcfp503	-5.5139114622001095	-1.098973161999263	6.791921834149981	-3.572670671152358	-1.3696525196776501	1.082501927003256	-0.8397510951965638	-1.0990363359352224	-0.6692160672254477	-1.0821855067994557
mcfp506	-6.510295973203607	-0.996940036529857	7.251523233883523	-3.116104882002536	-1.3604174483297178	0.39731388288063924	0.6559140085697989	-2.678977809386513	-0.8055365804651003	-1.876617030082849
mchartreuse	11.245778391100753	1.4578935445038346	0.08812356725827827	0.31780487272152164	-0.1679538284941044	0.5228849458660191	0.008283335606427493	0.004263601863957568	0.3969866139056659	0.5899935313973724
mcherry	-7.21552261908659	12.53010998764341	-3.6479634746027862	-3.692715218940119	-1.9288069818156421	0.289252451391094	-2.8380500724333313	0.5975811108180402	0.6918733749482558	-0.11633870229799818
mcherry15	-7.117411183337306	11.870192664928865	-4.1325065442221876	-3.6954618973447024	-0.8718315595931929	-0.06392136412035584	-3.0466112683050945	0.660141612613717	0.9409844161593186	-0.016881514332084218
mcherry2	-7.0085281458151005	11.741901344449479	-3.7871926020729867	-3.934710337738037	-0.8635090472390387	-0.0980555858631733	-2.988284665481534	0.7040515262048743	1.0607873167016868	0.07552551245662667
mcherry_i202t	-7.249492542152755	12.47742084700553	-3.807348750144006	-3.8229867357084952	-1.7232037508067088	0.3704608016378741	-2.60491843755224	0.7224248944288476	0.5541467051216126	-0.05373591265839836
mcherry_i202y	-7.165160033491612	12.585832745747883	-3.7334445697106293	-3.8822701270857944	-1.9500965529456182	0.33538745873448655	-2.687854143406308	0.5569112275644822	0.8368283264960968	-0.01262360662990121
mcherry_m10l	-7.077960553044313	12.294389871927288	-3.8149936048351423	-3.708148361419428	-2.018488008162414	0.2684280333068394	-2.810129010340395	0.6382223816254332	0.7245438788596594	-0.020623734510449236
mcherry-xl	-7.107901178279551	12.116046340864212	-3.7338631461192096	-3.883226448374149	-1.2404005155471987	0.02358007492028605	-3.085362989130949	0.25927671530596835	0.585736778936482	0.09249017608260311
mcitrine	12.108872779701446	1.0981616973050654	0.7307094596231438	0.20090628670284358	-0.22422316766950917	0.14014956597802003	-0.051877631305855945	-0.055665275878850916	0.3675522588280816	0.6957313484223634
mclavgr1	-5.339638907112265	-1.5788706702839521	9.12723732353066	-3.5174884634966066	-0.6858340166999775	0.15747614573279975	-1.3756527841764021	-1.1446003739085233	-0.9651042885889476	0.44744569741988044
mclavgr11	-4.79434048162931	-1.1044292343948807	7.767120310517232	-3.4634010691038877	-1.0862496281596614	0.0025024653347295793	-1.4785573523133813	-0.596564324682763	-0.847174488004889	-0.4782701857301974
mclavgr18	-4.95490480334389	-1.4865567090033638	8.625073261272723	-3.6486762078985437	-0.4111249126727852	0.02283298705309226	-1.2060213629538816	-1.2827255970427853	-1.1159663148549885	0.3187395652502521
mclavgr2	-5.0420128571281655	-1.4787632649449534	8.701593521501868	-3.8164800628783513	-0.39956194179844745	-0.12608372261924744	-1.2219348243316284	-1.3097401247154392	-1.2001205319488557	0.42167357572329495
mclover15	11.22528131845295	1.2507348510934435	0.31582797083972874	0.34867103508688324	0.1769817266500166	-0.17748795955154778	-0.7667231981929068	0.20639441735121417	0.015567631735502536	0.9026320597030355
mclover3	10.980444675378925	1.0839359807614661	0.36676368549142035	0.19669731475776125	0.31401224866862093	-0.3836570503483134	-0.5458308976560673	0.17054256288166922	0.46525394569356315	1.099842346677653
mcrfp	-6.833493335671443	-1.9126805070754918	7.930805420957358	-4.312984263536832	-1.7567537562560394	-0.6863082913851131	-1.0225885847633998	-1.8894620141296308	-1.0116439039894884	-0.5565647235682641
mcrispred	-5.64372344019043	2.4232996123160926	0.2817229728078917	7.1273011961021995	-1.868280116550338	1.027149174652275	-0.8281818605129692	2.8177522650811544	0.8603590702138423	-1.2927462012815862
mcyrfp1	-5.575287005992999	2.4418517989748176	1.6849334581430104	7.656503883529741	-1.7787584736840851	1.5429283275591263	-0.43338819758947955	0.5604442216401156	0.6550652500993659	-0.8993283548662084
mecfp	12.446846068102088	1.4394985867110286	0.3045144861943355	0.3096640443010248	-0.9369766682242687	0.16470942962520477	0.22985299832662648	-0.24532592823201932	1.140061747289296	1.0038456052375135
medium-ft	-7.031883169378901	11.510321013014591	-3.424658441585764	-2.938775303513413	-1.8675340923491708	-0.6296793837619693	-2.3941552270900486	0.4773394478405039	0.5724081104775733	0.3718523879215422
meffcfp	-2.802097899988873	-4.030625896103562	0.991475249610411	0.3150504394905646	5.843839140877103	1.584137269362571	0.5985152079597721	2.0327276196112547	3.779220811594453	-2.239462483764555
meffcp	-6.446826826414158	3.1987668823953412	-0.6211087506857259	-2.3602642890948924	5.382455453832041	-3.532347720631696	11.999056550655096	-5.269247556665682	-2.631023821283996	5.1590396411566655
meffgfp	-3.963173975327559	-4.092197110079524	-1.833783626949864	-1.8649973754209004	6.3233762774152815	0.8839461724640125	-0.370032025535854	3.2709147301124544	10.89313165795378	0.21906865862279543
meffrfp	-3.806041276008894	-5.25976814254612	-1.1178147221809531	-1.6852612068373425	6.52134570253887	0.3087001287623954	0.7676295185083485	4.7197084445089805	12.531439687412101	1.042004587919591
megfp	12.444451892560922	1.8059326779619893	0.805070042524213	0.3528474014722249	-0.4905478918285644	0.7809298571645038	0.25482201338744465	-0.33259137351521084	0.8058356021562755	0.6419088728868888
melecfp	-6.038420969234706	-2.788130845793674	5.303283440020559	-0.7296942330517375	-0.5226352455600448	0.86982819593071	0.5996885958256211	-1.0158782058076932	-0.3755829739277405	-1.5716738095165395
melerfp	-4.858557109384931	-3.51461357038193	10.077939467931289	-4.561284487070276	-3.7532587073789965	-1.2596685984934703	-2.0459072854067686	-2.0415728968444826	0.12304860652454021	2.5896178238502947
memerald	12.210879127979476	1.9612829457093748	0.9289032165716498	0.448039708835793	-0.5506765434775592	0.42335286506004843	-0.02387745759207599	-0.08333923603720195	0.724698099118072	0.5676835949743692
meos2	-5.20715408783298	-4.39597562793219	12.011716360076006	-3.6687651666910086	-2.977601136642698	-0.9786253979520063	-3.742820586757481	-1.6225501162160445	0.5415759691176255	4.8074845606822665
meos2-a69t	-5.119185326799518	-4.446991781424631	11.841383791438087	-3.5947536154277637	-2.593088393381641	-0.8627014509621197	-3.620384325775479	-1.4985637299977184	0.4838047639264721	4.5751533730725145
meos2-na	-5.3292448486000055	-4.249238954244925	11.996542986222755	-3.349307433379917	-3.4760908539867805	-0.8961915945318967	-4.115442525150593	-1.6910561752707638	0.6542600630790392	4.823015848912054
meos31	-5.288902188886689	-4.295189371537177	12.02527771276306	-3.1838274388440944	-3.1856291700278465	-0.8730823162061497	-3.9092066935319973	-1.6597021314069955	0.7482289470926108	4.654845026101878
meos32	-5.384395198280826	-4.228245273555259	12.194195986646521	-3.2825304091686585	-3.500837162538019	-0.9079633159799722	-4.030188813265376	-1.4820663586482639	0.8200427442415746	4.662826053447408
meos4a	-5.1309611264229975	-3.737003285465199	10.795470361764746	-3.175568357913883	-3.2267719327321585	-0.9823666271967787	-3.9250954184152977	-0.8919493658219726	-0.21737249646593756	3.628127193411899
meos4b	-5.402983381276497	-3.6625195628354543	11.114410282014608	-2.850512330658485	-3.7212926886091235	-1.0202624504454236	-4.18425271071752	-0.945216739315936	0.468947416892355	4.036718735745631
meos4b-l93m	-5.4864098583266	-3.708171150783919	11.283449138625556	-3.07179948071187	-3.5467477402438936	-1.0538946698683533	-4.019977148948653	-0.7549073852043935	0.42176716689435484	3.9444593820190623
meos4fast1	-5.589219310899144	-3.4359486588345676	11.100741585133786	-3.034177170802676	-3.44267498198962	-0.9273651399871722	-3.9839768327877128	-0.7127317416797757	0.6501603124768576	3.936588167030505
meos4fast2	-5.678015698404087	-3.7486454052208917	11.054446423649328	-3.1306858830345274	-3.5924904712040946	-0.9916174823616172	-3.9155506885053613	-0.934083735665598	0.430441856833756	3.772910837676304
meosem	-5.7138650117323655	-3.4132497154487362	11.069962241962607	-2.972013898010864	-3.541407778151509	-1.0838321621045588	-4.114651928176751	-0.8211280740356033	0.4240038540472314	3.795450144995184
meosfp	-5.211023975151751	-5.01280116687481	11.252523820820338	-3.5327953208765943	-3.0619412205523973	-0.8899277992953926	-3.655714495872312	-1.6966002835453193	0.540833670246171	4.457322977410319
meosfp-f173s	-5.195962750005908	-4.795159298769829	10.683869701086953	-3.349535231180215	-2.9702911621509935	-0.5457370543257283	-3.2722380944535248	-1.6893628575844293	0.5719178371042739	4.258964192703684
meosfp-m159a	-5.149600312685585	-5.2119441990800395	11.029773705673907	-3.3925129383349812	-2.751000176961746	-0.6178603567990091	-3.7367492067592973	-1.6962339380952633	0.38170242910774793	4.122305488538374
merufp	-6.959405398266519	-1.2538753918246028	6.865411733972733	-2.868843299799513	-1.230738043983184	2.1062135273032765	0.5784785522023727	-1.1534840010485894	-1.2599851529381132	-0.957645755151196
meyfp	12.24630505831166	1.2479706889962416	0.6716233411479938	0.1373828129440928	-0.4363827002498274	0.3431382984378856	0.16290854139083152	-0.171611333865561	0.379250156861624	0.8790852924092696
mfag1	-6.286717600934341	-2.958056966990048	9.525187613737936	-4.7160741928146965	-2.385557549281871	-0.2823491985034969	-0.4849763944421994	-1.598236930383395	0.8314352522306829	-1.6625629487813096
mgarnet	-7.047276828901636	-0.4196600799101567	0.25703408261779803	7.026924576085703	-0.05435647298407191	-0.2063219577712967	-0.18337585334389123	4.608177771138235	0.8308441955997123	-2.785582578710793
mgarnet2	-7.0997520192368375	-0.43395230196794327	0.4598742533141556	7.146822421729216	-0.46014679666970115	0.11704616141761913	-0.37223319827599216	4.265989697689032	0.43003725275253407	-2.667684323973007
mgeos-c	-5.259735591332516	-4.393221503078453	12.045126770797093	-3.593653649618278	-3.1100481197241	-0.9847325117058985	-3.85511737223625	-1.4751805061478824	0.44525558285067607	4.09915914066117
mgeos-e	-5.1604104674328255	-4.284331171830198	11.872567447420966	-3.754628261681812	-3.111813454335838	-0.9719381286225247	-3.7320117491830866	-1.4856559079480016	0.5469392763786807	4.882018020432835
mgeos-f	-5.144873437233596	-4.439166733685172	12.017313897763275	-3.590764096209629	-3.1205819337684453	-0.9732549916631427	-3.9495744769415544	-1.4142865676086882	0.5161815184350794	5.084363490897547
mgeos-l	-5.2527656464418255	-4.37690055059682	11.799086947475098	-3.505046092259468	-3.2788740108620065	-0.8082345561702302	-3.8721174296940792	-1.6203027546889077	0.5309883923367942	4.7542981721224296
mgeos-m	-5.439475964449489	-4.0504167439559575	11.81928157329126	-3.4941298120613444	-3.164647751616753	-0.8770895265130183	-4.007891509565288	-1.5771787023431498	0.6496930779260016	4.8714226731522965
mgeos-s	-5.093788188842848	-4.432168362394382	11.896508958919876	-3.661880614016616	-2.9709910104552426	-1.032295961194643	-3.74126695794106	-1.3477602231602206	0.35442476360415964	4.639860477495008
mgfp5	12.27706043932865	1.3618166473098967	0.9701207069964304	0.07961580686345818	-0.12255522299937138	0.03290380858796492	0.07488569519312885	0.5170459474284073	0.6676422963474993	0.757533788997848
mgfpmut3	12.055863238776796	1.3884042163162884	0.9013325522935919	0.025315033938298558	-0.257714672423318	0.3304109560894372	0.25840698383706545	-0.09076896384237639	0.4063017237387099	0.9988418486617717
mginger1	-6.513811183563896	-1.94290408460472	-0.006391216588672391	6.271997036120007	-0.9125944545334087	-2.7086571425705555	0.25529805887602225	-1.1341270555376401	0.34830260694741844	0.052015591359624566
mginger2	-6.5066300422718	-2.7007347794940535	-0.7902888005811898	6.1917031304468635	-0.9307055527895426	-2.3184213957164665	0.4315266026751865	-1.4338506604444017	-0.050220616071718	0.23767482036438697
mgold	12.133775083826187	1.235621133349949	0.6542821640175417	0.3775405624790839	-0.7879416044874521	0.49913935811733035	-0.06421973145309656	-0.3486907726473389	0.6428981567039183	0.8390113689543773
mgold2s	10.272732521162546	0.8168670377868829	-0.6082975534680832	-0.251211703954805	-1.626923267623513	-0.8056212346103317	-0.1530336419224298	-0.5112934286349411	0.2749896918769237	0.7529221425501915
mgold2t	10.079922483783239	0.8786533532656043	-0.7916746236552786	-0.4772604614653414	-1.600654049082031	-0.8894137347927811	0.07685985510727894	-0.29573882776751	0.14824116561721726	0.6532188543219638
mgrape1	-9.042912517747713	13.099763779915286	-4.236335583863892	-4.047867253200319	-1.6091480149797857	-0.41191131588375085	-1.66935182355984	0.3633135885594131	0.592788713359508	-0.7155230383611799
mgrape2	-7.892782662969455	12.228721279174204	-3.4130768147186377	-3.5634370370406994	-1.1613998063572997	0.0656902961409029	-1.561447145022217	-0.3448961986580896	-0.17773788660394746	-0.08136445362935216
mgrape3	-7.576113291290394	11.805795500114435	-3.472778558458343	-3.0682670692341594	-0.9909028538800313	-0.18862214663031526	-1.0513698378779173	-0.10835559377069864	-0.3225063810336029	-0.20958638145842587
mgreenlantern	10.643407208113729	1.7560318727479336	0.7999451766192655	1.0168413327037384	-0.1996724731987778	-0.22468884115576626	-1.3445540847747535	-0.12489754137613536	-0.04288024650006713	0.5840383188129966
mhoneydew	-8.541952165203922	12.309268893616071	-4.312083387804129	-4.448028045267823	-1.0746350170931156	0.06275794175949466	-2.4802525441916567	-0.4530106154111689	0.08537530830276233	0.12076479659812267
micy	-4.220472611648218	-3.6038241015294497	0.9739143772542309	-1.5789276888971995	4.587922308048431	-0.6550374850795564	3.2759136565300206	1.487550989188201	0.21825684236389667	-9.78142087531813
mifp	-5.891890262206839	-9.71589232930867	-7.444947857918991	0.07593577092218831	-2.180974696556919	-6.319832320322643	-2.6186502175522444	-3.5600753857044203	-2.0358240379817767	-2.291366604501348
minigfp1	-2.1571306664997127	-10.778493628416228	-10.017101645846022	-7.602345355120865	-12.67272984780365	15.060213680280556	8.527069640544205	-0.38431038369322157	0.1405104780761736	-0.8112213178660984
minigfp2	-1.9081273963504288	-10.484726903035234	-9.763429780394839	-7.481732381375508	-12.712299009781036	14.604044204891581	8.434798401328296	-0.649920410761695	-0.11492113706405484	-0.6831879711528281
minisog	-2.492005223120368	-11.260065219614942	-11.80734058658831	-8.981845265606704	-15.91534858683685	19.140160264457524	9.657724692866905	0.5261311522865987	0.6187489023272678	0.09410453524438474
minisog2	-2.1993012875410387	-11.333306661094296	-11.34108542228421	-9.675238132550323	-15.958224889175632	17.08208740223581	9.035030067682683	0.3237336387297092	1.1539173998473198	-1.2488133422123202
minisog-q103v	-2.6160348567953564	-11.26219683648065	-11.558562353943122	-8.449658151405195	-15.694075354084525	18.570180999678367	9.521295637184414	0.5296242186809994	0.22929060682888908	-0.1540491301363344
mirfp	-1.9171478846353687	-8.053582597426072	-7.581144772502867	0.19523924905392082	-3.356907781886107	-7.5793895897418295	-2.3051054727217934	-3.282917683542711	-1.504959108364454	-2.1706960255497756
mirfp2	-2.518189497793296	-8.166742809186236	-7.267649778073858	0.27121954542434523	-2.8533149820936705	-7.45505733374271	-3.115942224340957	-3.5571019205640764	-1.408715742593091	-2.3736381867107217
mirfp670	-2.9612204865048968	-9.146436637393514	-8.210753690085498	0.47812013854431895	-2.7683362189338347	-9.108344314607475	-2.402894675017002	-4.1319577940957695	-1.1386307766166017	-2.3608446418841234
mirfp670-2	-4.882394153032664	-10.31167503115255	-9.778748056626466	-0.02798652564558339	-5.051463094091933	-6.783379000070996	-4.064674891277744	-2.3369797285682843	0.5111243884352448	-1.991386030822889
mirfp670nano	-3.8201611611535187	-10.522035672174177	-7.719805960466289	-0.6687647835596414	-0.9289141058942456	-2.294237696353082	-3.0943370762869753	0.5556569939275755	2.707737526353485	4.303057931832579
mirfp670nano3	-2.8953780365027613	-8.165391582856593	-8.073750722387427	-0.4157996782461377	-0.5478467463079265	-0.6617136607602588	-2.0010270622162616	0.44676173983104084	4.111201472009667	5.229973970681849
mirfp670v1	-2.8337317827226287	-9.050396001427671	-8.222368618486732	0.5884554466245234	-2.8551816498798557	-8.742187318191737	-3.042742248735242	-4.111314092750226	-1.2059956463536772	-2.670312674436463
mirfp680	-4.1861139351938	-10.359221597741511	-12.056400408457455	-1.9582867008638551	-5.272540237148289	-10.111935375236268	-4.627547552672365	-4.561589373894777	2.1958376099285757	-1.8034075415955546
mirfp682	-4.145815466712915	-10.529959468796184	-11.940577829454172	-1.7930230967836351	-5.358212001032786	-10.152706938561167	-4.652895815266176	-4.3222688225797095	2.31884693131843	-1.9230759127445096
mirfp702	-4.9160893554747735	-10.153115520375248	-9.579131357660208	-0.15249365176408483	-4.809893986607709	-6.284897471566193	-4.049781960989901	-2.267489286271504	0.3344399035829078	-1.8694455697496823
mirfp703	-2.755146957500228	-9.043068173210473	-8.135013753914146	0.44263715706640144	-2.721482733081995	-8.742620241125616	-2.5704319316532183	-3.928145230601318	-1.2384618369940883	-2.3827590292391703
mirfp709	-2.934481999746841	-8.935750503811025	-8.17026594717625	0.47290749883612787	-2.7172018369111424	-8.610229912982568	-2.2660379393495553	-3.980560554855852	-1.2522429064881029	-2.4117581330006423
mirfp713	-4.116506278099295	-10.010427671442011	-11.931810415847778	-2.178378070146729	-5.120025274493343	-9.779737252488957	-4.599638343807659	-4.43035616953744	2.2271654500497484	-1.705985089204169
mirfp720	-4.207747588688108	-9.942957403705256	-12.028723738349063	-2.010495843801212	-5.17832017134784	-9.733035721686841	-4.444305309718393	-4.422797626785559	2.2159473558088894	-1.7443383874311205
mirisfp	-5.3463248355530295	-4.706322784884909	10.826469567628063	-3.648631184915402	-3.2445618601138833	-0.7082445901151612	-3.505335680817594	-1.784737853065236	0.3423274852872149	4.659595627249929
mjuniper	10.705128685117234	0.9637067759881602	-0.104183622181727	0.39280321440182575	-0.7947811969502915	0.03406934812761468	0.4899157230213673	-0.2550368730829259	0.6062493398789681	0.7525232444363443
mkalama1	10.6509420095275	0.7541467423711592	-0.2523655046936438	0.07600407409398295	-0.509651991911385	-0.07758427550194147	-0.380513552548922	1.400120101449735	-0.5103855545809011	0.18399611051642423
mkate	-7.1700431054858464	0.950822531639449	0.9535773588589521	14.437265543464628	-2.73621302285952	2.744265233003829	0.6710156119014331	-0.7873676423356291	0.3992114695015187	1.2585669030591247
mkate2	-6.794768432867914	1.112336936717079	0.7776138541563385	14.200735417619672	-2.990513951869345	2.4965957203597178	0.07996143868800719	-1.0130896743153115	0.3961757910762959	1.4524810074234258
mkate25	-6.354036428646592	1.157479761368084	0.41685811457097927	12.354196021021748	-3.2340818638759914	1.994996804864814	-0.4180365046901615	-1.320488862162272	0.92429528263219	1.7743814803892066
mkate-m41g-s158c	-6.984255091737754	0.7676089304267943	1.1896400782774392	14.36909091381486	-2.6974827345052588	2.6413153803659997	0.5914120828096682	-1.067624632310444	0.31063795808761946	1.1219280257949213
mkate-s158a	-6.889791773058578	1.1531953275572293	0.8424380404869523	14.480227019194254	-2.7623961618306696	2.4744916282463647	0.6025937926320192	-0.7972754008421593	0.14418599946305996	1.221468231976171
mkate-s158c	-7.199086058323466	0.8450095988274408	1.3465800945283837	14.45280495559786	-2.766084832258069	2.558712810477774	0.626430868732207	-0.9171976371750263	0.2627809684418208	1.0559860155951597
mkeima	-6.796078274010637	3.5824064048526822	-1.4449322180628306	-2.936328492320145	4.16269096027177	-3.3976233731649694	11.255513264764012	-5.288406575825071	-0.9521453734455941	5.095068536510102
mkelly1	-6.883031483957709	1.2993370111794584	0.2285833898413321	10.215932314630148	-2.454970838428358	1.0364120345105436	0.8420487254975428	-0.42503851695299577	0.28535078086625704	2.463241377353747
mkelly2	-6.820127006640761	1.3235189866591064	0.1170646027861985	10.23356003121016	-2.0593901734968143	0.8401456133219866	0.7529258798123092	-0.4356215097296647	0.35408810184294004	2.577581411748249
mkg	-3.9473160679502293	-0.4609985598268577	0.847918266946695	0.09886624496302478	3.2747348261170233	-1.0482398958129602	0.20487596928818613	3.0116638198253103	2.37189373186453	-4.784643089869048
mk-go	-3.841370347278158	-0.6187341128254997	0.9874371685840698	0.261850436031375	3.380061784643691	-1.0929837958738806	0.21344677742147453	3.140160350496412	2.4584768884676613	-5.605989511180786
mkikgr	-6.344683139935046	-1.6104113203324386	6.236242317117766	-2.969931882171396	-1.2104646048236292	0.14055095340441479	-0.0848459784174373	-0.16798180454888315	-0.4179295533792479	-1.6160609746929082
mkillerorange	-2.487769165639432	-7.9755890140343695	-4.704806056658332	-1.091219581350552	1.4203971518662726	-2.5310828714048506	0.7020249621770545	3.5720299949089425	-3.446276223775108	3.930368111082098
mko	-4.249050118638341	-0.12695941271689268	0.7878412073334968	-0.2398534428313225	4.070982271245031	-0.8053700690494349	0.37412527827115094	2.9894607980497163	2.305063333861638	-5.395802935337978
mko2	-4.195453044509066	-0.8393316980610845	0.9058225271503683	0.4335290119554442	3.56432459383637	-1.4205921792217109	0.7314612772349207	2.812289275695834	2.1716169876083544	-5.369697792345199
mkokappa	-4.1384783119311725	-0.5760822246350362	0.782579034543304	0.2745084404018393	3.4352441050990845	-1.2450541174944156	0.3204742913304364	3.1534222142106643	2.365196981421918	-5.308185148725142
mlemon	11.10777562407195	0.9764000115151409	-0.15706522216200344	0.31180577219560873	-0.1823740368799116	0.3130898741468597	0.14626463249657223	-0.07980433485334851	0.0904771468897861	0.32827159984293613
mlumin	-6.994852838180514	0.8315259388048168	0.949226615682885	14.666086703086401	-2.891577333267426	2.7287945149038624	0.7340117281430427	-0.7971947107200934	0.3045955762317616	1.2293198883303886
mlychee	-8.323226084739657	9.114602917229156	-3.4629719421181977	-3.9882709377337004	-0.9327932163889214	-0.2883797160780971	-2.329763472500913	0.7012345928149567	-0.3691505657350431	-0.4724145636368133
mmaple	-4.725365427332091	-1.6363063938360929	8.487222463136932	-4.201497535288154	-0.3752565908884154	0.10427907243323097	-0.995934006917521	-1.4156872182006306	-1.6115472635076264	0.5444133247385875
mmaple2	-4.576937537930196	-1.630564793187226	8.387010971376439	-3.8246219236464114	-0.8086823776319744	0.3577472650119325	-1.2483208127369754	-1.352250457236606	-1.526055119848483	0.5722144814981189
mmaple3	-4.803082491962783	-2.2462199582652156	8.351278691949469	-3.8548551955134975	-0.5600325253128752	0.3664072873062848	-1.3412669913606152	-1.3098055904007022	-1.705816330147218	1.1155375263844138
mmaroon1	-5.320289764854492	0.771100173988666	-1.085899651270341	9.958096522610226	-1.4439933665424847	1.1248913536418812	-0.41473585511259725	-0.8901391992989266	-0.5771447932872296	1.0640650455313596
mmgfp	-4.178876054665365	-3.48116511940589	3.079880114660527	0.3615977404489761	1.2927507567153238	-0.2747366681554371	1.497424164347569	1.690403995282323	0.1887544071845356	-0.014986423395357712
mmgfp6	12.539822701136211	1.1796426075997153	0.7368073398643552	0.04366352418961557	-0.13089117662462688	0.237329974136977	-0.14182151612024918	-0.15337615582238445	0.5085561218651283	1.00315201859297
mmicy	-4.577341999841539	-3.4371784669813352	0.7702606113900146	-1.751408538838583	4.781084060221774	-0.4646048380815304	3.0547631646994153	1.4911260062565894	0.47762148145156985	-9.160262146049266
mmilcfp	-3.77486078090993	-4.6732575349568775	-0.18601215279453903	-0.7663058440466082	6.216371373747434	2.3800324505250723	1.896062204649236	2.387364821244571	3.6817472306045502	-0.8626281648385765
mnectarine	-6.824159789043078	10.61529261999832	-3.950272363552509	-3.2215767578845775	-1.488908023789666	-0.11062404873336987	-2.890855274858402	0.8545571706903082	0.21612459918059224	-0.47227711542156114
mneongreen	-3.196397520681888	-4.062341383801994	-3.848175582281911	-1.3823225410464126	6.274522602442228	2.6743071774231666	-4.861041823768252	6.743169992832877	-2.2843366401551313	2.8532982514067373
mneptune	-5.652629337161076	0.9557053422997135	1.1389402504304127	13.069232448431592	-2.8694406015861498	2.4757939525758985	0.06328541827883258	-0.752347284111279	0.5445411078678791	1.4146169538120117
mneptune2	-5.885817408619879	1.472732002085445	0.9192685768876178	12.541917762484765	-2.646694463920413	2.2417462167863045	-0.04814663665576857	-0.5991925686499049	0.7102591400722353	1.7167303812567678
mneptune25	-5.910188144555658	1.3417703794372882	1.1055573981103186	12.255884858054355	-2.5160861830229346	2.028758370483749	0.17506605992616384	-0.29353146739116315	0.188929596674323	1.8884732671760849
mneptune681	-5.329985659056771	1.3064889491878082	0.590918121742532	13.357180179794577	-2.5125781283053374	2.375780795823319	0.6458736130407096	-0.8784072123305011	0.720892910191768	1.7714806278391784
mneptune684	-5.272770039584163	1.0982865835152142	0.4962571294562063	13.2797157785901	-2.866837831584385	2.566165911327762	0.44698350635190787	-0.49142931703962184	0.18856692013711562	1.6666325934411883
mofpt12	-7.8470451161802215	12.267163686969727	-3.903868209711727	-3.1975090138997873	-1.1460299747315918	0.1814073711981023	-2.203612557516344	0.41522472353676904	0.02101660076772232	-0.3985365161183849
mofpt8	-7.970630614648837	12.365383695280507	-3.5689767236007643	-3.5153967338007286	-1.3427140749684479	0.2868622805919027	-2.548381424587657	0.6774691624461744	0.15510530163072983	-0.531006810182675
monomeric-hyperfolder-yfp	9.833547071156651	1.2906196914377404	-0.007953611284183312	0.3809534574132125	-0.34343099344694566	-0.6897297366974577	-0.6877818118214236	0.7094518430020194	-0.7681402722634224	0.7237782614202107
montfp	-5.350799775892638	-2.6522469133098356	4.645348529478255	-0.01837092212535488	0.9207637640948375	-0.2809956864417645	-1.4599910344944813	-0.28674775710021777	-0.24840749176853183	2.1214896495640745
montipora-sp-20	-6.386516405612315	2.7799810475594597	-0.4053254168492	-1.9372924279514	5.048902378627855	-3.764076123419415	11.941067098867638	-5.24141906465833	-2.578708922209169	5.433166821161972
montipora-sp-20-9115	-6.194459891738526	3.4544325679267844	-0.5780940501670475	-2.4689535959993387	5.036626807847352	-3.7622810277306558	11.878048944306537	-5.739173516965875	-1.9115377899663486	4.9795668409264975
morange	-8.032105972802482	11.63150310798302	-3.8385032229877485	-3.201288307123715	-0.943825219029639	0.6022549344579895	-2.3283316830985443	0.8781967415325201	-0.2232172422825186	-0.6634191090012436
morange2	-7.949385528463053	10.718526706740679	-3.415675478180452	-2.873608280341159	-1.1088742640656337	0.8103509475250851	-2.3824681625151	0.6384997593341615	-0.6744745764130999	-0.2986362358686383
moxbfp	10.21829212259592	1.8670579226362238	0.28131542029125445	-0.7055838849769657	-0.14155685833184126	-0.08867143199337094	-0.7210749263191852	0.22502527298782696	-0.4261385069171467	0.6282466696504818
moxcerulean3	10.192306143570391	0.5902994754803347	0.47823126378943753	0.37422078094670846	-0.8212044571447475	-0.5204544428484676	-0.6625406893855235	0.00047331498825180256	0.5490124100367931	1.3616619469337852
moxdendra2	-5.225249456933431	-1.7187836858678949	5.23975078271052	-1.772444262936532	-1.4722583647451966	-0.6060319364998776	-0.9508241767014798	0.47980100434922673	-2.6061318595461302	0.2350991458758623
moxeos32	-4.917055050481045	-3.803176935231968	10.869583184015024	-3.5966517921229557	-3.406261423990552	-1.2442396621711918	-3.988910691901438	-1.1275945735720847	0.5058717698521621	4.33057256927612
moxgfp	11.09428011269782	1.9466313006180984	0.33316776836670525	0.01379320965329072	-0.33763580803486337	0.1639271606549552	-0.6711329577634553	0.43571019960212287	-0.23101834337464633	1.0519916570578143
moxmaple3	-4.669116573694684	-1.691682733669331	7.299865957663727	-4.3943612235772305	-0.46654316789505335	0.12249022489899276	-1.0624408205224936	-0.8379242882763805	-2.285636402361926	0.8853246607561368
moxneongreen	-2.9489678050090875	-3.8101619789225643	-3.6220885978113118	-1.2566074612085436	5.707946226465929	2.8155894204839207	-4.398975667297409	5.8584092171433095	-1.7065109574556059	1.9852863421646032
moxvenus	10.903121943177721	1.714414326269084	0.6553817035126377	0.7122866932071085	-0.683779765569873	0.5064930376571236	-0.7921071705755601	0.14894072598138752	-0.17579099048993305	1.202892571021593
mpa-gfp	12.540087031997361	1.4366170792193662	0.7717785770796309	0.08068395879677835	-0.14453491414095454	0.5947943444279427	-0.00305439040872229	-0.09108358640953308	0.7875910545471227	0.4676713198520235
mpapaya	-3.8203886891502346	-3.6112263238729314	-0.27064895835833663	-1.102379188004039	6.5669504254107585	2.4288694025616384	0.20302630507129663	4.114766207776062	13.937631330300137	2.8422901149540154
mpapaya03	-3.77030284154907	-3.341757345519584	-0.12986554259614871	-1.5109565984223587	6.5207370127595174	2.5497579911125525	0.46281299801376596	4.384008809138517	14.83473693417724	3.091671516275628
mpapaya06	-4.003585045103637	-3.4674328350964974	-0.28856607337667495	-1.2711357542927098	6.38054085234214	2.860126126764498	0.13729792747320063	4.1748952774190595	14.084196653872503	2.8923006139989336
mpapaya07	-3.800375017931352	-3.3383518482444274	-0.267817378276508	-1.3239694496877155	6.574525191527552	2.508140703951386	0.12297746961131771	4.417684119604197	13.915881491603939	2.9899902137103216
mplum	-8.461441355112742	11.526436948926179	-3.8720584108092835	-3.446452823808436	-1.3254857255857726	-0.04000737012804979	-1.563739892580135	0.8856182749839752	0.30738085292583656	-0.8200158042120536
mplum-e16p	-8.50456029817582	11.491176201174653	-4.164837058399959	-3.5280191030592936	-1.281339097508187	-0.29455999791185605	-1.4032028240262875	0.6936233251173878	-0.11659550465623356	-0.6152505720268244
mraspberry	-8.251883737895879	12.147672307620967	-3.54217665680193	-3.6116621309486048	-0.9871275994013025	0.2851675643561725	-1.5805546380406865	0.8559527799143675	0.09092192275355854	-0.22252667998158768
mred7	-7.602445577467456	11.13601442626835	-2.3722778767292945	-2.2920198298837633	-0.5992030661080301	-0.5283450579188237	-1.358740468134627	0.5772298706904424	0.5188221504076899	1.0347616440817462
mred7q1	-7.398041452901396	10.947668749884619	-2.935308623839658	-2.804011118240494	-0.9418578187633054	-1.0278529214289294	-1.282235961289549	0.16661074679251517	0.11501667045074125	1.183103595358604
mred7q1s1	-7.560233328024954	11.047647691835932	-2.9987050525903722	-2.908369088036796	-0.6244455308332547	-0.8925822677673863	-1.2344122658566643	0.3336602477267698	0.21457804430383243	1.328183132999754
mred7q1s1bm	-7.706875894678253	9.54396460795555	-2.246502344784861	-1.067553560681315	-0.4782502584340351	-0.4867528532964665	-1.5114719897858813	0.8726680402179301	1.4528209890604005	-0.2694180343902065
mrfp1	-9.225220586113528	12.44555112993481	-3.7925562196429126	-4.455633318097157	-1.23196114963498	0.1556975602984833	-1.5580239234952977	0.8566676049703974	-0.021885789206180364	-0.4056021788174777
mrfp11	-9.262870968869509	12.954754625518992	-3.9059580997889505	-4.093297034374305	-1.5908736118561289	-0.13839281792027486	-1.7778068532397158	0.8371555723200756	0.4012729976269983	-0.588079511464506
mrfp12	-8.766387515228066	12.8686531499938	-3.8502808111054265	-3.951861814236398	-1.539297894555019	0.3017867593946702	-2.11029285717644	0.7148625944017092	0.23328681656485198	-0.21725441017584882
mrfp13	-8.397172103677311	12.63818535259502	-3.560559063571823	-3.170548168671924	-1.605769091225328	0.34686585726674035	-2.230871626308564	0.854293165259218	0.274138034144815	-0.41244233571237704
mrfp14	-8.121334268330015	12.637135847428636	-3.7828367387671755	-3.642802222893641	-1.6768222457977904	0.47183387872861676	-2.6283041914892515	0.8887160827690411	0.3158055675977967	-0.5615946697067585
mrfp15	-7.791982059816224	12.484911815830241	-3.996600271241457	-3.571140996920308	-1.7077852309143817	0.5093995508349993	-2.5148664144021815	0.7666212240320487	0.47734120696629817	-0.5447715187439286
mrfp1_magenta	-9.303626769466755	12.764741771091002	-3.64824490623395	-4.166859248705203	-1.5681307957257846	-0.020775154278538405	-1.7163899604743293	0.8726181338994118	0.40215476919950005	-0.42725988264463466
mrfp1_pink	-9.01737058192402	12.424400749804914	-3.637987108025995	-4.081198840406988	-1.4975546824482253	-0.12086799320835423	-1.4424687033644656	0.7635578281819172	-0.08803393663504026	-0.2519538718744817
mrfp1-q66c	-9.123083983969806	12.420406633579578	-3.421391471239252	-4.266827389108378	-1.5132874154764662	-0.12889868851245584	-1.5629337957465033	0.9750716791848364	0.19680460673544461	-1.2029710201915214
mrfp1-q66s	-8.956395744861874	12.38128590435598	-3.5706727554909192	-4.335358938169204	-1.3736095155412265	-0.17667447482927925	-1.4485751206732103	1.1030608027215512	0.10556829276015232	-0.6598558381039654
mrfp1-q66t	-9.081376363935057	12.45891211647782	-3.5431324167239238	-4.030215779150503	-1.2571581878837903	0.018397546716886704	-1.4175942920905407	0.773652215300794	0.15954502960412484	-0.5711857623059807
mrfp1_violet	-9.02062896073876	12.437224090142424	-3.4636719740524686	-4.130865144829217	-1.48881315465035	-0.17781715306681142	-1.3476193705984267	0.792230120186947	0.12445046540107221	-0.2507141910856931
mrfp1_yellow	-8.996285864480305	12.275108457385418	-3.4983859605874574	-4.132137964853699	-1.612851957307298	-0.1617810092519231	-1.6462904037482637	0.7419668273359681	0.021089328367117164	-0.41712673749778384
mrhubarb713	-3.8243267416775404	-10.03924599713679	-11.968104401319815	-2.3183022667162523	-5.148068584959713	-10.023680697648818	-3.9790060404527967	-4.054058913489569	2.2463198067530707	-1.2388877353935854
mrhubarb719	-3.961124301940755	-10.059802781000188	-12.19112197507035	-2.392258757260707	-5.235763024700879	-10.336442562379695	-4.088103010523651	-3.835038257865837	2.043210222918624	-1.2642017727004062
mrhubarb720	-3.911149439085108	-10.00394944651976	-12.091063242641003	-2.2135577939883344	-4.986723984956585	-9.909834360448853	-4.026992026516467	-4.078207181943861	2.3735164939176836	-1.1322636119402187
mrojoa	-7.225446077129388	12.109037794694313	-3.4644246146272324	-3.9483036718436546	-1.5377441288780598	0.3466168301502157	-2.435054646147708	0.6929557521253594	0.9156880376781337	0.44330081464755744
mrojob	-7.513405488151138	12.286698106235033	-3.4461119416011194	-3.7435103789261643	-1.6064977012769108	0.2972214321756818	-2.3796152144399083	0.8815969989527711	1.0602381708693522	0.36394912263320134
mrouge	-7.240181500939597	12.062023071243717	-3.7572761432578874	-3.3037615299794356	-1.3705846299714284	0.4469912025875203	-2.657759989561575	1.275574564081512	0.6492974208485567	0.2638957769219727
mrtms5	-7.082160334414552	3.2833952637104757	-1.796506849851408	-1.2864297170381733	5.826256679816181	-5.580781186424917	12.453769556679443	-4.526114125105599	-1.4072730816147978	4.1280038044579594
mruby	-7.0185646808121875	-0.7481604735897911	0.3252759875734829	6.2093302327245485	0.12778400551476418	0.06762202084720612	-0.13758001843145182	5.109034941170444	0.3404282587184359	-2.843527470731738
mruby2	-6.032302117634079	0.5871555781381476	0.060937855839263345	6.101396776959644	-0.05936673109346117	0.6616734424823187	-0.019662708004940074	4.9323270659058265	0.7676176166572454	-2.6991073427777947
mruby3	-5.891236738598486	1.9141453346049992	0.6743770085752804	6.468444010889719	-1.5279857367041765	1.3346643341999394	-0.2671090044125097	2.7940173662972154	0.39567195900690005	-1.4298245181171843
mrubyft	-6.140285003236562	0.6268640231645263	0.013588782711843867	6.103810084585237	-0.22763682788860545	0.5167143332953822	-0.4205386524131671	5.05985702022416	0.8416236198672463	-2.9888544653560833
msandy2	-7.7879640188087675	11.637788479955432	-3.1663511403650815	-3.6474539601150107	-1.3852440717894592	0.21515458241521798	-2.603579076003689	0.6449668574004536	0.21582430703014965	0.17394915069539482
mscarlet	-7.689900447497112	9.943936673938676	-2.5588775663799943	-0.8898195443730436	-0.2003692430816924	-0.8195119110478438	-1.7705867391784682	0.6045326185647835	1.2858542506022552	-0.05362075388547464
mscarlet-220a	-7.682214241502824	9.832331838403547	-2.507405086676634	-0.75758301438011	-0.22410642976973397	-0.9306148023645157	-1.7260135895447557	0.32371796967077104	1.195273256639323	0.036314841424068184
mscarlet-2a	-7.106185338938655	9.487599377018562	-2.585167108551132	-1.1886316052586399	0.09545348228751474	-1.6759963961467248	-1.5220108618640116	0.5059065859909705	0.9959365933257561	-0.010956417127782798
mscarlet-2a-84w	-7.214988108624031	9.347549280410758	-2.718530182642059	-1.131941239682692	-0.07358227806761836	-1.8936142439120989	-1.5906855306296162	1.2619316426284914	0.8389430678154317	0.48615773403291623
mscarlet2-i	-8.51177426327269	9.722523410617345	-2.5507923204338137	-1.0396436139890977	-0.4989715419627165	-0.8449315963052881	-1.4243717744432662	0.7711753559813948	0.8179871632937409	0.1735128665513506
mscarlet3	-8.32952369588947	7.64698887613819	-3.0687487060544525	-1.2305960222835288	-0.09256504492441105	-2.6679745109441573	-1.5357629540407383	1.913687429134323	-0.23268752397239933	0.3672616595561474
mscarlet3-h	-8.363532841113367	7.699375573011096	-3.151529276634019	-1.4127508201560492	0.051447205003194614	-2.4407819185501225	-1.89725351671864	1.9270158335315475	-0.3411639133071844	0.24078388073579773
mscarlet3-s2	-8.286502204836511	7.38578476766466	-3.293308812614752	-1.6964586778042856	0.38171913800468765	-2.267405216509538	-1.7416658312655553	1.9113451384433913	-0.7577651636706604	0.26206162484668677
mscarlet-h	-7.723467915510312	9.995643024098952	-2.640583064614373	-1.069608695519947	-0.05822728211418497	-0.595269871801782	-2.1273826192241883	0.6176879268010036	1.1787866455445453	-0.17845596414971746
mscarlet-i	-7.6231974630141845	10.117713136695178	-2.5093713256710357	-0.7582738265290215	-0.6365881646552906	-0.8291284025525515	-1.833550763923303	0.5853414660409442	1.4206885342341182	-0.04464520324974236
mscarlet-i-220a	-7.615511257019896	10.006108301160051	-2.457898845967675	-0.6260372965360863	-0.6603253513433325	-0.9402312938692241	-1.7889776142895892	0.3045268171469299	1.3301075402711862	0.045290392059800885
mscarlet-i3	-7.4113591616017915	8.002043507480996	-2.907711777787373	-1.3500076819911349	-0.49347347855080764	-1.773955738393117	-1.0095648296967135	1.7826065702134917	0.3049276609376024	0.5427186256614702
mscarlet-i3-ncwt	-6.537073466559789	8.41957712840475	-2.86165546539663	-1.0646071923492153	-0.6311615046643152	-1.7460872960418354	-1.4241309223552756	1.583637209958337	0.914292142298189	0.3197656758719338
msgfp2	10.833912781320327	1.2137498579265051	0.7869867544020621	0.387860595660672	-0.3957513912399734	0.15532774155833887	-0.14846942452214182	-0.1143013735514848	-0.13806632825028134	1.1701895222783547
mstable	-6.569366607422661	1.0138363243905781	0.7099291605355561	14.55931105114905	-3.0200200041423457	2.198972088988245	0.17514908470627308	-1.3673847001788064	0.4570944967220301	1.5599342439923123
mstaygold	-0.808383004541176	-3.977001821605856	-5.544739235345822	0.6110336591995419	14.306015750511845	10.083988485264555	-7.517719962617243	-10.806821200047192	-1.4900302825609701	0.24233937709518155
mstaygold2	-0.9520955222646253	-4.068995192883646	-5.187187715933761	0.8341447609361738	13.7173008749838	10.012927857685908	-7.105196119993788	-10.77793645667681	-1.8445540804560854	-0.02787456258718724
mstrawberry	-7.006468782592716	11.57160843772942	-2.97343196107282	-2.9460305573461696	-1.6495148710618017	0.33122924654347563	-2.5838562479360987	0.6692149310878626	-0.4498980736521855	-0.7349265555811246
mtagbfp2	-6.212104268435078	0.6175033095301167	0.5572684572097713	12.892009453474886	-2.666749774056223	2.8681081264208093	0.3911587610703176	-1.1055657762157567	-0.5689243957134308	1.8690546171525542
mtangerine	-8.821710299454557	12.484022334982967	-3.405134990458601	-4.004385243974088	-1.7408484927041852	-0.31373562471205846	-1.9665435784401606	1.0814552011086986	0.2991509882841629	-1.5252247601294888
mtfp	-5.369873959098146	-0.35193372122105776	5.296843523883307	-3.6297143954511135	0.033526999717747114	1.218938454109447	-0.32960983702222546	0.1353421765007331	-3.268548525438239	-0.6585754715816103
mtfp03	-4.718831065169573	-0.16960556582769082	6.500889783003451	-2.838188273345827	-1.265984207310623	1.297120379565284	-1.1947917685600142	-0.23676944909430475	-2.2642842404160013	-1.0289680043833749
mtfp04	-4.613032950208873	-0.03350247082797648	6.512387195056572	-2.6809075510163565	-1.51944130396841	1.0213448697749297	-1.2879015390234332	-0.01119116554900184	-2.197978770779874	-1.5590778719778682
mtfp05	-4.661885569231503	-0.2661511465913247	5.9886487071233	-2.7469894455802044	-1.3887780841151918	0.5789455257993269	-1.6706920695635508	0.02034111847349347	-2.608888231346827	-0.9906128563535549
mtfp06	-4.783392659454028	-0.002625729004341393	6.718597680903971	-2.7872612297757513	-1.4809005175505952	0.845937227398291	-1.1384755795455	0.24716765505630134	-2.977596749578985	-0.8762784295829921
mtfp07	-4.849438532409568	-0.24776815545173048	6.173135975920375	-2.6364037681561703	-0.9600391567964512	0.8989282279002306	-1.7218293840757053	0.1616917478677712	-2.835277686598448	-0.9637886076675547
mtfp08	-4.673084153062857	-0.19580956116655526	6.193705770989904	-2.3901832860893486	-0.983466862654001	0.9127573717017802	-1.6465364626844985	0.18923493162141686	-2.6888202088121935	-1.0597975993323878
mtfp09	-4.5191945336436525	0.19519904251388184	5.369354015251625	-2.466080163917432	-0.668421477799545	0.8577198104322257	-1.0695030767191451	0.2420727784729346	-2.8438235827063645	-1.63420267632099
mtfp1	-4.563486134437927	0.39562958685186733	5.309440708204527	-3.0789122097080055	-0.6786720783088505	1.302153070984914	-1.1053190143286602	0.050770289779892876	-2.3183876304486253	-1.486309524312171
mtfp1-y67h	-4.56546636250378	0.03236860704631385	5.2589454817357355	-3.048426273057092	-0.6288131972285742	1.1868333023670643	-1.0854156082804145	-0.010568270612526413	-2.200028267647239	-1.5334811893586047
mtfp1-y67w	-4.607679830671386	0.40462902050848326	4.81586559166924	-3.1644768439607556	-0.8460996289490388	0.877404701532422	-0.958779124046853	-0.2544081848836497	-2.1940322222981252	-1.2236484052860932
mt-sapphire	11.60067349335455	1.3011359640568745	1.023225326009723	0.12256546649507506	-0.3687549209523904	0.24229364746462767	-0.2350688636695493	-0.19106254305168216	0.6884755650801594	1.0440142586188197
mturquoise	12.008999891805905	1.241361404633826	0.7481116935806	-0.046537093726998116	-1.4797597904772646	0.3122772319384206	-0.07523607593179121	-0.5207045756215263	1.059814772030269	1.061362129668702
mturquoise-146g	11.913982748677126	1.3444582213168557	0.8254952736934182	0.025926688002231267	-1.3589840492904826	0.47216281318502107	-0.22213709389230027	-0.4326649987498527	1.1220585278539696	1.046588661254618
mturquoise-146s	11.73973915357857	1.2872417642435192	0.7884881040677171	-0.13692257143968709	-1.5514727298003186	0.5139488659202026	-0.1220310429413003	-0.4882744148937065	0.9914809587009985	0.9078824693295756
mturquoise2	11.86767918596674	1.162892275570225	0.8706390516709005	-0.06690905575117899	-1.4902448403758115	0.43647404199564094	0.005163593131539683	-0.48831809059663184	1.23606308777045	0.9585228832239941
mturquoise2-1710	11.276190721128131	0.9576496651421437	0.3745146241606872	-0.3472162108046677	-0.5113071641751411	0.6102827660092387	-0.21208874545845913	-0.49195729488017237	0.3365589120722802	0.3136017090759324
mturquoise2-g	11.870874278076881	1.0737853541213194	0.9733156437845939	-0.08300288697600883	-1.1811565269866453	0.2613286245274089	0.12695884992442086	-0.5227402310069796	1.0433529992464619	0.9863773895921287
mturquoise2_t203y	12.116866351397528	0.9037123289589093	0.8741093049260321	-0.18158957475081913	-1.4043056777417982	0.34544326773680106	0.06738258414064058	-0.23798484453454014	1.0935885591011583	0.7865859493943836
mturquoise-dr	12.004128660797917	1.0301877546895315	0.8239166672185801	-0.08762066364648187	-1.4189444495305252	0.14314289011678039	-0.23930723672613538	-0.4538652380276465	0.8877776341033967	1.1478385911574633
mturquoise-gl	11.993902607740896	0.9201539266271753	0.7422147087311728	-0.05241964594981461	-1.2840224485461014	0.2162711504594685	0.09706442025891815	-0.6768681839761661	0.9724686598326222	1.00936820731858
mturquoise-gv	12.012194983916043	1.15225448318492	0.8507882856942933	-0.06263092495182837	-1.1706714770880984	0.1371318144701894	0.0465591808610894	-0.5551267160318738	0.8671046835062828	1.0892166360368352
mturquoise-ra	11.940013813649731	0.9690174751687796	0.6459141414741478	0.1041778954945056	-1.7946816662128189	0.37345255350994155	0.15149308183114535	-0.6252834481843976	0.8654366556436542	1.0043037687040284
mugfp	11.375465972902736	1.5475674739708873	0.4349409292525932	-0.11655721446551955	-0.034772029799333595	-0.41714670595355074	0.09528399669770464	-0.16790083419146284	0.016310748419824904	0.40382001394837896
mukg	-5.467483177440726	-2.9594273409966605	6.287811139406907	-2.2213957838374316	-2.0147161397203903	0.8412973446692893	-0.00852165864522546	-0.3035740829747972	-1.3225624534245528	-2.540350526767957
m-velour-537	-2.506353738132731	-5.372726286770238	-4.040890061990437	-2.163692343664451	5.050766727504764	-1.3715391136641797	-1.1454708234765545	5.094419690374076	-6.300347259325403	3.2971958462472215
m-velour-553	-2.4958653910167934	-5.326828892891049	-3.9669001998894506	-2.2036972471671548	5.190595726686134	-1.2974564224876615	-0.9231510945354213	4.936209071949731	-6.307502404247857	3.343564674582776
m-velour-554	-2.4899754831478957	-5.304468149062803	-3.824617502079168	-1.94508493942424	5.04536078805523	-1.2739196223649938	-1.0715822859686726	5.012654040838346	-6.399936686566219	3.4576874577687984
mvenus	12.235639802685027	1.221059620234423	0.879660921167392	0.3880029967415506	-0.9531515663666826	0.42850362089943683	-0.21626784695957849	-0.46013461794912985	0.6054641166709664	1.037155697021868
mvenus-q69m	12.098207524074816	1.071250628543246	0.9387470396425429	0.45152647050030226	-0.7409920337863652	0.2255148884395713	-0.43105401965626655	-0.3441885599624189	0.593766218637424	0.853801753034962
mvermilion	-7.444702599157278	11.676324754359035	-3.1800041748763066	-2.6110615328561155	-1.321106905354929	0.009508468539160299	-2.1660862102578147	0.6142073501457557	0.36524954620617855	-0.400282918316596
mvfp	-5.532540165357867	-1.1706217006068569	6.806723985426031	-3.059907697342961	-0.8939744112664256	-0.0026275755979128274	1.3559721336427701	-1.9425535141692563	-0.36616527278126765	-1.4328389205066334
mvfp1	-5.4446148594177775	-1.399380500697257	7.089987126036422	-3.4211651432438823	-0.4565362756876689	-0.08658173417910059	1.5584695347782762	-1.810794633829184	-0.2583371712778826	-1.0878385976229616
mwasabi	-4.409023098867467	-0.15369836987361396	5.662039256537883	-2.9271581144759597	-0.6271168374021588	1.414019560107129	-0.7527807188986252	0.2049383331281986	-2.512205507753945	-1.5048588522736976
mwatermelon	-7.121393624086395	8.39076145692378	-2.9594898102414544	-0.5577472076596852	-0.308930977388164	-1.2443492961480602	-2.128122016421064	0.010167720473193807	0.9403997472621489	-0.4011904533619071
n1oxstaygold	-1.113764967975224	-3.9994984411694086	-5.504156974084389	0.5316478268077751	14.842398456050445	10.805831403410922	-7.800935520928096	-11.196883895417425	-1.3246460306589893	0.25470272427387497
n1staygold	-1.027745805060117	-4.439486950761439	-5.029791868629758	0.8624850728546045	15.620036791920603	10.84738192380158	-7.90297346302241	-12.479402783187082	-0.6787393021969382	-0.24122620880777157
nanoluc	-1.1124301913951495	-5.836959794652813	-4.953840360477454	-1.2507253649744412	-1.5864869802699086	-2.552111402798713	0.7465680781566707	0.011581110537210788	-1.6506233237989325	-1.3452311681441558
neptune	-5.82744410295357	0.8966263668509483	1.2220505203652685	13.228022632020192	-2.639809232403352	2.28572504221722	0.34696162773233624	-0.47687095317535594	0.49381332108928466	1.2755526016561296
nijifp	-5.4976274561000364	-1.7961097360635403	6.510740960701084	-2.10561865918532	-1.2367926247225698	-0.5928909106238863	0.053720903414149354	-0.39323006375620095	-2.623970563018209	0.433485985262394
nirfast-hpar-35dom	-0.9952482943538015	-6.320669440182241	-3.958121423562459	-4.57843081747729	1.348993841976734	-2.0515202749131114	-2.302655977404906	11.751343364769006	-1.9762722911653714	6.665324829712859
nowgfp	9.898852546735885	0.29789194529308194	1.2317266563850173	0.3690950690444669	-0.19857948085130286	-0.535887599393628	0.37127077993721597	-1.0326993554434207	1.0913792178601565	0.8901164142149114
npr3784g	-3.513053723572472	-10.481284056691809	-8.523143640573071	-0.6124369295019213	-2.7737804608844705	-3.2462339620776746	-4.515474453741369	-0.5161378910439754	2.764659267436867	5.630730727831423
nu	11.496801398279404	0.5873605088784075	0.40737102936085123	0.3279016356434326	0.11275820318597626	0.10937052854479898	-0.20181899444092322	-0.3165890619902942	1.169190079996377	0.3456712521854314
obecfp	1.0553584968584504	-1.084495536377671	-2.686244170974035	0.36401077823957634	5.762377879039677	-0.708573300426711	-0.8817167486430512	-3.734408770997067	-1.495202181741751	-1.163833820968135
obegfp	0.9072763243581684	-1.1289545373384855	-2.195138740538427	0.3002717299136048	5.311327071074224	-1.8273540796545595	-1.3227380755744922	-3.6613860354772614	-2.1281414418991145	-1.1513033451269743
obeyfp	0.8118008822246551	-2.422905189112353	-2.331669849827156	-0.04908404789567345	5.823272319588532	-1.0912958710195453	-1.5324167963167818	-3.839470891608526	-1.2720656319370143	-0.8155733899888358
ofcp	-2.5840971651454296	-5.104888287873632	-3.799505565473646	-2.3246242650121607	5.613311728563611	-1.251552679141088	-0.9744646738738278	4.621644895994594	-6.426372948713225	3.101402773199101
ofp	-4.013764751448612	-4.533242658927828	-0.1366140496663012	-1.5817468118200975	4.830571172687117	2.093429841038697	-1.8425437396621434	3.0633855029852914	-2.89343244313135	-0.9614108833228385
ofpxm	8.51940700928864	0.931621755446512	-0.35622719384813345	1.0442750956572135	0.5859718732489299	-1.8634981066030334	1.2921365708067356	-0.31016969608838435	0.558571808360895	0.035448853062387764
o-velour	-2.1580604415228857	-5.320868766756881	-4.210400720169996	-1.8470905450336117	4.909817849236875	-1.378170353051377	-1.2865300740202716	4.773699565968652	-6.545489826131406	3.1516116832076686
oxbfp	10.292651493866261	1.7252178466831845	0.28973174749513814	-0.8273394677912932	-0.13911395888664493	-0.25184715435441024	-0.6240913516819534	0.21301527083168487	-0.5273647596872524	0.5099073310538758
oxgfp	11.168639483968166	1.8047912246650586	0.34158409557058866	-0.10796237316103643	-0.3351929085896675	0.0007514382939157886	-0.5741493831262228	0.4237001974459805	-0.3322445961447521	0.9336523184612087
oxstaygold	-1.8656936547492138	-4.210612747572121	-5.475185180709285	0.45658522592639256	15.001321761674179	10.922740532231874	-7.8357815199964795	-11.61987802037421	-1.3819113681060309	0.5297374034398044
oxvenus	10.977481314448061	1.5725742503160425	0.6637980307165214	0.5905311103927805	-0.681336866124676	0.34331731529608567	-0.6951235959383293	0.13693072382524585	-0.2770172432600388	1.0845532324249871
p11	12.457819236585072	1.6477502092226475	0.5447489872374657	-0.27955084319446966	-0.13590617428932392	-0.30653415699243775	0.12638321392577315	0.6901638167980269	0.2677899730468551	0.5208176090134128
p4	12.31276359397626	1.2184509552672333	0.5494154856739486	-0.20390029522276742	-0.14740106305265713	0.15882984639781544	0.2112273817521679	0.21062988027542479	0.6175704459360835	0.6307799809083007
p4-1	12.031646183516628	1.0329503483857179	0.7149526624628386	0.1854844792582406	-0.05826592672435294	0.2915162815189887	0.1706878281153845	0.12195347686204745	0.46094959818814757	0.5405054453521624
p4-3e	12.285897044037515	1.59641076185173	0.021469935801388364	-0.6665967556463395	-0.2612751867837922	-0.2465856059214323	-0.0726109040779858	0.36375271059221476	0.6522654885541831	0.8084211912837129
p9	12.299432788129815	1.604480698641268	0.6287399323470242	-0.47319082544337593	-0.26296387561028856	-0.3632673935813059	0.07629210402748061	0.4823438442806619	0.2693785755022954	0.5197995825292371
padron	-5.945439780818885	-1.448398990933737	8.18705611547982	-3.682513432033149	-3.7295774822724956	1.30681025950715	-1.3611178944793414	-1.3958482487081698	-1.2381561802679544	-3.1902258503190044
padron09	-5.7376223508864586	-1.8345326695245092	8.05289478988946	-3.7983434384071915	-3.558892186582631	0.8637636410377563	-1.128887166772829	-1.7088465367620274	-1.1921889894974034	-2.845357712401413
padron2	-6.3543226714581955	-1.5474741375774272	7.439062214802878	-3.2293465814087847	-3.4039079312638236	1.3289869436290813	-0.6277618501429794	-0.7227182766172175	-1.110348762734761	-2.4220219185743668
padronstar	-6.338283551038957	-1.3800744823197983	8.280883150736713	-3.1515490135519144	-3.3608574848590975	1.5633834501920123	-1.1554454314891018	-0.8717788214266543	-0.9986927470017406	-2.6479977065221494
pa-gfp	12.49419764561569	1.2016037264367534	0.6996521422536343	-0.03410595505799885	-0.1271201021709866	0.37745266631349156	-0.0528039914650065	-0.13678292023261357	0.8008352514187714	0.5009893812965819
pamcherry1	-6.990368000629415	10.658239648312856	-2.712214437148804	-3.238574809573019	-1.4801411846014263	0.10017546990566813	-2.357690170087646	0.21837032835867243	0.45620921946110654	-0.2233083063396137
pamcherry2	-7.16931390083791	11.1431594678415	-2.9277745630262104	-3.197036749870554	-1.4996446094566578	0.07215464739407279	-2.0946225522947652	0.07238244306428894	-0.09656522271434434	0.4824544599442149
pamcherry3	-6.9314320114068035	11.35964772585339	-3.72013042562577	-3.236134343458334	-1.3509205663679098	-0.1890347832237317	-1.957443538639999	0.025876460879148536	0.8066970270939631	0.13240798836147707
pamkate	-7.00301872561595	0.7894492693084207	0.6920064526746639	14.440842451920355	-3.172597114809778	2.9752946871723047	1.0703560181091418	-0.5789857037767995	-0.21927339947302277	1.7321257760849866
patagrfp	-6.790109009768834	0.9295464288906568	1.2403351087267238	12.129150831976792	-2.7628043133770213	2.091319720166501	0.29533275059833836	-0.5609753359798056	0.28635430917554117	1.1304088264614482
patagrfp1297	-6.803873552628543	0.7174802784786766	1.386820480304438	13.569275937003807	-2.3123909345810034	2.00697342663584	0.48909083085589294	-0.4303016603380222	-0.15881612494787706	1.1393258350294153
patagrfp1314	-7.384716763998693	0.8824886423090635	0.8603172122958541	13.922713996365061	-2.650151684606048	2.335752763254677	1.2215186660040056	-0.09099183824055407	-0.3241017948446184	1.14439280583988
pcdronpa	-5.930000236779959	-2.080993158722915	9.11318747542688	-3.6242716169502707	-2.9281524680527022	0.6085236310164931	-1.1808037687929314	-2.141282089098547	-1.4712272792826762	-2.2609741074485736
pcdronpa2	-5.686378949387418	-2.189399975127695	8.935175842756754	-3.643254007538233	-3.0074379175063473	0.8278133711357601	-1.330557318897508	-2.2873225748242763	-1.3220052920421792	-2.180225631054547
pcstar	-5.696658524872052	-3.97786756018016	12.149550399749847	-3.404571983487041	-3.3201527635894847	-0.9718155596909235	-3.960278693913312	-1.3574261881889071	0.7748994322282495	4.420485157849179
pdac1	-3.978942532671744	-2.557039238733318	1.569985978012579	-0.7837307325165243	4.832949590928958	2.02254558976475	2.7646184126664823	4.100341032385701	1.57255129380523	-5.726166969672472
pdae1gfp	-3.547633630844989	-5.865166298922445	-2.885252041154465	-0.5491682515820229	4.692572195011675	1.7294683342090351	-1.0043397213431058	6.666817975769097	-7.295764544581781	0.857727240542853
pdm1-4	-6.212345077365592	-1.622199797736007	8.828684899379802	-2.9579028152959412	-3.414555157655509	1.3672630830404575	-1.4587697133970738	-1.879077584672991	-1.441076906902093	-2.9687430622269266
pfast	-0.6249036465457205	-4.3645866299957	-4.771841502708081	-2.8869512991413355	-0.5131586092470397	-2.098005717724433	-4.447474128767072	8.898831247304416	-0.30792769688886007	8.391057529289332
phanta	-5.977707330205352	-2.1548283206176686	7.53840085572142	-3.2438635105186995	-3.0048013790762105	-0.5117935086942297	0.165370826558147	-1.1579673110295665	-0.21240247306217602	-1.9375671780049724
philov21	-3.1948337375081755	-11.541941696095229	-10.92971860776344	-7.802555109258312	-13.614591573103285	16.426650514800702	9.77067463763874	-1.7609595570977712	0.22612143186755573	-0.8102239609117782
philov3	-2.835592928875137	-11.248920520345594	-10.171223418096272	-7.361438657236362	-13.339406102037564	16.120977851823703	9.021476810673636	-1.5590752201980729	0.15347571463034118	-0.48521835126092205
phiyfp	1.8923669746221672	-2.8945317420079073	-2.321180348470896	0.9284363624097395	2.45288348269253	-2.453233388758367	3.0254458707259992	2.188321440757498	-2.4282182189767765	-1.2306543411299804
phiyfpv	1.9249895445447074	-2.83516550857699	-1.7502281965181152	0.20449491376469178	2.217398491730173	-2.8996554005881805	2.666368657309385	1.8239202537822854	-2.378857684241054	-1.3714499300081093
phluorin2	11.796067028753198	0.21980664054287322	-0.007933443278928776	-0.3578867855826686	-0.2259785874833046	0.15216671117393837	0.3413297089079847	1.0712231843620033	0.20619445019235821	0.2100195116371906
phluorin4	11.30418978542649	0.8166213883429072	-0.5199379470996174	-0.2897655188426493	-0.2135492586241976	-0.3491866718672402	-0.12292650862978574	1.3395313461091878	-0.6911074406919119	0.17801756658779846
phluorin-ecliptic	12.162437752101399	0.84688861824928	0.7357792701165073	-0.24134007094255844	-0.4647377305680025	0.03652798949463997	0.4722444229583791	0.6513329081714354	0.4101965518714874	0.9667680935427235
phluorin-ratiometric	11.832730229605561	0.2616075949765016	-0.12433967648273436	-0.46001453194261366	-0.367207090215469	-0.07285592121862607	0.19878435672171638	1.0079056771388626	-0.057754772044019576	0.6111102563807856
phmscarlet	-7.124947574600652	9.645431579422638	-2.6965537948876763	-1.0306311448225307	-0.6128509188520923	-0.8614707962789456	-1.8984361498648816	0.6537104781893779	2.1411173945637554	-0.041523086185313515
ph-tdgfp	10.899277810558111	1.5275773160029027	0.001095637773631568	-0.35028036104549426	-0.14051499193343092	-0.7094180996425804	-0.039310921620614385	0.4267481084662458	-0.6383063343030212	0.9006859890106266
phuji	-7.638021830796935	9.922941217020231	-3.929972193973514	-3.0835033817955595	-1.1498890778506248	0.3954260386315556	-3.570427247578017	1.1961837910333506	0.3104688384036583	-1.1932670854040652
plamgfp	-4.289789814058482	-2.7375013840606033	7.210188905783074	-4.110100613185298	-1.5831000194609712	0.07022529120489714	-0.21569923089598625	-0.8345659495917732	-0.3050111359777156	-1.4664387700046833
plobrfp	-5.470151331709466	0.2661580776736151	-0.13544094829714912	-0.71528642581436	3.0581208354234115	0.09005074741144904	2.858747106937907	0.7366362497367802	1.6685880389706758	-0.16847446838989338
pmeagfp1	-0.7596769503044909	-6.154552166932656	-2.3612080393781585	2.141617903128925	3.084693267766045	0.530846823880605	-1.316273029420827	7.301478535628358	-8.715574412313606	1.6544156930754548
pmeagfp2	-1.4758106707719143	-5.834841676100576	-3.147946458412813	1.5244420645301409	2.9984764231502052	1.3076676645191676	-0.248983569448568	7.887883426029518	-8.959073780838402	1.3685260818466816
pmimgfp1	-0.6875878499577135	-6.001843787660867	-2.438576426955644	1.946421307360636	4.690707460537546	1.439483137924388	0.2905591272742448	9.181792737338942	-9.593513000997778	0.9560687968680509
pmimgfp2	-1.0527251313048813	-5.487102766635609	-2.757535900309165	1.6892537459727186	4.0832575234419695	1.2290979110914764	-0.23673833945379333	8.592917700703067	-9.596759144835827	1.1195104933465156
pp2-fbfp	-2.22266847986916	-6.875842303727864	-11.709806506276355	-3.0360769769867884	-8.44098112327463	-1.7225581354888566	-0.18605128398181073	-3.605427088532449	2.7625123506072646	-0.9210716685740531
pp2fbfp-l30m	-2.171688936930227	-7.005247387328547	-11.931156141658334	-3.480821367661735	-8.451024571037452	-1.7293603511915936	0.023514039339992156	-3.6069743917128623	2.6097815592328724	-1.0197606919320015
pplugfp1	-3.46835757049768	-6.030902461885207	-2.0086189074053853	0.40191884879447737	2.328990323498034	2.1496447903124043	-1.1176837718825317	6.183368459951468	-8.755955219745598	-0.2964956007408539
pplugfp2	-3.49046103494643	-5.889852539276359	-2.651863511572942	0.30726720574689514	2.3770340825084304	3.0465450211097944	-1.2771402762152702	6.079419988594496	-8.5640048041883	-0.027154482369946362
pporgfp	-3.5524786434917135	-2.1459824180164375	1.6613664623589046	-3.763795372959056	2.840994534749817	0.05799589729361118	1.8907121862888352	3.1753763139709967	0.9018525062676951	-2.646745360285269
pporrfp	-5.069930169116646	1.297582207826042	-0.44994390854914107	-1.5925462930086756	0.5231168361320288	0.1477971311942489	2.3838936062131784	-0.5581662742737543	-0.039804027104508935	0.5909866501496538
pross-egfp	11.620765391867405	1.385178671858208	0.1660709695785631	1.2745389801357574	0.3769500204279269	0.1691429090280306	0.7085225874514915	0.08413318586791003	-1.1297153950738807	-3.1736975421482634
psamcfp	-2.5683834616814885	-4.3946604944118794	-0.28614578381155187	-2.5130393406842715	5.923096972219002	1.0973789281615018	2.3175109263765794	4.123583851436514	5.333059660345031	-1.012761061122264
ps-cfp	9.709426842361642	-0.4216889261074674	-0.0871025363738565	-1.4279466845851658	-1.1765193149515507	-0.7585996782731736	0.53405505555145	1.2130308291996912	-0.14044122641745624	1.9703621345121913
ps-cfp2	10.058613714442838	-0.1807812038681561	-0.05440321797320706	-0.8215549088542002	-1.0702322789143113	-1.308783107409542	-0.05286146174395826	0.9413862850448119	-0.025614796039552454	1.4944227986980827
pslssmkate	-6.744347386471289	1.045073628532682	0.1995717304803376	14.100770139910674	-2.656286629593067	2.909637457401681	0.5246559341736508	-1.0029946734770452	0.010436678012343189	1.2441549326368198
psmorange	-7.889762678408114	10.869841013172902	-3.781096397250024	-3.112105025988716	-1.1535106119340925	1.4619708587467164	-2.0813817049794823	0.7594137846800416	-0.7809038977990806	-0.6658204618123172
psmorange2	-8.060990245690508	10.802873833502113	-3.23704515209636	-2.2796392815086004	-1.2156914072520828	1.458271021991753	-2.1621202503251644	0.5576283482186465	-0.540779790551749	-0.48361377107208114
psupfp	-6.581039705873603	3.3515607861727448	-1.2791803632585972	-2.0260358167742214	5.460865363990494	-4.058119326787923	12.53200729865736	-5.35087929463663	-1.8738553760856649	5.354457433753089
ptilgfp	-4.26232175536435	-4.394509956871232	-0.6089533590399566	-0.6235819298807631	1.7377240665066418	1.204662721808982	-0.4936939921029433	1.0126384006191917	-0.44243488052914764	0.6720112396675423
q80r	12.407731207063286	1.3916655538505973	0.5550296121206473	-0.42180195614859955	-0.3651126922449952	-0.06543012190663496	0.2371552958778189	0.40987413239579235	0.3815270609706935	0.5784988131817312
qc2-6	-0.9691510069710281	-4.024040853718306	-5.427254330442892	0.8311936869161162	14.433459779209752	10.184346072903974	-7.384480110132221	-11.194598395230733	-1.635396675764607	0.04610881597248783
r3-2pcb	-3.4808658404429753	-7.9696281531568	-7.977798617153224	1.4248626501114239	-6.48919983586268	-6.181881260812565	-4.41051537011855	-3.43914454051925	5.217689423436515	-6.819188308555122
rcamp	-4.181977032157065	-2.6982144274693884	-2.7549134829713946	2.1966853231360144	-1.331641989362058	0.0001222892239711622	-1.6265249236121901	3.7035790268045945	-0.5612102271253788	-2.9191377563406156
rdsmcherry01	-7.132665917808711	12.67966353365938	-3.7092271221110558	-3.727485649385002	-1.6354101720526748	0.40140142165952053	-2.9242284038566186	0.6391817486004573	0.6697013823827903	0.12169332283735852
rdsmcherry02	-7.334623346390446	12.570645332495378	-3.832792479941089	-3.7948936289473028	-1.531535292691268	0.31027029668658296	-2.4607900206490845	0.5944265548523835	1.2641755717913064	0.41926730753276137
rdsmcherry05	-7.243738681943402	11.990046906152044	-3.870159158273006	-3.756419676853297	-1.0836247523584384	0.3433152272266259	-2.5160407570999834	-0.12578726419651404	0.8856022618782083	0.45423830664332265
rdsmcherry1	-7.294101267538377	11.934324148047569	-3.7846780631651598	-3.566864768707621	-1.0623351812284645	0.2971802198832352	-2.666236686127006	-0.08511738094295754	0.7406473103303681	0.3505232109752239
reach1	11.99509904948201	0.7929456524698618	0.286277090251385	-0.09891151283767861	0.12878039669136532	0.7055818951557419	0.06803671690397434	-0.37045234690177475	1.1248004358685941	0.5783333221891349
reach2	11.9415675646885	0.6795340709574471	0.3894902680490795	-0.01565756305396103	0.04351439449889721	0.5842609741349847	0.2896110864128088	-0.15508857026885423	1.264035516243677	0.487592950687846
rflogfp	-3.509405003328264	-3.521430314196239	3.1172240322071456	-2.1933021871251523	2.0125695349892254	0.050907576489362866	-0.23398290689566179	2.2596213096996265	-1.0956296474539686	2.3268256982702447
rflogfp2	-3.430149755874509	-3.6631321539745008	3.641558008331879	-2.6007713069833445	1.1841738891508562	-0.4532350223354177	0.2199198022964494	2.108145151983584	-2.7383690235227567	2.583568597852782
rflorfp	-4.211822444914849	-3.73930057357079	3.530982946875546	-1.4100366272719105	1.1303957912773959	-1.038569530250788	-0.7882474703714065	2.14402443826143	-0.8297760846396	2.1447046520083726
rfp611	-7.309500464968966	0.11993168640594368	0.5299183402918592	7.858905967497965	1.292831962880657	0.7338098450583451	0.3795255012171545	5.609142175054223	-0.5714879335697612	-2.7751587321125113
rfp618	-7.568649241833363	0.18924280505530325	0.8107554001638446	8.106064015540921	0.8777034719359799	0.6981762635316949	0.049210561410705775	5.753543906906829	-0.6716112836025421	-3.3073463565289734
rfp630	-7.787209556027227	0.21240040320314546	0.7955386425493157	8.072903558284201	1.2905136501996874	0.7225918289654937	0.13183936228159884	5.669902990767312	-0.24238359103981633	-2.8799954472372917
rfp637	-7.5118916256750685	0.11333393390532771	0.4415606810014043	8.06894408456899	0.9344769518011083	0.39878199034289	-0.17473042518169088	5.993871546686131	-0.79327616462263	-3.256431519448067
rfp639	-7.599135560925051	0.16578021768763718	0.5513135024922895	8.587300249766601	1.2391785820564156	0.6788676047404381	0.24256719197682125	5.85150814485981	-0.20956892837680433	-3.306083003180846
rogfp1	11.913861950596543	1.020601375575577	-0.1739215138121114	-0.5405599383398877	-0.5608366059727576	-1.0704853435320356	0.7667804930267175	0.8878856679628584	0.23832310780916383	0.6902931179490588
rogfp1-r1	11.593194291560897	1.0912510031486664	-0.12562423764926156	-0.26668403976116917	-0.6266342017272172	-1.2637604383139842	0.6689175181211631	1.1547705200577765	0.19495628143337068	0.46582514791780055
rogfp1-r8	11.596268858074062	0.8109510138535081	-0.2118023863569299	-0.42432266874467056	-0.612984794343157	-1.5939554842799155	0.5181903050497668	1.1134345963664685	0.2005931676077601	0.27254646273147604
rogfp2	11.822173508569456	1.0247064783568305	-0.07265065245966636	-0.48068525345685237	-0.6179022813500648	-1.0440106574951313	0.732001150853363	0.7055858130258225	0.36119633921473077	0.7963434820147639
rosmarinus	-4.802257071583007	-1.4371149856344618	5.318076036712119	-1.1903265712813125	-0.7587471051012623	0.8958819155087508	-0.13667067790193987	-0.9686572631224056	-0.48081816780974146	-1.0197270238112925
rpbphp1	-2.614018452271063	-7.9532210758454545	-8.319855182150395	0.5233598500523576	-3.0896891639276385	-8.836210154581591	-2.1163954452372855	-3.534592846806954	-1.1230735674290124	-2.0467640417928763
rpbphp2	-4.683829377647792	-10.801616516951801	-11.601735176356263	-2.696961379350818	-4.961637196463746	-10.533085577958767	-3.7630420184189464	-3.0646452810631826	2.338310281808816	-0.7565049871406858
rpbphp6	-4.820919697637574	-10.47001069390795	-9.838136859742857	0.38936982406632836	-4.562513298635464	-6.147287686378669	-3.848601884594436	-1.4988062944480223	0.6995593134729615	-2.2617576112597333
rrengfp	-4.139078180143635	-2.76448005480708	-1.0104932169410774	-0.3006535842572516	0.6492272048421431	0.8284124850581177	-1.7704668604775942	0.25854172817492144	-2.43871802502789	-0.3710638551883272
rrgfp	-4.209582832473292	-2.760569800073246	-1.11708047795896	-0.32964529755613564	0.7208757094276177	0.8163501901522836	-1.9166410666592808	0.025645306138280435	-2.289426077772617	0.01044767603100339
rrvt	-7.635910082000667	10.242309780308984	-4.311447127991485	-2.2890692809755144	-0.24596041562145946	1.1001351397718588	-1.8782786404862482	-1.030519397958582	-0.41946232368872943	0.5908287726123016
rscherry	-7.052276836018349	11.872568833335425	-4.527165445514858	-3.9572901391496513	-1.8561588795708779	0.6100793431997616	-2.9010741656162127	1.7535288849702966	0.7170953249452817	0.5325584609589665
rscherryrev	-7.122267233858099	12.275921037182037	-4.051923068433541	-3.2549561009880996	-1.6318338688333944	-0.2644480033131393	-3.1357790168757966	1.574572951020724	0.7693907883673966	0.2231010309075557
rscherryrev14	-7.187363544128961	11.709658253662669	-4.266964451934743	-2.9468909986914826	-0.6929118931136504	-0.8074337937487316	-2.154856330255131	-0.6213399171988313	1.336227133952966	0.12154251517731404
rsegfp	12.029087686829467	1.366337367024471	0.7132001640986291	-0.10397674981299354	-0.48147430942083186	0.7024108687768267	0.23799966856737714	-0.3191593633773161	0.4886630732323839	0.5782059446163031
rsegfp2	12.184150349508784	1.5753298984764799	0.4786506271655267	0.34464945794623997	-0.38323733549469097	0.6023613848780416	0.30393479545849766	-0.25371801679342687	0.7923616472556477	0.6699263790482187
rsfastlime	-6.062894502366519	-1.4326878899651623	9.006312231858736	-3.2596348320091737	-3.5203132023818804	1.2892438990747208	-1.4193242579991483	-1.8613861922386479	-1.2544438913072176	-2.848717710007304
rsfolder	11.424120735125673	1.875812851030541	0.006976699678911102	0.22472264311707943	-0.1288939751514632	-0.07848317431169184	-0.14564775601976454	0.2920405764771607	-0.21558837636117076	0.7724705072556066
rsfolder2	11.577434147890218	1.770664839422791	0.09348963556917839	0.2587869148427576	-0.42145383403648395	0.0581523818150515	-0.25339265967438795	0.07560797951657781	-0.025188798233870345	0.786838674576446
rsfusionred1	-6.429105224191519	1.2601530455643466	1.0836442771924109	11.924343079078016	-3.0363312527905975	1.4123695406666223	-0.9946945740853533	-0.5526587445037163	-0.011118611776046576	0.713535386258274
rsfusionred2	-6.7045021086716226	1.4360299805006915	1.1303842234643067	12.125284566048299	-2.6469389523252227	1.430490152220028	-1.0939747998068512	-0.6219218319389714	0.017823419992867708	0.49825998285654094
rsfusionred3	-6.755757511792696	1.370902614820503	0.8850791304120728	11.819553381325148	-2.564222422082355	1.12461862925329	-0.9495469455157278	-0.47771326968495514	-0.10289648972366704	0.4554471064617852
rsgfp1	12.029535708906954	1.0200637070175556	0.4727448124372135	-0.23159613203624355	0.007899983830589439	-0.12834701691537542	0.14227055342043285	-0.07781798029365194	0.9466244307662287	0.6494319294866949
rsgfp2	12.136244951337016	1.2657331540314694	0.43451847410829947	-0.18394914699032572	-0.2991609096104313	-0.21055591835674048	-0.035431476911144684	-0.021888906492746853	0.6981332342364713	0.772406679312439
rsgfp3	12.00536201217706	1.3986140247169203	0.46124057596046153	-0.03883616615904468	0.24592396478719855	-0.010188477818149952	0.3799997666541831	0.1735955609423368	0.9653607517959876	0.17898234076317474
rsgfp4	11.927318105027608	1.3043832956482877	0.6632369431216042	-0.1537508450547806	-0.1817830340677196	0.1129091737158115	0.16910726001266893	0.2666408831532917	0.7335062708492288	0.6285163406188388
rsgfp6	11.731480904984256	1.2600198969567156	0.45081833417127964	-0.10551918244009927	0.07220800619079953	-0.08095384310028274	0.671571499113664	0.06670021831177862	0.8040815713992796	0.7742610980059833
rsgfp7	11.855092227821952	1.1522955147807386	0.541522892978217	-0.2459176706627837	0.21327247530370644	0.018746127614027882	0.5870766125660872	-0.2785986022996411	0.9332406017186383	0.7342568435701932
rsgreen1	10.293495219341159	0.9274223713531808	0.7321260847239062	-0.020515782324488308	-0.4917706017253615	0.2572784672038419	0.3235267339893142	0.16151330850740617	-0.1432317277185099	0.606971058354736
rskame	-6.239421232455988	-1.7023267318014301	8.807483640550963	-3.1249728519757434	-3.605988849109089	1.1232704863478473	-1.5498822832770616	-1.8915026099494299	-1.4249518128692182	-2.8605282415530886
rstagrfp	-6.350911441478554	0.5137404723747168	0.6067921218579408	13.625263367015586	-3.1617772361173704	2.9968360809226806	0.726516484927607	0.34564097903580837	0.0899850006803928	1.2136048762565492
rtms5	-7.069095303499794	3.585686976644194	-2.1379966516940425	-1.1521983552871184	5.968827598462802	-5.287310313656751	12.997743190192963	-4.7858984416549255	-1.4122345733542376	4.401382071228628
r-velour	-2.5958948415829846	-5.176092104849414	-4.0391225657858065	-2.1035165487652074	5.158925055990846	-1.349456342774135	-1.0156712302805337	4.977014922026679	-6.499718330860486	3.2929481507503877
saasoti	-4.886572795062494	-2.3640810322747896	2.112396468382972	-2.452725410511174	3.529232269546661	-1.355684076614416	2.2596617050403367	2.8089511984099356	1.930467373795726	-2.4196138020545694
sandercyanin	-4.0544625675526245	-7.24565946637694	-6.520282994982783	-1.879686163161181	-0.3203746223740023	0.0038537228955931703	-4.44196951126111	3.204737882309383	0.3622891956318617	1.6496354964428366
sapphire	11.958531950278825	1.1001696185881604	0.7481809062097621	-0.13868733967097469	-0.005088980969392964	-0.18107172566767463	0.6888219350912653	-0.35273672941542045	0.31693712918433864	0.6721231664271458
sarcgfp	-5.005734676408993	-2.6226033218601184	6.809773342160295	-2.285741575654858	-1.3235680102542458	-0.03985306016411635	0.31075367836952694	0.027610871745833827	-1.6403095084497799	-1.857172785316425
sbfp1	11.945101390208796	1.6273903345455065	0.5519155752963412	0.07083494101381567	-0.6390198696520554	0.3259480408157637	-0.10841106212440077	-0.3892849529625072	0.7571713832852514	0.8922747864447932
sbfp2	12.114988037273601	1.778401365092567	0.7490130259405707	0.0771068537655516	-0.5690308565127047	0.45541192798895946	-0.11717101014505191	-0.3004974908585302	0.7311913815729356	0.7436170593636307
scfp1	11.979797966164137	1.255246642882883	0.47006767223221785	0.4614624052904366	-1.3216472034137612	0.07380819649086516	0.24907249841773924	-0.751920788397602	1.1155690744203182	1.277870659506418
scfp2	12.149684613228944	1.4062576734299435	0.6671651228764467	0.4677343180421718	-1.2516581902744097	0.20327208366406163	0.24031255039708824	-0.6631333262936251	1.0895890727080024	1.129212932425255
scfp3a	12.022317192134118	1.1976063609426961	0.6346205828942516	0.47767184194408	-1.58170276600115	0.32520338844520275	0.2823162269529621	-0.4957566950617381	1.3205203194605328	1.3720617196829736
scfp3b	11.74479983243079	1.04199438309119	0.6121893772224446	0.4274787033847746	-1.6585302967222972	0.2853159067832064	0.1607964199582548	-0.5224201253256526	1.29084460045855	1.4608938076898819
sclefp1	-7.001817814215739	-3.1238045736933726	8.142422925393648	-4.113809744453246	-1.3330779822987413	0.25730882881816447	0.353129097085312	-0.6393257086239146	2.0305022914616204	-1.8712254150574086
sclefp2	-6.943324892133309	-3.1652558591691617	7.427800924129615	-3.37097384563833	-1.1559411027948738	-0.708017093966401	0.8650119678973321	-0.3187157709125953	0.4191786380701284	-0.8293374282861792
scorange	-5.432177871764652	-2.154499390957176	1.0838315464300043	6.601148673368092	-0.5984387984247949	-1.3661298636566583	0.27945135968289875	-1.086971262739085	0.7528647823960065	-0.5330417788061386
scubgfp1	-6.137275204495159	-1.0712965186756358	2.8984296877646	-2.4021849790787817	1.1219438624169507	-0.2533736130525942	-1.186375525600553	0.44671599166375925	-0.9082524517657138	0.6504076749068025
scubgfp2	-4.369094294707036	-1.9128242600328613	4.194412199618388	-2.396699649680478	-0.4807687283154231	1.5513024880574924	-0.13285059112824568	-0.05406320077780818	0.5332158944715274	2.595282893525556
scubrfp	-4.568196912563485	-2.7338797498115137	7.422329149205245	-2.047856942479382	-0.9503778152615115	-0.4995882387316463	-2.2545623934462196	0.004526772612285182	0.5167267123938131	2.262351721392334
secbfp2	-6.346712400303727	0.15024513999461578	0.6883211034889737	11.103105968646112	-2.9639894822546555	2.3681042516561743	-0.014930243251149779	-1.0693242490128496	-1.036479304406101	2.004380351120199
seyfp	12.343175020054598	1.0059781711462856	0.76827617255797	0.15938684073960918	-0.8766897536909942	0.3097292080289527	-0.08761418255529539	-0.37062720117892567	0.6959316301533257	0.9146420313614092
sfcherry	-8.298966863907003	11.76876140228324	-3.482492486743752	-3.5264237873118702	-1.4438287625333317	1.1035988223965723	-2.030175393757641	0.40011371006507135	0.8462211971468973	0.6223295396164801
sfcherry2	-8.309208748825233	11.373490683310347	-3.6030600459155884	-3.2506996894318245	-1.3868453210683966	1.1608029024628808	-1.7546220477266365	0.1342713164361224	1.1369232083025456	0.4259316544647095
sfcherry3c	-8.347482942445133	10.295356362733742	-3.8059222586342867	-3.2632748292511145	-1.6602083415085311	0.7576963238314652	-2.060978630486915	0.0924057463318988	0.8625433668229596	-0.0001998000019208284
sforange	-7.778452025108735	9.955650145612795	-3.2739097440864477	-2.2999993580257216	-0.7567218966643672	0.6729385609099363	-1.764109709678229	0.19892192494904612	-0.16139129427222315	-0.6169921991109322
sg11	12.401611657031548	1.7597651556968328	0.357102978331427	-0.24745068271846132	-0.3958011049261366	-0.2676860579528955	-0.12267254391315847	0.6263467191087414	0.531623724659677	0.6317446627172528
sg12	12.305937197883754	1.6167283192124005	0.26464038691709646	-0.4953686955906322	-0.5245170973163944	-0.02164400208098766	0.03611735984926946	0.34487863265358015	0.7060348861521609	0.561136777485488
sg25	12.311888331224464	1.7085394448171642	0.45488285430387027	-0.1721516721611964	-0.402793460181058	-0.3789667451416491	0.15490376551855353	0.2748751030897878	0.7572120635870306	0.6123197090044437
sg42	12.31207299273914	1.608874142928099	0.06616459869445135	-0.558546295881262	-0.5303081667055081	-0.05761016494733335	-0.09064428986291752	0.1958482168211793	0.7558340840845265	0.6263911298261902
sg50	12.308881008293547	1.5119812607970906	0.10492424590413736	-0.6015420189661783	-0.568431400414655	-0.17216766425499905	-0.17481254650146197	0.117374437503868	0.9099345907197766	0.8806970098979793
sgbp	-6.772345950278993	-2.082360227548469	-1.2457359315175376	5.71345835982851	0.15512638613627655	-2.984669692563503	2.458192204622264	-0.28078835562470117	0.08262052951534796	-0.12602924094569418
sgbp-q62m	-6.848706754936055	-1.7714962987702605	-1.1051892610670713	5.994699192627634	-0.17227361701302915	-3.156538771108081	2.303957455564423	-0.26525392745035575	0.49559916031044277	-0.14712196119474774
sgbp-s157c	-6.588936578931893	-2.015016358862852	-1.3988530321496495	5.810180341084221	0.0831967213920173	-3.1568411998729644	2.768600459397569	-0.3051761713778843	0.16312468627519416	-0.2641057700624123
sgbp-s157t	-6.717204373066609	-1.9587336746662436	-1.3492065272784035	5.637423833261253	0.1051712657642843	-3.023651768574114	2.608710314782796	-0.12676331972550078	0.1145319289389655	-0.17809388468065152
sgfp1	12.031847113955795	1.4729567628214892	0.9605782622859399	0.4313064478915486	-1.0304446234488152	0.632469535414399	-0.07260092115951175	-0.7599849000790111	0.9441917137791916	1.1505439794964938
sgfp2	12.201733761020604	1.6239677933685495	1.1576757129301694	0.43757836064328454	-0.9604556103094649	0.7619334225875961	-0.0813608691801623	-0.6711974379750343	0.9182117120668768	1.0018862524153298
sgfp2206a	12.15584437463893	1.3889544405859375	1.0855492781041713	0.3227884467885068	-0.9430407983394963	0.5445917444731475	-0.13111047023644645	-0.7168967717981146	0.9314559089385244	1.0352043138598876
sgfp2e222q	12.042639293001463	1.596598528159452	1.038394472621659	0.37558271197801324	-0.991607219815964	0.9450057950415874	-0.058027126124886676	-0.43364859646574744	1.1555097314873866	1.0448234267724472
sgfp2t65g	12.29303695749295	1.6198799389183092	1.0568303593985326	0.3779552500664815	-0.9036297066774416	0.7355699747273174	-0.046727658696612356	-0.48966354881504603	0.7958547547428464	0.8962814781146081
sh3	-1.5509220067165403	-10.865327075765064	-11.408337419384766	-7.495162128970157	-14.606425759588253	17.07234304656384	8.47839406470084	-1.076872781821914	2.751685662137343	0.6261070103981033
shadowg	11.484217457494099	1.0860954943091718	0.47607825870629367	0.29073469964337234	0.1849639624401659	0.700402776977081	-0.2755062493739472	-0.5975368492484451	1.1617823475261766	0.6811082791416068
shadowr	-6.5534363741232555	8.07795969707096	-2.6701431523551293	-1.2514364771702786	3.2039066611967337	-0.6757510292775558	2.1071118508416404	-1.7027752320254028	-0.09290244014386041	1.0141274827112303
shadowy	11.09609817128871	1.200966698022913	0.41809060537485654	-0.20545221045918755	-0.02408650030063081	-0.6713181402249749	0.5091527203139414	0.11036677858102764	0.062271508424032535	0.4967325707302576
shardonnay	11.905508331992138	1.0094836619194738	0.5526672634274716	0.03379001931790578	-0.34305868252610666	0.31993960869192684	0.07923177301644978	-0.34637882239040274	0.3753757537443584	0.9920708473837647
shbfp	-5.304921369303157	-3.733907561482278	-0.16083666330413482	5.4379701379203	-2.375253367593699	-2.9011454112708024	1.5254496297699849	-3.381789375011771	2.1137371143788695	-0.6851811526636705
shbfp-n158kl173i	-5.489746196553996	-3.5388239522167444	-0.262506511703856	5.1391696740129955	-1.7070849793393517	-3.1085403328338646	1.6190613335095907	-3.2229817866653394	2.001561197857456	-0.8171019327584469
shbfp-n158sl173i	-5.4179569762292275	-3.620570311795985	-0.11107396588140113	5.236342109287578	-1.7375618718929053	-3.1348438663063396	1.5877532508077403	-3.047383173768246	2.3606437027728595	-0.9789845768082691
shcp	-5.2691458696914175	-3.616968199143919	-0.07926865478684468	5.110564710738413	-2.0816846628494963	-2.9886896544536863	1.8787728589703485	-3.2287740973006698	2.0970499993391654	-0.2733334056303228
shcp-e63ly64h	-5.359577926109918	-3.7716851802231903	-0.24117922202829195	5.3533410601165885	-2.228663352341118	-2.917871551326012	1.5007948139103626	-3.149501818192823	2.047176511456599	-0.7771797617398312
shcp-e63s	-5.323273318151018	-3.630951855385388	0.0359699260993789	5.205197592182596	-2.0222082951761093	-2.9024157122224494	1.589165240120269	-2.8321980125073902	1.8222851221653456	-0.6594404154358012
shcp-q39s	-5.33126267578014	-3.519654388033328	-0.340151093056223	4.952218957352152	-2.041631718444566	-3.090595648996915	1.9223068554196603	-3.040936012429928	1.9848272386383052	-0.5254910060956054
shcp-t194i	-5.084768738656047	-3.4659751096717715	-0.06500075019894759	5.113532600635581	-2.3074105297007907	-3.2749805208339287	1.8128723278682237	-3.3184791139904486	2.1469372958390167	-0.12486109108885585
shg24	8.252370912875417	1.1604606478400958	-0.33681533002475783	1.1421930985578266	0.5061222163329498	-1.7841294233298197	1.2920330064855794	-0.5647625575568916	0.6983062510414404	0.19975444798383352
shyrfp	-7.217104936086668	9.106500082118785	-4.362386019050997	-3.1343263334513933	-0.9318246066753757	0.8374570866671939	-3.6622862972971992	1.8734826708198102	0.9663394143154038	-0.6922820281692014
sirius	10.984514811487117	0.6031455287152373	0.48836298273061446	0.36836055420405844	-1.1189014888643942	-0.06442731623989464	-0.1260493396250645	-0.31517914690453863	0.4513780960014247	0.6111154030986867
siriusgfp	11.813284014161626	1.8175632702854503	0.7816579743442236	0.07489642254599307	-0.9877929279964941	0.004862236813820306	-0.08377819242857716	-0.10034863978262558	0.272540402904961	0.6557550269247163
skylan-ns	-5.334513747495528	-4.276114294201806	11.812648300162152	-3.020108364412551	-3.48690204424716	-0.7026914744243743	-4.038503536468595	-1.657454769879857	0.7376413703117787	4.601658637542044
skylan-s	-5.175536289896554	-4.3313821059993725	11.910070311606924	-3.1769428861696993	-3.1790190438403907	-0.9267528794487889	-3.907653064715579	-1.3849122383511707	0.5610777415791456	4.48722094291462
slow-ft	-7.4687385519673	12.014202388575125	-4.24015826918939	-3.548981885095688	-1.4441993496041274	0.24664028165361881	-2.6983478230270443	1.1196166669054801	-0.3224419418233159	0.11908074493725283
smurfp	-4.83611327333361	-7.8014616458891215	-6.365256693434589	2.490502290028726	-4.944649757284799	-4.189895682702565	-3.8699146723358346	-5.518330341442926	4.0411202560019674	-5.948265947875041
smurfp_25	-4.071438362839684	-7.752065146128139	-5.787249649721005	1.4588075802864418	-3.8330125255097705	-4.908244857679969	-3.8592024703109233	-5.443841030914076	3.6018295807321428	-7.035995725927043
snifp	-4.360467795903805	-7.03477126890408	-9.291168825728564	0.468632758428814	-4.196018214230363	-7.422585206268964	-1.8736957245117696	-2.214433833681909	-1.3409070334418591	-0.7315094945719821
sopp	-2.5427798854595443	-11.467738817388874	-11.402108274808336	-8.691136223294817	-15.726581983425657	18.575358780086688	9.398839554256893	0.1957460784668588	0.5621859706224831	0.014580768938825843
sopp2	-2.6800127286805155	-11.11561652918654	-11.188084349931469	-8.08817213609938	-14.544057016716586	16.934614001913822	8.670901567771729	0.9451039473195083	-0.13474834349040446	0.33666027914300833
sopp3	-2.0582379867963567	-11.763075241052983	-10.69836530284351	-8.077078966952673	-15.595204834933083	16.155740478126308	9.013880404569106	1.3598214473210992	0.5463129669352895	0.3129492258792696
spgfp-11	7.981545690379295	-4.854960924741339	-3.1270234964815855	-0.8751419589624357	-6.577411206514574	6.14060435769003	-4.520057164629876	-3.1805166203220794	-3.527027020234024	-2.376393690606813
spgfp1-10	11.009493989671853	1.6237009393073325	0.5438583615203888	0.015033942626794826	0.7027215812970782	0.5032174939958294	1.5274766510002145	0.18150488928822894	-0.0880253115514328	0.032755970213545225
spiscp	-4.218924622053637	-3.576104709361124	1.3407671314815552	2.794893534956202	1.4107631606953768	-2.268044159250953	0.07667956015677088	1.7837526965968964	-1.2774394965390696	-0.9162434907276905
spoon	11.314495447331538	0.1193732123065499	0.5933230190262252	-0.20124247479877685	-0.3544028315039858	0.009842622563116896	0.1712821333968661	-0.29207561137324056	0.07529682920000648	1.023213708430456
sreach1	11.657810249553565	1.355183836985209	0.37061507780581837	0.18204664379166952	-0.3646491091762824	-0.3596548160391867	0.19545577390497598	0.06384783400924345	0.0931792317790584	0.7583838709834942
sreach2	11.387356935735953	1.2514490479214881	0.4273547699977468	-0.15563773824387825	-0.5175531200760333	-0.3788577779523625	0.27932816195179705	0.12278065849576753	0.1165180332226938	0.5493629936819895
staygold	-1.7760903600459776	-4.668934111730488	-4.981054862527375	0.8012073572251717	15.81136169487227	10.966022324305461	-7.942071043011395	-12.95583519513427	-0.7090918592914025	0.013144764813092806
staygold-e138d	-1.8978318354163126	-4.946439610730979	-4.678537789633252	0.6081979694309545	15.982601256979443	10.84683474336871	-7.560080859414755	-12.901517194316545	-0.8023913011037955	0.0965899104777873
stayrose	-1.9073041206981876	-4.704333093992738	-5.217759166315319	0.8422960490920339	15.776197337030121	11.06510604309366	-8.044487147743668	-13.219042777118164	-0.6268952192174907	-0.07687278519531042
stylcp	-6.377939712033369	2.897140030748179	-1.2538989086428913	-2.5191475226955844	4.993072074788384	-4.108340253655058	12.9236581299858	-5.623999582216722	-2.190414314851664	4.904607511484497
stylgfp	-3.796940749376888	-2.810164050431379	2.334849438812377	-0.7132003190769712	5.489688965236845	-1.4956241997007074	5.025268075404414	5.754521336886349	1.0788411537543	-4.7434058794875975
sumire	11.745845480621956	0.5070833207332417	-0.019095971732231803	-0.19540906492003735	-0.6744365485782186	-0.8652069966736663	-0.2902372797392101	0.9036567123263688	-0.5060644749909403	0.9224347636583334
superecliptic-phluorin	12.161031593596343	0.9527787514014687	0.7326211505019598	-0.07868583131427578	-0.6082069572364458	0.1839923976695247	0.4433697677661734	0.15815415828430357	0.5769777935379299	1.1806205084839554
superfolder-bfp	11.723824985844509	1.5200659892685193	0.16916799025903795	-0.17544074135230203	-0.2603188095408377	-0.4438423829661946	-0.09728497941616153	0.3334697445677941	-0.2433196074154311	0.8797198114125805
superfolder-cfp	11.632856179762978	1.5280065737507613	0.09805963131686066	0.15669865712428707	-0.43859910899859494	-0.5940110004410795	0.09561183796301471	-0.008816287931215642	0.10329539155421667	0.9368813155719832
superfolder-gfp	11.660384881225735	1.7427468084140119	0.47819094357187025	0.031037090698615804	-0.25053553677780044	-0.23910131298525136	0.01002072013356504	0.04720620462726663	-0.27516029279301113	0.7822216976272724
superfolder-mturquoise2	11.10349455279771	1.3574558650606399	0.8132832250115916	0.3364257428271917	-1.355644436666033	0.25671644097179663	-0.10009894725430872	-0.687678895506146	0.5580756876991007	0.8798514288021122
superfolder-mturquoise2-ox	10.781239949524533	1.1182004561465142	0.7686038734488904	0.2848000090121932	-1.5224101545227398	0.35118510655600255	-0.6418772631567644	-0.388610009094582	0.5220036704615142	1.0252890695650714
superfolder-phluorin	11.001079720151989	0.9715247229162491	-0.4834129468463961	-0.16013104877173223	-0.06388292430860402	-0.4436778070005581	0.09455936723480321	1.2975290939783701	-0.8152078364418965	0.2841026060274482
superfolder-yfp	11.927420977638958	1.5139079160204292	0.458779079748495	-0.06688091220199704	-0.1706858798618208	-0.3184699962584657	0.010124284454720862	0.30179906609577367	-0.4148947354735562	0.6179161027058263
supernova2	-2.4826839877338	-7.35859110109054	-4.854627928642694	-1.161637942374997	1.5099387590497628	-1.8625615921875716	0.9272123336926906	3.4751522314084844	-3.6942572954822226	3.165376048840634
supernova-green	-2.5649343154045403	-8.231987266796867	-4.5509672499473455	-1.2391112859396995	1.3915443608582343	-2.444020675856474	0.6611214471647928	3.4363324073180386	-3.393315373385531	3.8534573979395437
supernova-red	-2.514453245437642	-7.491543475156939	-4.274180132881404	-1.1184489443498902	1.6383454247328033	-1.8303384778719185	0.9714778316476474	3.395890819485751	-3.504815908144746	3.652140215604872
super-tagrfp	-5.431642518043234	1.7253623203398234	1.1667805696003044	13.33692971802633	-2.4797340890893502	2.4405259244155872	0.5634394043915614	-0.19186332125162234	-0.3665219185958256	1.3815273619587691
syfp2	12.40552644974984	1.3720706507814848	1.076758371811621	0.3942749094932866	-0.8831625532273324	0.5579675080726316	-0.2250277949802296	-0.3713471558451529	0.5794841149586505	0.8884979699407057
sympfp	-5.167271920706284	-2.665139393873839	7.826957395598826	-3.325188207130149	-2.3217325470699217	-0.47942810991125884	-0.9060618501192165	-0.8753896593223766	0.4936878501396276	-1.9396047152970843
tagbfp	-6.459098733976076	0.4616126271548104	0.7437680754062928	13.395103463895902	-2.7531956223937333	2.5607373137673197	0.6768329942408899	-1.2846592081357733	-0.7609120290432979	1.6518834000593463
tagcfp	6.22934749845242	-0.7641533403060097	-1.5705426365809836	1.1211902925163473	-0.10771833338014829	-2.4030297206160145	0.5721467106194056	-1.62037735883971	1.000014513550541	1.2613904070648934
taggfp	11.517562063074061	0.7856056280652033	0.8041642797327948	-0.14373493178455934	0.00274122312904431	-0.7207036080438584	0.5185141480277872	-0.5247243749340542	0.4631405178284122	0.7540740334131586
taggfp2	6.67128855428407	-0.17191108866969118	-0.9440056736411945	0.9784328802724721	0.27110074919304694	-2.7500439918532424	0.6254622241796639	-1.8189479125555121	0.28987846489866576	0.31440149525208655
tagrfp	-6.5443708353571655	0.941029116024523	1.4721524220966085	14.205871807174837	-2.68583710730444	2.491935235125566	0.9255004079309973	-0.5267303602449754	-0.08736089686646188	1.1961863348058517
tagrfp657	-6.776756012227588	0.5368151906223627	0.6759315007843627	14.106973981792347	-3.0303741624449207	2.6354234296026493	1.6751797479477422	-0.6161721197910086	-0.6503970151600016	1.2842600384480232
tagrfp658	-5.86781825788943	0.5628636707595585	0.3482309907657996	12.510830250923725	-2.9381504441399486	2.2088591688086296	1.5533396891417044	-0.4180870133080882	-1.440631990372042	0.9440159313615752
tagrfp675	-7.026533037718011	0.7981857420953203	0.1099261567042955	14.147022563242796	-3.5425598381869907	2.998173665776929	1.4102299937056757	-0.6171895656698992	0.018430067022016085	1.5658651414383904
tagrfp-t	-5.362759189561388	1.4545932108699515	1.2474761512628416	13.310867310481045	-2.559412210229171	2.5980568093428786	0.4554332642978301	-0.18998512940522733	-0.4353821238205109	1.324295357645039
tagyfp	7.977629009288876	0.5524654811325916	-0.48746157108983584	0.8579811799271931	0.47376899673787354	-1.4986674228025065	-0.08833391763357383	-0.61646782643572	-0.10101990997825706	0.6470214498638704
td5oxstaygold	-1.1701881818908924	-4.0148923569994235	-5.616696883318369	0.3553990413748262	14.20674043192206	9.84212869588505	-7.786244466349453	-10.27313282455746	-1.0157909066207798	0.40842848687103256
td5staygold	-1.090211687445029	-4.423972582859784	-5.175654946428733	0.6629956544348921	14.929751281388114	9.88076037806644	-7.88111445383383	-11.465557410293707	-0.4152577913151564	-0.052662463308182146
td8oxstaygold	-1.1033368949714473	-3.7882804890526205	-5.495645246862534	0.4158890271946096	14.0011981984581	10.024904453043762	-7.613463277541218	-10.475166618849663	-1.620562144966487	0.24487691720994884
tdimer212	-8.134062555382318	9.981452967168563	-4.650390150213303	-2.996760933406646	0.1221870249694969	1.0947625386692283	-1.074041260444134	-0.41189956550291545	-0.9188949707620548	-0.22350299955801645
tdkatushka2	-6.955810166230323	-0.11227417624686255	2.414178426085705	12.869116699059234	-0.6283895586255926	2.585294297799884	0.9864572943141932	1.3410629013342064	-1.3880640461722273	0.6414000692502144
tdlanyfp	-3.4241662609851438	-4.626017172247566	-4.041433463690641	-1.9162077863140128	7.773103691947167	2.7429702665980273	-4.946625132392462	8.60212514259423	-3.1131872329178103	4.608920602020557
tdoxstaygold	-0.8390529636993801	-4.241600954022638	-6.363661760723368	0.6055220676732721	13.182040501014923	7.801127629009877	-7.414719919704043	-7.948487216175797	-0.8414555088288821	0.010148046052130792
td-rfp611	-7.236861625303369	0.012157943485310373	0.6261993553256543	7.985588080064334	0.7024629049120776	0.6090868383744444	0.3656865282125774	5.742243179494869	-1.1010980001230573	-3.3542010837756115
td-rfp639	-7.745057035453314	0.08116407291484562	0.6323777599115546	8.680821905076254	1.061619702351543	0.5785601634903361	0.311357019843137	5.900968233160939	-0.3099513023673759	-3.4577744455522597
tdsmurfp	-4.5899311380780965	-7.007940594412954	-6.676821402433717	2.240896322615501	-4.141460204334282	-4.042606067603986	-3.9879598496822015	-4.955237787231359	3.258817896882188	-5.265228933716234
tdstaygold	-0.7724288271902618	-4.582383792777225	-5.996253331369519	0.8617643408592832	13.784342138091622	7.833309615543085	-7.493751028038708	-8.941832309973293	-0.3411835160441648	-0.3739621430816682
tdtomato	-8.187952790858366	10.42449125817299	-4.353373318202258	-2.323302149402849	-0.4148279321669189	0.9230757104167635	-1.6769731040114662	-0.6937345463225474	-0.3163488825433153	0.005442520044249807
tdultramarine2	-6.641023034334605	3.4716318184170007	-2.5505703152773602	-0.8798347741837593	6.019208478500112	-4.635179107931071	11.690780824778702	-3.8704977173805046	-0.9507120825496155	3.706554308407499
teapc	-2.918291384137522	-7.2911318751074905	-7.729581338128171	1.1248771984662786	-5.808591371283237	-5.993066067479091	-4.5849343331897465	-4.39492820576699	4.574906401896135	-5.426765322235272
thermostable-green-protein	-5.916099689420574	-1.5568273360365001	6.47574569267455	-3.1579391786572044	-1.3309715352145262	-0.2462206018919501	-0.14061812291094428	-0.7336810020638523	-0.5149487684246987	-2.7815843493432144
tkeima	-6.54456105649309	3.343910987684069	-0.459011275755628	-2.674890502527833	5.078631732852113	-3.6686723884312062	11.761365250643749	-5.405688820153241	-1.806572504864207	5.079716757657866
topaz	12.067493433200523	1.2462375032480533	0.4353192784801608	-0.18739972955147954	-0.8750121516575583	-0.2209252240604777	0.11297338806121658	-0.2701483178610123	0.0845478245043953	0.7498894884262494
tpapaya001	-3.000336512464433	-4.1781783752425445	-0.10628663746413193	-1.3942930935134012	6.870446260770979	2.4590767428724596	0.21519640484084596	4.261706260678858	14.577728359408802	2.81474172151998
tripartitegfp	10.521780612173798	1.0551653415592848	-0.2837382311146337	-0.3534830486057422	-0.5944363530445337	-0.15562848414938985	-0.38456735450403756	-0.1580842718796365	-0.14743406069507917	-0.888280816168928
trp-less-gfp	11.020730627670682	1.02429358267865	0.9856963802081414	-0.3293693554422135	-0.9331972696842736	0.48659494716147145	0.49100954008656245	0.12431831329078871	0.42894100791316064	0.6027578876331461
t-sapphire	11.554784106972873	1.066122611274261	0.9510988911837255	0.007775552640296295	-0.35134010898242124	0.02495196935017985	-0.2848184647258331	-0.23676187687476177	0.701719761951807	1.0773323200633766
tspurple	-7.221738850614684	-3.063604244940366	0.513856000817621	5.167773776521393	1.0880977953042716	-1.3142632392289721	2.03462936350463	-0.10834851284465627	1.5219100235709957	0.6607393849538951
turbofp602	-7.233823862153651	0.2950104080737189	1.3365424344352874	12.166996786029854	-0.7326716246191856	2.238723613546826	1.119786559454572	1.0457928274762083	-0.8555832918785738	0.8399337984745964
turbogfp	-3.388449052100989	-4.988322367994753	-3.719094414881059	-0.7654270283348317	1.9525685135732844	2.4799564441195647	-2.078534571487553	5.900784109638045	-7.463549994003752	-0.43020748634315786
turbogfp-v197l	-3.645321171370706	-4.846921339829209	-2.959631211887828	-0.7266672251519869	2.461097873172434	2.718109616262415	-1.402675275639943	6.278455238846317	-8.35103050341972	-0.420362630230904
turborfp	-7.104276634900973	0.037278843031691565	2.509742721545588	12.585900423956975	-0.35578868044521905	2.4968693171490823	1.032016722169961	1.432904198845816	-1.2166801094335136	0.8001366530797388
turboyfp	2.05634513524247	-3.1620116819171993	-1.7675352765034558	0.4457419862526217	2.220055938324121	-2.8468641041526097	2.483540579997614	1.7047301534569057	-2.2022886513978204	-1.077131955311878
turquoise-gl	11.948013221359226	0.685140573844563	0.6700882739051749	-0.16720955980459257	-1.266607636576132	-0.0010705276549810075	0.04731481920263416	-0.7225675177992458	0.9857128567042701	1.0426862687631369
ultramarine	-6.796100386360518	3.5786337318130537	-1.5817289390197773	-1.3135047930719486	6.285224396083322	-5.133489696423611	12.421142493574271	-4.600063820296556	-1.3726676858586038	4.051844338649017
unag	0.08424089609493747	-2.02123644395247	-1.975087451589738	-0.11071005133630593	-3.7220234457936807	0.49021436610048513	0.36371754766993236	4.247398627243494	-1.9877545896441622	3.202310652982062
usgfp	11.300254674304792	1.5107368429328725	0.4440255752632793	-0.11314394331553634	-0.203641941879203	-0.2960463813982998	-0.0029610407074228645	-0.11779714515184879	-0.10463031303561783	0.5470135838499477
v127t-saasoti	-5.088156693369306	-2.3363197161873117	1.95630859837341	-2.607542065178975	3.678113444224107	-1.5336891196923819	2.1080717134192093	2.843197790774354	1.733680778107373	-2.075857895935667
var1	11.340287427594916	0.7516910482682491	0.6326634915606737	-0.14463434211631818	0.5428139597471922	-0.153368873860151	-0.0052990649051298635	-0.06972302383514699	0.38713798633877994	1.0555245623864065
venus	12.189750416303353	0.9860462674518097	0.8075344863413939	0.27321308288677265	-0.935736754396714	0.21116194278498887	-0.2660174480158624	-0.5058339517722095	0.6187083135426136	1.070473758466425
vfp	-5.347216070161761	-1.3795480104213926	7.043438069825791	-3.201594211015143	-0.5834176323261414	0.0045116504749603175	1.4490467637581366	-1.8353604412451545	-0.4053771531939369	-1.3147725216164563
vsfgfp-0	6.247151763675738	-0.931657567605816	-3.0719869628810574	-0.01123849871628349	-0.5428984812640751	-1.6393708838998458	-0.015418676576707096	0.7032482517258564	0.6119486195539252	1.5921750592214508
vsfgfp-9	6.427466319972951	-0.6666239809090876	-3.066416792067801	-0.09481760598126682	-0.6034143560744641	-1.6942088214125672	-0.35477141871772344	0.869181203758509	0.7517664009643923	1.606968093517972
vsgfp	11.494635373959227	1.6529167534896956	0.40266273930039725	-0.18679648726904816	-0.2529285527781377	-0.13147233417728668	-0.009808426678485532	0.009261150088774586	-0.3239803760452814	0.5294860439038972
w1c	11.816172725637522	1.253344567359507	0.3215616014489774	-0.441044360205957	-0.9404211403973887	-0.5593794160682883	0.3360747023955611	-0.4121217680448846	0.545249868053804	1.404520074423889
w2	11.704045240678855	0.41175811152091024	0.41106924618697277	-0.10319122485756616	-0.7432456553078094	0.11946742121307048	-0.3423244148781012	0.33818518234992356	1.2242920483009105	1.3580694616995825
w7	11.997778898989411	0.6119674014649379	0.7115248562967325	-0.31041838710101227	-0.7151032965700126	-0.25005571760153844	-0.2572005829373969	0.39069135971592706	0.8872567465752147	1.1728100965297537
wascfp	11.529843347453452	0.8037016405763858	1.0487900606476195	0.34435880381173106	-1.0497279822913121	0.2060276623575113	0.2233883123857858	-0.5408326525639541	1.0027169392834012	1.388714730813289
wi-phy	-4.4117449160690985	-6.825610911698322	-9.407611252429644	0.26692223549830135	-3.5610437069410916	-7.207618986481797	-1.9910410591447878	-1.9689887022672383	-1.8398727930156005	-1.0849850137145465
wiphy2	-4.410365140783099	-6.875196484229017	-9.218805245099215	0.5687187337781532	-3.7767931437428848	-7.355544838119708	-1.8585102833931195	-1.86460274454047	-1.7297149265776437	-1.4366037046193276
yegfp	12.103516962400711	1.2798155619722398	0.7298093574278925	-0.05231864761597858	-0.2616190249893497	0.1721297585727167	0.01564780279162577	-0.060411336412188155	0.5426027600242231	1.1294475863466886
yfp3	11.649045201121597	0.8508227262979247	0.2709072554909478	-0.6539358061094442	-0.3051265206763179	-0.2874480400618991	0.6433773548203507	-0.5405622514449115	0.2317409476156096	1.1414005255145694
ygfpdp	-1.597638105818438	-8.05750706114879	-4.233484057391748	-0.8858087646532424	4.590535845056916	1.2220024074608253	-2.738327660941616	6.910315517336625	-5.356370613082874	3.2240782905674736
ygfpuv	-1.9099538530812556	-7.987238231129854	-4.29195899606078	-1.3516485248938583	4.763890947732955	1.8835736337331188	-3.17041448049093	7.607984446256796	-6.141782237565672	3.198822230951802
ypet	11.956239241444534	0.9589054061045434	0.7329213086588627	-0.19069601626136906	-0.4913913842007142	0.3468888240132661	0.3401598577557329	-0.5765211493796846	0.8182409184809812	1.0784773127580576
yuzufp	11.186419754455027	1.8064226088266329	0.20963506877105353	0.22224135376920245	-0.19020903576808837	-0.2510303226776749	-0.09546035810196915	0.27170067727878716	-0.7243475986032598	0.4807336336708388
zfp538	-3.879700446160357	-4.7313567953084625	-0.10972130331507943	-1.6207061859057095	7.408785041289409	2.2519917071079227	0.7939815852316885	4.221122040050471	14.869152038855551	3.4352017616195796
zgfp	-3.676408470300337	-5.437772179540979	-0.38899162210171856	-2.0471574222598	4.887262833395164	1.9300262914261677	1.18423681566256	6.165196228226057	11.982522851810902	1.4602310186583074
zoan2rfp	-5.569921062121087	-6.658623266170467	1.737429588473205	-2.6102499366396983	5.439001384756602	1.6260466429242957	-0.6040609282517505	5.439938023707887	13.773944575804792	3.2386255759351363
zrfp	-5.343342324090891	-5.44855638421477	0.38098809559384395	-2.9657440549615606	6.701991791429997	0.6658167069531795	-0.42228008535757283	4.675751826530426	13.629420711243736	3.74269890151336
zsgreen	-4.896530457339573	-5.7329964396767	-0.7395510071487361	-2.3726825200962915	6.168668941735323	1.7661457358611472	0.323092505822437	3.2784832509792996	14.03439816099389	3.1169076155971545
zsgreen1	-5.223665775494045	-5.348801753949902	-0.7245678805354387	-2.171173695693709	6.089427403805621	1.7835023516885524	0.13128074064612488	3.053149414845229	14.359892076167647	2.986776880081644
zsyellow1	-3.8341297994306616	-4.92267738683284	0.1848650374513819	-1.4309124394631727	7.154820181341383	2.410533753815782	0.7983478772516875	4.301022767870536	14.982205603829433	3.3292089476080244
alphagfp	12.16495045504359	1.2389071761143493	0.5906826339882163	-0.5010958275798938	-0.39580619055677974	-0.19566461152934908	-0.06953971455353782	0.3513587958128433	0.34515015781320285	0.7502998382736628
